t,route_fraction_hyper,route_fraction_iso
0.023529411764705875,0.0,0.0
0.04705882352941173,0.0,0.0
0.07058823529411759,0.0,0.0
0.09411764705882344,0.0,0.0
0.1176470588235293,0.0,0.0
0.14117647058823535,1.1147452943128774e-149,1.1047337054829221e-148
0.16470588235294148,5.223502770231853e-116,1.0791106726925374e-114
0.1882352941176476,6.494517865569481e-91,1.853970215521874e-89
0.21176470588235374,3.0238309767631828e-71,9.048032876272364e-70
0.23529411764705987,1.7978987028230636e-55,6.841015355923103e-54
0.2588235294117658,1.5730851560081287e-42,7.87883552911408e-41
0.28235294117647136,6.334482578577135e-32,3.842605584244933e-30
0.30588235294117694,2.0912421147004609e-23,1.6026179662372667e-21
0.3294117647058825,9.388755262597366e-17,9.77800572564173e-15
0.3529411764705881,8.383158899218286e-12,1.0691264129717114e-09
0.37647058823529367,2.604242409033957e-08,2.3448036363629647e-06
0.39999999999999925,5.1668007603100145e-06,0.00017110704525735693
0.4235294117647048,0.00011057978392871879,0.0014444150891751086
0.4470588235294104,0.0005539059878826659,0.0024597895128905434
0.470588235294116,0.000941038501794408,0.0013905902266266028
0.49411764705882155,0.0017395781130660729,0.011123696494177184
0.5176470588235279,0.005640499521887671,0.02311070215652074
0.5411764705882346,0.010638360738363661,0.012192215480280636
0.5647058823529413,0.011701894377124426,0.02453467665147433
0.588235294117648,0.01606921148684282,0.06006628809751462
0.6117647058823547,0.027453197793637477,0.04724468779172923
0.6352941176470613,0.03821645467357083,0.0351947904926347
0.658823529411768,0.0354085597663008,0.07411646206581424
0.6823529411764747,0.034458641862343146,0.06925244294756018
0.7058823529411814,0.05560089877043252,0.055120867787739905
0.7294117647058881,0.0735673373817796,0.06694914528190683
0.7529411764705948,0.04537641836082062,0.06572120367224464
0.7764705882353015,0.05926206883978222,0.07214813810668483
0.8000000000000081,0.1010787269673483,0.07624793851159113
0.8235294117647148,0.0760678014919662,0.06192047602098464
0.8470588235294215,0.05036422626579973,0.07092301675813684
0.8705882352941282,0.08206934295025026,0.07085270176204311
0.8941176470588349,0.06891450504080847,0.05858715946927578
0.9176470588235416,0.04044728022702956,0.05177099621185779
0.9411764705882483,0.04248351326249967,0.03842076416575158
0.964705882352955,0.04058700546431649,0.037164217712281095
0.9882352941176616,0.03177651217171362,0.03658302557814821
1.0117647058823682,0.02780980467297099,0.019928392761636143
1.035294117647075,0.0262288332508457,0.01916674735719416
1.0588235294117816,0.023395577467726705,0.02221266923174433
1.0823529411764883,0.021117838094253376,0.014583166287399946
1.105882352941195,0.020530622785968088,0.016926502079182188
1.1294117647059017,0.018689271403362386,0.017301077069389905
1.1529411764706083,0.015648665886421925,0.009556066564317962
1.176470588235315,0.016579296499924942,0.012807136412670006
1.2000000000000217,0.022710407392965308,0.016530875140135865
1.2235294117647284,0.017502390989802896,0.0065490234820146246
1.247058823529435,0.01524887782840046,0.007904561231977006
1.2705882352941418,0.0174359660951492,0.011148485036805631
1.2941176470588485,0.0161000743770476,0.002445311725181985
1.3176470588235552,0.014491408828641767,0.006588569923596091
1.3411764705882618,0.013492085218636974,0.009464288663614397
1.3647058823529685,0.01014348141094052,0.0014667740136335187
1.3882352941176752,0.007018868095861512,0.00600927063533834
1.411764705882382,0.007929858865758596,0.008090396332567844
1.4352941176470886,0.012573231152019197,0.003704001614345299
1.4588235294117953,0.011598597289601784,0.007382371417680756
1.482352941176502,0.00443853745052927,0.009604822089777804
1.5058823529412086,0.02435244882122356,0.012784939051889033
1.5294117647059153,0.04819896225866643,0.01482271077112003
1.552941176470622,0.021041253912355375,0.016170305608890722
1.5764705882353287,0.0323522070370685,0.0321558390299621
1.6000000000000354,0.0823008437664194,0.031189219260593027
1.623529411764742,0.062164950797275,0.030416538112345407
1.6470588235294488,0.03263672325819321,0.04900074731615489
1.6705882352941555,0.07075025211529189,0.041106972488702126
1.6941176470588621,0.059935852276950835,0.03915666710690981
1.7176470588235688,0.03338085621373992,0.05174804211635106
1.7411764705882755,0.04397736844723479,0.04814287411337846
1.7647058823529822,0.04178868046678465,0.045838727532585485
1.788235294117689,0.0307529402015729,0.04905091367550834
1.8117647058823956,0.03776685658191471,0.055640503972357556
1.8352941176471023,0.04279553870183774,0.06264958845424877
1.858823529411809,0.03705612808569529,0.0439673668722322
1.8823529411765156,0.03995376710097183,0.04996236145335066
1.9058823529412223,0.04375047025235165,0.06597432249044963
1.929411764705929,0.042587372953305905,0.043470008636231135
1.9529411764706357,0.04454601623010714,0.02761400346157138
1.9764705882353424,0.04411145188204399,0.044878396750376456
2.000000000000049,0.038851085459688205,0.03672342798946094
2.023529411764751,0.036630171066070145,0.021718643793916456
2.0470588235294533,0.035296638165693346,0.027514541226082677
2.0705882352941556,0.03077011329219609,0.021010845181501092
2.094117647058858,0.024932356651166877,0.013873796415403294
2.11764705882356,0.022045061305307066,0.020280103795387295
2.1411764705882623,0.017725854131599886,0.013970073420503895
2.1647058823529646,0.01187517251678904,0.011157171191140127
2.188235294117667,0.012635503344479089,0.01637184227775817
2.211764705882369,0.013360878300340336,0.00886822823319007
2.2352941176470713,0.009631439320852432,0.009403966864402527
2.2588235294117736,0.009434413854850185,0.012058013905677262
2.282352941176476,0.008073456934548114,0.0065336956017633535
2.305882352941178,0.01468359566900684,0.008655861200429948
2.3294117647058803,0.014248833704895455,0.00915667802385332
2.3529411764705825,0.006792005682135095,0.004727142970333729
2.376470588235285,0.015412464088673342,0.006971408886494096
2.399999999999987,0.02040501323700923,0.008344145563985921
2.4235294117646893,0.010981955149355639,0.003741233608918278
2.4470588235293915,0.01363630991318107,0.00524534124603954
2.4705882352940938,0.019090147636784006,0.006351652647465416
2.494117647058796,0.015387062795011067,0.005959906779768356
2.5176470588234983,0.016691025549966796,0.011833733348367369
2.5411764705882005,0.021150422824085486,0.01024434453059362
2.5647058823529028,0.017927882444470154,0.005960593785329267
2.588235294117605,0.021607982982610723,0.023289205530793035
2.6117647058823072,0.03551084425586377,0.026101152716142207
2.6352941176470095,0.03602638724591097,0.009670760208044773
2.6588235294117117,0.03488313202846116,0.024811396629780956
2.682352941176414,0.053436774449969165,0.03064076647017899
2.7058823529411162,0.05975583954566611,0.020058377647948072
2.7294117647058185,0.06373207774651074,0.027895572846339162
2.7529411764705207,0.06744612995039206,0.02475875024148695
2.776470588235223,0.05808945721771574,0.02183395589289692
2.799999999999925,0.08555868208348373,0.04191657309285066
2.8235294117646275,0.08856953160914909,0.03665885805340065
2.8470588235293297,0.04267081224603285,0.022201464112752083
2.870588235294032,0.06440529922253826,0.03682944317722347
2.894117647058734,0.0816766970890397,0.05282911860773368
2.9176470588234364,0.04546311157893629,0.03668028761083236
2.9411764705881387,0.03470319502776129,0.017540649350378017
2.964705882352841,0.04160898413838233,0.050534124415064975
2.988235294117543,0.036689372425442075,0.04943225860547324
3.0117647058822454,0.03284374640584971,0.013981689997164391
3.0352941176469477,0.024630116123051535,0.044572719205779814
3.05882352941165,0.025412591639973163,0.045822366858339306
3.082352941176352,0.032993411008053405,0.020969703187181797
3.1058823529410544,0.02516537716013596,0.03472201047630093
3.1294117647057567,0.022559382997086264,0.035268518724915786
3.152941176470459,0.026599017341935545,0.023268977330211344
3.176470588235161,0.018751751547093243,0.027070167371229224
3.1999999999998634,0.01989812516783836,0.029830951328079957
3.2235294117645656,0.024483151831568403,0.02467349105156327
3.247058823529268,0.011694987319285385,0.020523976690123815
3.27058823529397,0.009893749307606196,0.019653797186819952
3.2941176470586724,0.020641780960227427,0.025611216887834798
3.3176470588233746,0.014945969564512069,0.02077386352616755
3.341176470588077,0.007106636265292037,0.015318577991070528
3.364705882352779,0.016344614447413648,0.0208217520694375
3.3882352941174814,0.022840468820263554,0.016816723035528856
3.4117647058821836,0.013299466871066241,0.012322925685523147
3.435294117646886,0.017984481671458805,0.01598477961068468
3.458823529411588,0.02954334433976614,0.011690886329017325
3.4823529411762904,0.020550509345292026,0.00700978695986615
3.5058823529409926,0.02372334718183658,0.013100873529925946
3.529411764705695,0.05388165589840155,0.014604896543284236
3.552941176470397,0.04329389298922963,0.005222962882979765
3.5764705882350993,0.018895221589131594,0.01781673911314987
3.5999999999998016,0.07031793220097726,0.035249751890195115
3.623529411764504,0.08910967951690592,0.01631166433306983
3.647058823529206,0.039125330758083644,0.020528869629646344
3.6705882352939083,0.04961631576199654,0.047138027681013585
3.6941176470586106,0.0793066168208223,0.033717790063801246
3.717647058823313,0.05480491310357984,0.03317558153544971
3.741176470588015,0.035690399641797335,0.04382529007185205
3.7647058823527173,0.04907703459556502,0.03797555832276814
3.7882352941174195,0.04403974864254498,0.0455834047906974
3.811764705882122,0.03558592595807913,0.03952914667039909
3.835294117646824,0.04046795298655535,0.02492382331829817
3.8588235294115263,0.03773039690885568,0.044259039018002995
3.8823529411762285,0.03739550549373988,0.035213219378609224
3.905882352940931,0.04170141125189396,0.014352763818622773
3.929411764705633,0.03478298471626501,0.037537985480545995
3.9529411764703353,0.03380907041858927,0.035183604444353166
3.9764705882350375,0.03658933652409236,0.012172301417329313
3.9999999999997398,0.030874284344617045,0.02736053023429177
4.023529411764442,0.029305788149365464,0.0350786835027135
4.047058823529144,0.026943135079485606,0.02831621388462718
4.0705882352938465,0.02250694118384701,0.023380868798697822
4.094117647058549,0.026390990240155187,0.01824561276432214
4.117647058823251,0.02764076583172359,0.04073740477294916
4.141176470587953,0.022198154482082417,0.038657889824393235
4.1647058823526555,0.021596435577078604,0.013543112732038605
4.188235294117358,0.0276230258754309,0.039870077410102324
4.21176470588206,0.033655187331280846,0.04630102023903539
4.235294117646762,0.023923712417101922,0.017092219017849717
4.2588235294114645,0.023928049317705376,0.027301901864527602
4.282352941176167,0.026523528279841106,0.039018773329069084
4.305882352940869,0.01967684985832684,0.014485869034070098
4.329411764705571,0.01937073544233804,0.017671222805649443
4.3529411764702735,0.01711742566680087,0.029186451648497917
4.376470588234976,0.01027195036294158,0.013664443985696263
4.399999999999678,0.00998757199174862,0.012236343458770583
4.42352941176438,0.009506045487583978,0.02832970009500723
4.447058823529082,0.00815211503378714,0.01724289385374007
4.470588235293785,0.007721182735992425,0.012532573504024359
4.494117647058487,0.006837847846299036,0.022507355606554882
4.517647058823189,0.009928710874435583,0.02634656957269011
4.541176470587891,0.015459845639391505,0.020645145359682253
4.564705882352594,0.014290641887122233,0.016390687467299308
4.588235294117296,0.013721362921788983,0.03253205597456025
4.611764705881998,0.025771119280446817,0.041467597558258976
4.6352941176467,0.03168769809974543,0.022342428991285246
4.658823529411403,0.026829005034315487,0.027508361145250432
4.682352941176105,0.03319181106059696,0.05103608409841285
4.705882352940807,0.038725951760108686,0.044836140044392486
4.729411764705509,0.04594593648118311,0.02340439128511004
4.752941176470212,0.0535901735838515,0.0436958983439903
4.776470588234914,0.03774163413662819,0.05548915898101085
4.799999999999616,0.0509270421566614,0.03602970865187523
4.823529411764318,0.08537060314460994,0.027500713607505545
4.847058823529021,0.05994276645410095,0.03737261072745657
4.870588235293723,0.03914429057730211,0.04149164387618294
4.894117647058425,0.0774243579747052,0.02579379818142471
4.917647058823127,0.06938996182927064,0.02465346191937671
4.94117647058783,0.04085544307949443,0.02696861187821723
4.964705882352532,0.049185133288278636,0.022056864864216336
4.988235294117234,0.048428611290537896,0.032750984128330524
5.011764705881936,0.03930954082543689,0.029819685555688504
5.035294117646639,0.0374315020965787,0.01674909122625431
5.058823529411341,0.03333120388885986,0.034876891396711546
5.082352941176043,0.031912398595988836,0.03716461127367824
5.105882352940745,0.032440579660388304,0.022589561194346953
5.129411764705448,0.028164228896621773,0.03821253780135696
5.15294117647015,0.025189418059241114,0.034895348786824744
5.176470588234852,0.022210861759260406,0.022125676590583156
5.199999999999554,0.022839774201462784,0.047441505391344355
5.223529411764257,0.031018656647011072,0.033543734119616295
5.247058823528959,0.018828252124748326,0.007017754115074181
5.270588235293661,0.013880867405035949,0.04032342328424468
5.294117647058363,0.025508647608688404,0.03809077015890654
5.3176470588230655,0.025131665177795186,0.006313103121084289
5.341176470587768,0.01641474471609386,0.020924471875848488
5.36470588235247,0.020994586331860535,0.028199246918796318
5.388235294117172,0.02662320367511397,0.014208844552927908
5.4117647058818745,0.0254030443154818,0.016307537806342164
5.435294117646577,0.022695828224909374,0.0186953597152577
5.458823529411279,0.027052181574309074,0.015187222893355392
5.482352941175981,0.029429719279095306,0.016728200640248318
5.5058823529406835,0.01979079404894621,0.016356417185549577
5.529411764705386,0.027752568358508898,0.016537159022164787
5.552941176470088,0.04594772891231301,0.015231279245283256
5.57647058823479,0.026153649355122186,0.019204840185206223
5.5999999999994925,0.028922724256040235,0.03125092025718788
5.623529411764195,0.067415963185426,0.022840998388718108
5.647058823528897,0.05037161550018397,0.013447519966843435
5.670588235293599,0.024596129461484418,0.04149703085751991
5.6941176470583015,0.06165849082224943,0.04331035409345342
5.717647058823004,0.050344670760171864,0.02085068455132188
5.741176470587706,0.028876172059242197,0.035016416464473094
5.764705882352408,0.04290993751478854,0.05259601230131746
5.7882352941171105,0.03326438722437456,0.03421679896219376
5.811764705881813,0.027364248882476978,0.03882351010387204
5.835294117646515,0.04047362750622098,0.050548232786557505
5.858823529411217,0.032188471421790606,0.03571763498951368
5.8823529411759194,0.024896709139067382,0.04511518006615219
5.905882352940622,0.03552875193741173,0.037962980413896216
5.929411764705324,0.03201369464302955,0.024784950235881117
5.952941176470026,0.0275298999420611,0.045870299113284566
5.976470588234728,0.031814230642801464,0.03372997232435646
5.999999999999431,0.02739831647971933,0.015131165220876092
6.023529411764133,0.02705761252048629,0.03318583482684551
6.047058823528835,0.02988471134320333,0.030569431030008924
6.070588235293537,0.025196104576959366,0.02094771836933193
6.09411764705824,0.022114425369086293,0.019514318561747186
6.117647058822942,0.028658841897652346,0.01923815855807789
6.141176470587644,0.029606918440374743,0.0244860377039109
6.164705882352346,0.02035261193030517,0.01939298945150152
6.188235294117049,0.021378687160682232,0.012656498904112138
6.211764705881751,0.02870064110315593,0.02222356540411263
6.235294117646453,0.0263481852069029,0.020932945389843558
6.258823529411155,0.017519855758612733,0.017980777436780063
6.282352941175858,0.017859704974877866,0.02334779562441517
6.30588235294056,0.02178283583521153,0.02486305543880782
6.329411764705262,0.01943279402021593,0.01919058279949613
6.352941176469964,0.01568005950824819,0.02203462629946741
6.376470588234667,0.015828185138573345,0.026458290832702167
6.399999999999369,0.020042497164626298,0.015193098438703272
6.423529411764071,0.018763791300740153,0.017571065064720278
6.447058823528773,0.016759775984945872,0.029529720336198505
6.470588235293476,0.019430072626283223,0.016942259670981393
6.494117647058178,0.018222062565098042,0.01675342755270317
6.51764705882288,0.018899960000394393,0.025929002095072397
6.541176470587582,0.02195356018413673,0.022125485769942364
6.564705882352285,0.01989979654214628,0.025187645907094713
6.588235294116987,0.021935269344129343,0.02751354028546917
6.611764705881689,0.026111604252844783,0.02696177399130707
6.635294117646391,0.024787904770542282,0.0318240368597789
6.658823529411094,0.025182252760059438,0.033832647325145085
6.682352941175796,0.03139838091518926,0.03994247691168926
6.705882352940498,0.029848322932628832,0.0367801609538487
6.7294117647052,0.03032363236534035,0.0338584955015447
6.7529411764699026,0.054890868713146475,0.0408666826669531
6.776470588234605,0.05111379030223448,0.03447243748907876
6.799999999999307,0.031659375444863296,0.04405170781126365
6.823529411764009,0.06971031857090049,0.047703199521586435
6.8470588235287115,0.08156495734637828,0.023403609683412277
6.870588235293414,0.035910546247832256,0.03987086458895122
6.894117647058116,0.05471641913203049,0.053230487655803224
6.917647058822818,0.07415855925094746,0.025963487292946452
6.9411764705875205,0.044388782125546845,0.025474149042160377
6.964705882352223,0.036733332899973034,0.0351650012877668
6.988235294116925,0.04545456770211008,0.026947334632389894
7.011764705881627,0.037923331623896335,0.028077182780182276
7.0352941176463295,0.03424790688785853,0.02366217890201342
7.058823529411032,0.030743415649977332,0.013734397495426723
7.082352941175734,0.027618252427702602,0.026757054996432484
7.105882352940436,0.027727450535309377,0.029732291484950105
7.1294117647051385,0.026046280548436718,0.014775191821247115
7.152941176469841,0.0280163112892385,0.01307356886237197
7.176470588234543,0.021993061728106448,0.02613605418858929
7.199999999999245,0.016585238345947242,0.02347133305335489
7.2235294117639475,0.03004220843513786,0.018089019140641812
7.24705882352865,0.029299983362501857,0.015240252777412665
7.270588235293352,0.013398158918074159,0.020164053342016736
7.294117647058054,0.023497421872274903,0.02556541013040962
7.3176470588227565,0.033775494895409826,0.015903548270389246
7.341176470587459,0.016871739036276298,0.015663773840407017
7.364705882352161,0.020164493041587427,0.02352450844732366
7.388235294116863,0.027409322136194084,0.01728301164251468
7.411764705881565,0.02160541086694944,0.016192442656076726
7.435294117646268,0.019976473680378477,0.02311905963793705
7.45882352941097,0.02322439112583186,0.018315947785695282
7.482352941175672,0.027904028804646833,0.013240886307208303
7.505882352940374,0.023753318863568657,0.02057797930568253
7.529411764705077,0.023938136506688853,0.02176122457473098
7.552941176469779,0.046121388854681644,0.014637906568459567
7.576470588234481,0.04224651460270882,0.01701208650371512
7.599999999999183,0.019720372912638544,0.03630075420963933
7.623529411763886,0.06020930476113477,0.02907595477436179
7.647058823528588,0.07407674267862302,0.014169108396485159
7.67058823529329,0.027946215111975616,0.04590301322341901
7.694117647057992,0.044307034398831116,0.05098047299696649
7.717647058822695,0.07201440210438152,0.024481729924104762
7.741176470587397,0.04238782310407561,0.03223829463645982
7.764705882352099,0.034533768091698995,0.041770858895261755
7.788235294116801,0.053117591753231067,0.03910925343144108
7.811764705881504,0.03906217268303055,0.0324571799555659
7.835294117646206,0.03777536003161203,0.02634821358821708
7.858823529410908,0.045738373903729417,0.041046389472174205
7.88235294117561,0.03841131636776727,0.042658556192581173
7.905882352940313,0.03618908962395938,0.025203592628724555
7.929411764705015,0.04098266250048385,0.03189152328467609
7.952941176469717,0.038033811252675846,0.04524013063571996
7.976470588234419,0.03578203061176254,0.03268478314118601
7.999999999999122,0.03800651598662112,0.02807302377167189
8.02352941176384,0.03266009090947807,0.03480832316791893
8.04705882352856,0.02861615088155898,0.034917880565771414
8.07058823529328,0.030031193254930196,0.039713918409636395
8.094117647058,0.026073612944835584,0.0283690886793338
8.11764705882272,0.021506354716024544,0.02210294775772461
8.14117647058744,0.022971784951385684,0.03910103697202202
8.16470588235216,0.02310581867219619,0.032795802554652594
8.18823529411688,0.019553479555335304,0.010975544578031658
8.2117647058816,0.020409470074886162,0.018889511929826044
8.23529411764632,0.024273756747376158,0.02792653173395318
8.25882352941104,0.01924515743952794,0.019641953984640085
8.28235294117576,0.01597605877592055,0.009724166387594517
8.30588235294048,0.021222512389134494,0.01812570187635458
8.3294117647052,0.019318888683623737,0.019004323695421113
8.35294117646992,0.012911821343847753,0.015321249119247362
8.37647058823464,0.01571801281146004,0.01834801950143282
8.39999999999936,0.01780810948436096,0.014730120227610796
8.42352941176408,0.015442919239244133,0.01396470895762894
8.4470588235288,0.017260822852660014,0.021055753738765032
8.470588235293521,0.018789138488510746,0.01755100120972459
8.494117647058241,0.016935195080802948,0.013260398133900925
8.517647058822961,0.015914730224594387,0.0177119093245958
8.541176470587681,0.023541672980265944,0.023188455776086452
8.564705882352401,0.028920408356652126,0.013725960902435745
8.588235294117121,0.019484509538656127,0.014489176414677004
8.611764705881841,0.022188576279026533,0.03388272253356277
8.635294117646561,0.0342018204961036,0.027032971626243085
8.658823529411281,0.03232193891813148,0.013703664262195912
8.682352941176001,0.02691267210060777,0.04038507247649139
8.705882352940721,0.02522816502698176,0.04786754100095997
8.729411764705441,0.028389331732591505,0.020487496661217776
8.752941176470161,0.041005313360749564,0.03733407841349181
8.776470588234881,0.04277868349489188,0.0543171708865644
8.799999999999601,0.026585058076062755,0.0388017305604902
8.823529411764321,0.045306153418726104,0.03597790997043845
8.847058823529041,0.08030987790939398,0.05849662169354887
8.870588235293761,0.050792105434916114,0.04840915464949429
8.894117647058481,0.031103500652163895,0.03812016823553986
8.917647058823201,0.07544591376460265,0.057578179726809856
8.941176470587921,0.06624414746160426,0.04833656507736998
8.964705882352641,0.030666768570906833,0.029148597633333797
8.988235294117361,0.04983829477898788,0.050627661879763856
9.011764705882081,0.04855671740059531,0.046022991307515915
9.035294117646801,0.028630829551775983,0.024350169389969274
9.058823529411521,0.03685748358055701,0.043483442358509004
9.082352941176241,0.038285929965848134,0.03778631896511227
9.105882352940961,0.026944316844025602,0.025619796815618868
9.129411764705681,0.02577070359766961,0.038733447419805334
9.152941176470401,0.03052068105342784,0.02723202440229141
9.176470588235121,0.02977789327347224,0.01912447918123895
9.199999999999841,0.02234869226573463,0.0384831807553923
9.223529411764561,0.02087588045791632,0.026456943248224823
9.247058823529281,0.030286401688344598,0.008201666434334702
9.270588235294001,0.024392972260764464,0.025066046943821613
9.294117647058721,0.01570032051657219,0.031146159031156584
9.317647058823441,0.020607469924316744,0.01250684489577754
9.341176470588161,0.026153076327557322,0.00829840737163822
9.364705882352881,0.015767603212653532,0.017467992480624476
9.388235294117601,0.013434758494566434,0.017053106097804836
9.411764705882321,0.020440126076069348,0.015177985654553921
9.435294117647041,0.017986378124786866,0.02068087494852941
9.458823529411761,0.013861604708680106,0.01701073063717632
9.482352941176481,0.01874321457847962,0.01716021694054932
9.505882352941201,0.020782879731575395,0.028937674938561565
9.529411764705921,0.017308806701671075,0.023698971613936432
9.552941176470641,0.027028472012089088,0.01595950753756266
9.576470588235361,0.04141747430279548,0.027923827408909613
9.600000000000081,0.026401588781936675,0.033009852001764824
9.623529411764801,0.03278844156484714,0.023714374039523846
9.647058823529521,0.07208643714274304,0.021726328706338775
9.670588235294241,0.054266522613210987,0.03796114880615018
9.694117647058961,0.02386654875176483,0.04824664676693458
9.717647058823681,0.060607319305649825,0.025046359698292806
9.741176470588401,0.06687609951085402,0.026903261062633736
9.764705882353121,0.03312400582093437,0.05520666693398012
9.788235294117841,0.034391675054721356,0.038711487947071715
9.811764705882561,0.0479945102453018,0.032279365894219765
9.835294117647281,0.0426959680368644,0.05049369957717632
9.858823529412001,0.03704655811819173,0.032675760054567154
9.882352941176721,0.033866764425508844,0.04303077084876117
9.905882352941441,0.04041148489874044,0.05534716582137297
9.929411764706161,0.03932161584886796,0.02102258638860521
9.952941176470882,0.03225397137811672,0.03176932543861203
9.976470588235602,0.03764183836827635,0.04506251511427676
10.000000000000322,0.04196705632151949,0.01884143134431676
10.023529411765042,0.03136453660092911,0.0244857459405314
10.047058823529762,0.03444437624651761,0.036164845632405275
10.070588235294482,0.03887738161597855,0.024702728129799588
10.094117647059202,0.028242470110937837,0.026584142862455865
10.117647058823922,0.029601409618687083,0.029406664855941136
10.141176470588642,0.029936859025407606,0.024660740928045308
10.164705882353362,0.026943024875391852,0.028847094497602744
10.188235294118082,0.028017728737952923,0.027248379016466436
10.211764705882802,0.020077518293335005,0.021569093229481848
10.235294117647522,0.023661337263709895,0.018419031467431648
10.258823529412242,0.03072045734149151,0.027104665785298042
10.282352941176962,0.014088762390253536,0.02893926789882887
10.305882352941682,0.014761970162225631,0.01055147459334263
10.329411764706402,0.026764577455242976,0.020167414471149028
10.352941176471122,0.014110650435366816,0.028200101252432396
10.376470588235842,0.010313129973797953,0.014546694065943838
10.400000000000562,0.021652842103666324,0.012513752354835398
10.423529411765282,0.020553390518677633,0.0177599801974096
10.447058823530002,0.01069615857093328,0.015912945040334577
10.470588235294722,0.016205354790376162,0.009806427862818956
10.494117647059442,0.023586048613331943,0.010672712774999827
10.517647058824162,0.015759150386371622,0.016036445424644448
10.541176470588882,0.014013387479141645,0.009444652213067088
10.564705882353602,0.02160763159502116,0.01101673239522649
10.588235294118322,0.021027534265683014,0.022210217711055556
10.611764705883042,0.01820760378284963,0.01888489083014559
10.635294117647762,0.02794621504562944,0.012573288753678896
10.658823529412482,0.030754172533509528,0.023162051016545334
10.682352941177202,0.022424591558801554,0.034669647640851606
10.705882352941922,0.0328807749590316,0.026674104034223555
10.729411764706642,0.041471350725549125,0.02338508691658454
10.752941176471362,0.034073128055769016,0.03401691451597561
10.776470588236082,0.043389536944751374,0.037792109590449374
10.800000000000802,0.05597999730262027,0.03899751256365314
10.823529411765522,0.04429911078192434,0.034798960776184086
10.847058823530242,0.06119063869906571,0.035532485470830516
10.870588235294962,0.07588257338647532,0.05656499261653305
10.894117647059682,0.04385499446017797,0.05729034770243696
10.917647058824402,0.05416500601242513,0.03673171323063495
10.941176470589122,0.07770524324305741,0.048369859719146556
10.964705882353842,0.0491243506846765,0.06464430586283465
10.988235294118562,0.03328109819025168,0.03726041093039404
11.011764705883282,0.05594619702954977,0.031914752119065276
11.035294117648002,0.048154417736364585,0.04557657364536054
11.058823529412722,0.03473905200603751,0.026069621748322912
11.082352941177442,0.0362125855088239,0.021921361408934574
11.105882352942162,0.03531872108996105,0.032866476313079054
11.129411764706882,0.03375124328604881,0.02248838689645941
11.152941176471602,0.02915411213975919,0.02243091245972881
11.176470588236322,0.028865539598087922,0.02552235110569213
11.200000000001042,0.02741249066791989,0.019732971159902486
11.223529411765762,0.020919491521941423,0.027815075560226808
11.247058823530482,0.025459114918292475,0.029389960949762258
11.270588235295202,0.028271079005833893,0.014481856814746891
11.294117647059922,0.01798280745156237,0.018449250053965225
11.317647058824642,0.015794590154633383,0.03110772707793419
11.341176470589362,0.02248505442388195,0.020955277966932438
11.364705882354082,0.020802601136184266,0.00972373390081709
11.388235294118802,0.016970454164911573,0.026352424720353256
11.411764705883522,0.018122995889782466,0.029079568691372626
11.435294117648242,0.017718891290718325,0.015313822115240306
11.458823529412962,0.018467726439693487,0.013884878602103292
11.482352941177682,0.02671556227582016,0.025791389490395215
11.505882352942402,0.023481858861617768,0.01998408906832137
11.529411764707122,0.016343731594913345,0.013705332280314713
11.552941176471842,0.032557481022604105,0.017329575214403804
11.576470588236562,0.04574147792458946,0.01718864760220686
11.600000000001282,0.03031244781430696,0.019134666442984852
11.623529411766002,0.023727224185592203,0.019887066822500722
11.647058823530722,0.05826687142026555,0.017828207383616002
11.670588235295442,0.0647138936554813,0.02895056630888082
11.694117647060162,0.026094443035752743,0.031036650993043063
11.717647058824882,0.043404786470693235,0.026256055140505268
11.741176470589602,0.07021202804865849,0.033427884649294005
11.764705882354322,0.04427733910091189,0.039063445394097576
11.788235294119042,0.03295561651553044,0.03834486962344421
11.811764705883762,0.04972115977770672,0.03672500964255826
11.835294117648482,0.04748599683961109,0.032931987154559916
11.858823529413202,0.042969808610954806,0.034179998031299466
11.882352941177922,0.04080109466501317,0.04202991035411357
11.905882352942642,0.04135109402551233,0.04148521694852292
11.929411764707362,0.04279392052365949,0.03189238872069902
11.952941176472082,0.03578059395940463,0.03581282264229099
11.976470588236802,0.031075187505137634,0.04641799694670823
12.000000000001522,0.03682538538280439,0.04231436541646157
12.023529411766242,0.03623254538027394,0.033325086267225475
12.047058823530962,0.02797991980217747,0.03405185126286314
12.070588235295682,0.03474074383092504,0.042493882706505295
12.094117647060402,0.03547010601113447,0.034642626430974176
12.117647058825122,0.02820139761563766,0.029922955200637646
12.141176470589842,0.03420866761682383,0.03804356723470885
12.164705882354562,0.0301175907001156,0.03391241252968107
12.188235294119282,0.02852962921927441,0.031758262601537725
12.211764705884002,0.03250650092266453,0.0393651968105986
12.235294117648722,0.022663279761141318,0.03283401645509198
12.258823529413442,0.03139309183492916,0.027627943506937647
12.282352941178162,0.035487262159640286,0.0381612551472135
12.305882352942882,0.01716566374924671,0.028582830066483184
12.329411764707602,0.027178065615098855,0.0177148107313508
12.352941176472322,0.03919992986205689,0.024075557731214132
12.376470588237042,0.017826936191054965,0.024794102229602304
12.400000000001763,0.023296699838853453,0.016989161442241187
12.423529411766483,0.03877921465071791,0.013228157944945546
12.447058823531203,0.024286160530200433,0.015559871043730755
12.470588235295923,0.017462283623622,0.016420403442045234
12.494117647060643,0.03195970880967245,0.01448098547771409
12.517647058825363,0.03202235215053029,0.01287713309806495
12.541176470590083,0.019943109015501677,0.011529597003188305
12.564705882354803,0.022870840200806635,0.015026557466047133
12.588235294119523,0.030726562102851906,0.021508453345576384
12.611764705884243,0.024940754965831313,0.01783908314040084
12.635294117648963,0.022243457693185625,0.01347949304215105
12.658823529413683,0.030313978247004283,0.023463335705935628
12.682352941178403,0.02869196272654681,0.04183447145320479
12.705882352943123,0.022299167508687757,0.02770464172839298
12.729411764707843,0.022313638067883113,0.01630544584618525
12.752941176472563,0.023562191566152108,0.044752466065177736
12.776470588237283,0.030679286464365494,0.04701784551604119
12.800000000002003,0.032005546945426844,0.023336950522730007
12.823529411766723,0.023155133236940115,0.03814497951021626
12.847058823531443,0.038220031624793316,0.04361444539494
12.870588235296163,0.06028506353500731,0.03378346321694786
12.894117647060883,0.04535895965780749,0.04667543779069652
12.917647058825603,0.033952824599345156,0.03888893088891169
12.941176470590323,0.06357152405267669,0.02358164757036038
12.964705882355043,0.057200907302196756,0.045139644760871685
12.988235294119763,0.02949605567987816,0.044294517595234936
13.011764705884483,0.044140678265773656,0.018536129076185133
13.035294117649203,0.046601901401518556,0.022252716109345868
13.058823529413923,0.028363246844531183,0.04001706835812087
13.082352941178643,0.03151528934259311,0.029311068883989908
13.105882352943363,0.03476182923884329,0.014777655953914719
13.129411764708083,0.027962833891224313,0.024053755165240567
13.152941176472803,0.030148669026637997,0.03424771934603454
13.176470588237523,0.029402169998768792,0.017496824299679085
13.200000000002243,0.025213897879011724,0.013846031794060026
13.223529411766963,0.028429246161319078,0.02392926839271647
13.247058823531683,0.02924489071998474,0.022699971081669636
13.270588235296403,0.02843632753691424,0.019933292946882737
13.294117647061123,0.028412731066430573,0.017648892707750965
13.317647058825843,0.02474359458166193,0.023325711604594717
13.341176470590563,0.025619909601896515,0.03165293543036624
13.364705882355283,0.03254718824081508,0.02841768130612736
13.388235294120003,0.026840393738743328,0.02064047409138894
13.411764705884723,0.019598554572653932,0.024843715867003534
13.435294117649443,0.02561739317049074,0.0294216521518742
13.458823529414163,0.030564304700173583,0.02297059258927117
13.482352941178883,0.022121178285305947,0.01631613385868599
13.505882352943603,0.019767855357906202,0.01765186165464394
13.529411764708323,0.024979983408872756,0.021442529815131783
13.552941176473043,0.022160671190185225,0.018142140407490997
13.576470588237763,0.029604400228202585,0.016012111778873912
13.600000000002483,0.0351085604781409,0.024575852992392046
13.623529411767203,0.020462263257612925,0.023056348683012734
13.647058823531923,0.03864400868962885,0.019071490530065776
13.670588235296643,0.06971682025637137,0.03145617867599626
13.694117647061363,0.045546865100529424,0.031196520554298612
13.717647058826083,0.033076412321728955,0.023364304354256293
13.741176470590803,0.0670084106139887,0.035539692666515264
13.764705882355523,0.06250734109449743,0.03431271649366151
13.788235294120243,0.038678531425975056,0.022845953186594468
13.811764705884963,0.047348774361229994,0.034577432391737405
13.835294117649683,0.05189370900048734,0.04184103978707262
13.858823529414403,0.041709598917407054,0.020996608159426097
13.882352941179123,0.044362575839614275,0.025147465901492885
13.905882352943843,0.04922450864027944,0.05477077293923495
13.929411764708563,0.04198956726946098,0.02488272735944057
13.952941176473283,0.03985229539426294,0.021239025618742476
13.976470588238003,0.043976073239053115,0.049128332853726656
14.000000000002723,0.042855839777654246,0.028131294618826054
14.023529411767443,0.03637828139644015,0.02508233211289753
14.047058823532163,0.03522813309469252,0.0411435091549615
14.070588235296883,0.03404787596392705,0.024898122005092196
14.094117647061603,0.0334826071272582,0.03229919494408131
14.117647058826323,0.033465788156248046,0.039478286339984264
14.141176470591043,0.02719631614060531,0.02202269973861914
14.164705882355763,0.025752395585393013,0.030430315158993804
14.188235294120483,0.030807791376181892,0.03227479755290632
14.211764705885203,0.025162683976265737,0.01678451819177362
14.235294117649923,0.018491072435425922,0.023551493350245797
14.258823529414643,0.022845433295946325,0.021719959264193775
14.282352941179363,0.026129806086945817,0.017364926776557973
14.305882352944083,0.019149235118475803,0.02400684823247458
14.329411764708803,0.012453219554897409,0.01883251314191568
14.352941176473523,0.021624573660374544,0.020318053064249563
14.376470588238243,0.0247600815462706,0.02788533332376381
14.400000000002963,0.013014594405402018,0.02019272541473715
14.423529411767683,0.017039141880605173,0.015449678011051918
14.447058823532403,0.02717965945252705,0.01995873590609735
14.470588235297123,0.018990210378716683,0.014451573561051048
14.494117647061843,0.015488610535014678,0.013135997842564778
14.517647058826563,0.022951018760913777,0.01967636954830719
14.541176470591283,0.023654551803375147,0.011625035604231958
14.564705882356003,0.019453854487560547,0.009652594304142607
14.588235294120723,0.02238407989905535,0.02105433790424295
14.611764705885443,0.029766699143494647,0.02237458134273673
14.635294117650163,0.02783707898770039,0.014923211884126781
14.658823529414883,0.026812923748034685,0.018170132806641162
14.682352941179603,0.03324656648091042,0.030024940991330618
14.705882352944323,0.035273897485777,0.02717242889872599
14.729411764709043,0.03279103480837958,0.014986484613386518
14.752941176473763,0.032085330926444965,0.03119239886182983
14.776470588238483,0.0367906840067649,0.03860914215110516
14.800000000003203,0.045296606136014696,0.024337893578448552
14.823529411767923,0.04159308210021482,0.027081952866823893
14.847058823532644,0.039273236170613395,0.039714563423107155
14.870588235297364,0.0640439467751714,0.04226508057839757
14.894117647062084,0.06758124651336007,0.04470178033602383
14.917647058826804,0.03862040078389949,0.03838778111277238
14.941176470591524,0.06101094673347564,0.03495826972002945
14.964705882356244,0.07315840722695918,0.05147054875013555
14.988235294120964,0.040698229347983006,0.045735229465805965
15.011764705885684,0.040007416918140894,0.024341347709754258
15.035294117650404,0.053017376624356745,0.02898711865326203
15.058823529415124,0.03582501705723495,0.03874335777657617
15.082352941179844,0.030266376823786995,0.028714666558039583
15.105882352944564,0.04014507968498329,0.02716790422823016
15.129411764709284,0.028885415912989664,0.026978290758851248
15.152941176474004,0.024040800021491702,0.03363499794518975
15.176470588238724,0.03761614002409229,0.03757551590041214
15.200000000003444,0.030967212439496176,0.025364663539562526
15.223529411768164,0.01930914754242766,0.030818002795171953
15.247058823532884,0.02772820417514842,0.031366476514797625
15.270588235297604,0.03221710487587841,0.020950100113099782
15.294117647062324,0.022166340434663367,0.02743369341221039
15.317647058827044,0.02382063275186331,0.022512205259735997
15.341176470591764,0.025843757495270552,0.017821653488919172
15.364705882356484,0.022208817306110278,0.027506513261885197
15.388235294121204,0.02591223852918046,0.026142493495977602
15.411764705885924,0.026020933354044547,0.019798390233039132
15.435294117650644,0.021243050330917602,0.024529905764667816
15.458823529415364,0.023373939693775665,0.034730745261494285
15.482352941180084,0.025822898080409683,0.023818724807798678
15.505882352944804,0.021697199929171,0.014537362246938529
15.529411764709524,0.021561629758882456,0.03094949523609992
15.552941176474244,0.023538931188599524,0.025706650097449473
15.576470588238964,0.02491361647583634,0.010783486338342087
15.600000000003684,0.032611053655138354,0.021177239580499507
15.623529411768404,0.03029707981872236,0.023440182811731474
15.647058823533124,0.027155434689995133,0.014635514137725365
15.670588235297844,0.05127594224610974,0.02297263540929739
15.694117647062564,0.05723634103533979,0.034985189107006175
15.717647058827284,0.02936506193472094,0.02379834916689874
15.741176470592004,0.04370117739027496,0.019149329921742883
15.764705882356724,0.05924472391795477,0.0402741454045231
15.788235294121444,0.040991331575532114,0.035486692124535334
15.811764705886164,0.038461370556503456,0.014899936193089465
15.835294117650884,0.04758886848601911,0.03484426027501945
15.858823529415604,0.04173717698590619,0.03279035935999876
15.882352941180324,0.04600800938494418,0.01956970866066318
15.905882352945044,0.05059284404201059,0.03322739872439651
15.929411764709764,0.04141447467775904,0.03200868913585115
15.952941176474484,0.04226061353466542,0.020712935687767265
15.976470588239204,0.046345154787919667,0.025082559279010794
16.000000000003922,0.04073169856638252,0.029421208824247775
16.023529411768607,0.035878341213063346,0.019289682208704955
16.04705882353329,0.03965004571042551,0.014932795181984218
16.070588235297976,0.04006217236025985,0.02630090178234472
16.09411764706266,0.03679297524573987,0.023128434602787143
16.117647058827345,0.03846975464570653,0.01808232545241101
16.14117647059203,0.0364181681172575,0.033494862462705166
16.164705882356714,0.03399859520969181,0.028478125935627797
16.188235294121398,0.03594444142836007,0.0261740981489954
16.211764705886083,0.03169337235779281,0.04242464111765219
16.235294117650767,0.02603472144402464,0.031138465630022028
16.25882352941545,0.025432168043047997,0.027775605271757597
16.282352941180136,0.029426018569353216,0.04270154202983314
16.30588235294482,0.025315788748704427,0.02816656804324048
16.329411764709505,0.0186755282992601,0.026824576849363412
16.35294117647419,0.020273358823059435,0.034565790257581865
16.376470588238874,0.025986798629491936,0.01881220093260199
16.40000000000356,0.02215571800662312,0.02436110096427663
16.423529411768243,0.020394457460746987,0.027932537065526623
16.447058823532927,0.025270209244361103,0.00939988889174256
16.470588235297612,0.02289436855680542,0.01851731595977055
16.494117647062296,0.02088146525985821,0.026717301436570525
16.51764705882698,0.0276403496288892,0.01607483800456721
16.541176470591665,0.023719063091139483,0.01806643158829316
16.56470588235635,0.017489134128754313,0.021835139941146456
16.588235294121034,0.028590796624252703,0.024966134304528965
16.61176470588572,0.02939958672453296,0.03131418107663899
16.635294117650403,0.016393521966368615,0.021749207298679966
16.658823529415088,0.028205851460261583,0.020953403849979596
16.682352941179772,0.03658480640863924,0.035752418486044366
16.705882352944457,0.023416106729712605,0.03340475849932041
16.72941176470914,0.024830142185811366,0.017991094731325485
16.752941176473826,0.031235439036373432,0.031377838304842594
16.77647058823851,0.030836837177777465,0.0426056413242267
16.800000000003195,0.041424823837332335,0.025723048279125072
16.82352941176788,0.035630342856291554,0.024160504872060787
16.847058823532564,0.030028268656044393,0.04173503428822633
16.870588235297248,0.06119202931525155,0.0348748757653813
16.894117647061933,0.07501478547691415,0.029118861036340888
16.917647058826617,0.04705655031228346,0.03709423909239136
16.9411764705913,0.05367347747734961,0.0332282963908917
16.964705882355986,0.08227457927452635,0.03445062562438627
16.98823529412067,0.0628330920059596,0.03898207098510252
17.011764705885355,0.03827361648911557,0.029854443340275347
17.03529411765004,0.05155753076864287,0.02521605745756325
17.058823529414724,0.054160601492768294,0.028262617120764333
17.08235294117941,0.03510059345785845,0.028186053328011558
17.105882352944093,0.030526131916365287,0.025706454142119053
17.129411764708777,0.03913684466862383,0.01591607570906242
17.152941176473462,0.03334815072906941,0.022856242682847153
17.176470588238146,0.027821690816948637,0.03376336355159268
17.20000000000283,0.032421735461842294,0.026689597345189643
17.223529411767515,0.02889809851002373,0.021633258331134404
17.2470588235322,0.023121335198605122,0.027468734107148896
17.270588235296884,0.032236626572627526,0.03362625809239151
17.29411764706157,0.038084300187299205,0.020025819660183727
17.317647058826253,0.021974923445421922,0.019900136285268256
17.341176470590938,0.02378623241341703,0.022932092712859443
17.364705882355622,0.035619089278417816,0.013843544266954107
17.388235294120307,0.028102458119928068,0.018028536993997646
17.41176470588499,0.021571566216777985,0.020328635204934588
17.435294117649676,0.024749201583722753,0.01324810285609905
17.45882352941436,0.024521882003121505,0.0201038757101446
17.482352941179045,0.019812057440754614,0.03308837991991435
17.50588235294373,0.02168258816154456,0.0215927959106569
17.529411764708414,0.022695273481865435,0.014132459273334556
17.552941176473098,0.017605872079875285,0.04434546221349279
17.576470588237783,0.020836473375126056,0.042291839214187624
17.600000000002467,0.027911500241917738,0.011504130635902764
17.62352941176715,0.02684483438012796,0.03750361279853597
17.647058823531836,0.01910684833221665,0.05221548911694756
17.67058823529652,0.034290097035086314,0.0208722681525626
17.694117647061205,0.05520531653502665,0.03388945367912396
17.71764705882589,0.03940667147025669,0.040418196009272656
17.741176470590574,0.025775739173943307,0.023389765212977094
17.76470588235526,0.05242054115497916,0.03954343002487648
17.788235294119943,0.053390247149223115,0.0389423020175085
17.811764705884627,0.03234205957303928,0.02589793493948868
17.835294117649312,0.03168361345954419,0.03902274307339208
17.858823529413996,0.04417559190566062,0.03458352874512381
17.88235294117868,0.04222914095117197,0.03486330693734498
17.905882352943365,0.035165994150645925,0.04376031852051259
17.92941176470805,0.03964933552984504,0.028899320639644076
17.952941176472734,0.03980804870109032,0.028775657089164065
17.97647058823742,0.03553634366706012,0.044581268544120534
18.000000000002103,0.040049810198804124,0.032547337926595594
18.023529411766788,0.037540799214915814,0.02299467505632358
18.047058823531472,0.03128625671593671,0.029254292309359334
18.070588235296157,0.03817027994469543,0.023039763067330833
18.09411764706084,0.03928323251285345,0.019026143255345643
18.117647058825526,0.037966107368988956,0.019911739846271585
18.14117647059021,0.039492016904708424,0.013947708225726375
18.164705882354895,0.035417869357306675,0.01671789245783896
18.18823529411958,0.03972153002901703,0.01581283391341235
18.211764705884264,0.04506458887724504,0.013177962114683452
18.235294117648948,0.03456539039400321,0.025102526239382455
18.258823529413633,0.028978198673715636,0.02186082069831349
18.282352941178317,0.03642758462505165,0.0158779974793317
18.305882352943,0.03894771160560171,0.028016335355029766
18.329411764707686,0.02969665472246675,0.031239756130977757
18.35294117647237,0.023180684357749972,0.024785278531629422
18.376470588237055,0.02718129763828283,0.021728848453212143
18.40000000000174,0.0312187683163914,0.025602717144295798
18.423529411766424,0.022761082052382683,0.026907574112164552
18.44705882353111,0.02056752131646384,0.01563192530118254
18.470588235295793,0.021900713564984027,0.018865931363299265
18.494117647060477,0.016528649041368648,0.02311295549408384
18.517647058825162,0.02210431021952444,0.012420762387106142
18.541176470589846,0.025039465162902695,0.01724286287316038
18.56470588235453,0.01917699894335979,0.021266123278080053
18.588235294119215,0.02614176853712151,0.013901416552596156
18.6117647058839,0.029681462303267472,0.022516732984440457
18.635294117648584,0.028821846117770132,0.027853771888823618
18.65882352941327,0.03864192520393287,0.018785470076504093
18.682352941177953,0.041488629502711157,0.026041793175749135
18.705882352942638,0.03296847939446757,0.0422882054381074
18.729411764707322,0.03787814616190088,0.034679699308655075
18.752941176472007,0.04967637468504091,0.033066290073801755
18.77647058823669,0.03722062801908196,0.05500658888039072
18.800000000001376,0.033340741732638075,0.04585990183636656
18.82352941176606,0.043486517870289815,0.042167338229433846
18.847058823530745,0.03577173461768955,0.06134118426782258
18.87058823529543,0.039322816655323396,0.04333856191686201
18.894117647060114,0.05430516829248445,0.04288910431958361
18.917647058824798,0.04463817123927204,0.05402034796619479
18.941176470589483,0.033730800484988915,0.029763775295366578
18.964705882354167,0.05052951139071242,0.039301017644943904
18.98823529411885,0.054473541094157765,0.05075086397416747
19.011764705883536,0.034177182852179584,0.030403075638256016
19.03529411764822,0.028496121118873292,0.03107707653601871
19.058823529412905,0.03991469479252519,0.03412184831529321
19.08235294117759,0.03716291784155258,0.029094436000330303
19.105882352942274,0.029170936594413104,0.028782160286108936
19.12941176470696,0.03317424071280098,0.01912970338871339
19.152941176471643,0.038287239371248775,0.020291573735392858
19.176470588236327,0.03846233926548462,0.024036062258011626
19.200000000001012,0.03831270499845715,0.02051777439437795
19.223529411765696,0.03724627276519356,0.01918165592976999
19.24705882353038,0.03603127832116186,0.017350058946508543
19.270588235295065,0.0355633649436678,0.025461492236285767
19.29411764705975,0.03847987891016428,0.029249619751610927
19.317647058824434,0.03747500381636384,0.018333718787939678
19.34117647058912,0.026700512949591228,0.02173596430172992
19.364705882353803,0.026108688046631964,0.031691544958211665
19.388235294118488,0.034085026084971166,0.026126653834537408
19.411764705883172,0.027314486278169448,0.017548632411103517
19.435294117647857,0.021987256013847854,0.021942297038533173
19.45882352941254,0.026972486256455545,0.0233781501078653
19.482352941177226,0.02755300041315947,0.017660522809488755
19.50588235294191,0.029382338514873995,0.019165850777199674
19.529411764706595,0.0329036495456108,0.016422231138259157
19.55294117647128,0.02938754418832873,0.01302751862435877
19.576470588235964,0.029692193677396506,0.020929431213899022
19.600000000000648,0.03703860252096153,0.01698082554647917
19.623529411765332,0.03979356695074707,0.011715226124359157
19.647058823530017,0.03021637774638312,0.018511216636451167
19.6705882352947,0.034486466705734256,0.02077585074157554
19.694117647059386,0.05835236281045503,0.022861723308731267
19.71764705882407,0.05206949460721469,0.027471070220185915
19.741176470588755,0.030157108786932736,0.021482245947562834
19.76470588235344,0.04943978725847867,0.03492905359805286
19.788235294118124,0.06052303516838352,0.05464781654416575
19.81176470588281,0.03746448273959367,0.0377747779076029
19.835294117647493,0.032794758659746154,0.03587608408184396
19.858823529412177,0.03755995967490191,0.060827001478491925
19.882352941176862,0.03900764187768661,0.05189570030591555
19.905882352941546,0.03636088663941509,0.040876258701694625
19.92941176470623,0.03122568957861967,0.05223097925232215
19.952941176470915,0.036114675184936246,0.044563318591529365
19.9764705882356,0.036194878769922376,0.0453285382501936
20.000000000000284,0.03338639949973735,0.0470311706395612
20.02352941176497,0.03475021302348114,0.0243044095027807
20.047058823529653,0.03258647695278023,0.03338524310928385
20.070588235294338,0.036206576200345675,0.04215158039884566
20.094117647059022,0.0345334427780914,0.01547138752988794
20.117647058823707,0.035312856851739426,0.013730211692497333
20.14117647058839,0.046587956422562325,0.028248023946558898
20.164705882353076,0.039430198062649566,0.013685412109264638
20.18823529411776,0.03708083788726097,0.011614665118644217
20.211764705882445,0.046429044574191794,0.0183951430806884
20.23529411764713,0.03767560489453941,0.011285753184077962
20.258823529411814,0.030231781654498448,0.019506176223303022
20.282352941176498,0.03547030064521574,0.02187271536792484
20.305882352941182,0.03734243598266812,0.010790229455971606
20.329411764705867,0.026617062974964738,0.030656784321700645
20.35294117647055,0.021709441131901482,0.03786093554163974
20.376470588235236,0.028805527055190207,0.011780845285618995
20.39999999999992,0.027884737570736718,0.024712043837763164
20.423529411764605,0.020433577411111913,0.040769321905380386
20.44705882352929,0.020146390480401198,0.017744620847404902
20.470588235293974,0.02019002190739505,0.012630195869957724
20.49411764705866,0.018681677800797512,0.025017138501363213
20.517647058823343,0.016479303408039006,0.01974049845695558
20.541176470588027,0.017149554792600656,0.010227284453119047
20.564705882352712,0.017901898124191497,0.016151584654391152
20.588235294117396,0.017065617393083578,0.018729201150417398
20.61176470588208,0.02099669599467362,0.012185649589525544
20.635294117646765,0.02402485651091186,0.023357208611131195
20.65882352941145,0.022827485485542986,0.02386568224213699
20.682352941176134,0.024046019658104583,0.015342683243358449
20.70588235294082,0.028069544209994832,0.032261453908933285
20.729411764705503,0.032017327887425194,0.026610447689211253
20.752941176470188,0.034315268156782874,0.016067400994784726
20.776470588234872,0.028524902757176958,0.0358815273289117
20.799999999999557,0.03153687145727214,0.031006767577881653
20.82352941176424,0.049905877524461184,0.019046909265446284
20.847058823528926,0.043676630920745356,0.03323393958291659
20.87058823529361,0.029289182783874032,0.038824989775182006
20.894117647058295,0.05270745234827567,0.032327592722538344
20.91764705882298,0.0658885659426271,0.0313036513437059
20.941176470587664,0.04227834882625748,0.03535455843701091
20.964705882352348,0.040220598195868235,0.0458368244763487
20.988235294117032,0.06588086285846016,0.03621136934296551
21.011764705881717,0.058826065990861126,0.029961904032272613
21.0352941176464,0.028901529476458958,0.04202898870554171
21.058823529411086,0.039441486721265566,0.038453297383151806
21.08235294117577,0.0539229300472854,0.029846588314857175
21.105882352940455,0.03419478597335872,0.0362969369865766
21.12941176470514,0.029487545688972095,0.034798950013112645
21.152941176469824,0.04259483068302176,0.02662702607975132
21.17647058823451,0.04387635516022349,0.027185160904750257
21.199999999999193,0.040350597680318886,0.028978647300300375
21.223529411763877,0.03657825049563224,0.027782605600380417
21.247058823528562,0.037110711234099966,0.021495171441945574
21.270588235293246,0.041740524927259985,0.016508420794125463
21.29411764705793,0.039450866613710694,0.02313532819559863
21.317647058822615,0.034371894295485726,0.02230439601246907
21.3411764705873,0.029779576596968876,0.01082685862902106
21.364705882351984,0.027555481109863653,0.01625076384601527
21.38823529411667,0.028485610968633352,0.025281343657805898
21.411764705881353,0.028443074547953966,0.014519603266790174
21.435294117646038,0.02330335162798799,0.014165614090943118
21.458823529410722,0.015954780591525084,0.02488833283755845
21.482352941175407,0.01894253894885113,0.0241992379468717
21.50588235294009,0.02423737789484525,0.02039742583336177
21.529411764704776,0.017079605916195305,0.019463437265392923
21.55294117646946,0.01341293245843167,0.02441727107426688
21.576470588234145,0.01778826996853768,0.026023843217486426
21.59999999999883,0.019123142802198366,0.015128063101922266
21.623529411763514,0.023537574051215728,0.01661595101347004
21.647058823528198,0.030105910536008793,0.019655471233853444
21.670588235292882,0.02315949193927058,0.012640679139670064
21.694117647057567,0.03260927409883788,0.017020368467121478
21.71764705882225,0.05673878340637876,0.018757697837489703
21.741176470586936,0.04513202904778853,0.011725014053377633
21.76470588235162,0.026073453466850117,0.02556586680034003
21.788235294116305,0.055084775789663275,0.03992927277180969
21.81176470588099,0.05947567995268473,0.021879556010630383
21.835294117645674,0.031631597945044485,0.029084170454561242
21.85882352941036,0.029250990336237064,0.056722783209756725
21.882352941175043,0.04399014359485185,0.04044424059012339
21.905882352939727,0.04478809164233311,0.03522518988139046
21.929411764704412,0.03510697535371875,0.04931299617871685
21.952941176469096,0.03822349709902458,0.04265910226825739
21.97647058823378,0.04528767268600191,0.040265394234003896
21.999999999998465,0.0375594729067331,0.04223279137904304
22.02352941176315,0.03841620489638795,0.032816093838206606
22.047058823527834,0.038667282430356914,0.034555676253557085
22.07058823529252,0.027602606462844917,0.03675981053437481
22.094117647057203,0.02930118417242621,0.03239142955274495
22.117647058821888,0.02969626331758666,0.02952490495945432
22.141176470586572,0.026526614129770358,0.02232715445609901
22.164705882351257,0.031905262573511325,0.03022580413119503
22.18823529411594,0.02974517405225758,0.03140622246481327
22.211764705880626,0.029629960403048834,0.015255484826139431
22.23529411764531,0.03663997736119477,0.017843629324713853
22.258823529409995,0.03288440051424742,0.027330645235043728
22.28235294117468,0.03257815082534015,0.01714976952182148
22.305882352939363,0.03637952651996463,0.014725691738541937
22.329411764704048,0.032500522829930774,0.022823317215607264
22.352941176468732,0.03004690932323367,0.021065644510367677
22.376470588233417,0.029847283077869245,0.01701126584768186
22.3999999999981,0.028962241827067938,0.026671970351343492
22.423529411762786,0.02669596215061507,0.027098607889440695
22.44705882352747,0.025152181346284653,0.018883755817733966
22.470588235292155,0.023153830144754566,0.025067439804817505
22.49411764705684,0.022036740861276716,0.028446934973844543
22.517647058821524,0.02492195654026124,0.019167052189091278
22.54117647058621,0.02165086576022749,0.018166911680485977
22.564705882350893,0.01864851115411928,0.026136412104303234
22.588235294115577,0.024840499827803477,0.018572715016518495
22.61176470588026,0.024883542628306863,0.012441551104512007
22.635294117644946,0.025632958903006965,0.02471735362560416
22.65882352940963,0.03160359825733002,0.023416364342098463
22.682352941174315,0.02779488235745731,0.010119177204421154
22.705882352939,0.035133878348992564,0.02380386019413835
22.729411764703684,0.046028767995984314,0.027781494630310762
22.75294117646837,0.03679724100051706,0.013388112632989894
22.776470588233053,0.03372480182805392,0.02921115060657262
22.799999999997738,0.04250863984027262,0.03515582878057727
22.823529411762422,0.04655478057264751,0.01442256623042374
22.847058823527107,0.040435700122198555,0.03217492968180099
22.87058823529179,0.03079793296343608,0.043171156488861065
22.894117647056476,0.04068873728057048,0.019152416922593916
22.91764705882116,0.05657334184130334,0.028599645786517188
22.941176470585845,0.04970321694436168,0.03492852286349253
22.96470588235053,0.03273099379718488,0.023988815264178707
22.988235294115213,0.05066046950448231,0.03134955428324868
23.011764705879898,0.0659319104197004,0.025850323378586365
23.035294117644582,0.04188952647733522,0.02064887899065496
23.058823529409267,0.02677986051047766,0.03384899636339482
23.08235294117395,0.04377873287143788,0.0286507414082781
23.105882352938636,0.04795364636377164,0.022340225112406062
23.12941176470332,0.026855793258708325,0.037610330685045414
23.152941176468005,0.025772032190597812,0.03605518465806926
23.17647058823269,0.03428900007423268,0.028626452481429067
23.199999999997374,0.028968078327470323,0.0418523430468071
23.22352941176206,0.02906620146642056,0.04002173174021988
23.247058823526743,0.03037169268094479,0.027572055376431506
23.270588235291427,0.022953833764740698,0.03233542342340747
23.29411764705611,0.03091718664221017,0.036669087876331434
23.317647058820796,0.03949408893800584,0.023386859430713655
23.34117647058548,0.030767297346982067,0.022598805483683045
23.364705882350165,0.028283501550641653,0.033111351672984804
23.38823529411485,0.03588707297542779,0.021394253896880364
23.411764705879534,0.03739607904277851,0.020929141637380806
23.43529411764422,0.026858164745200506,0.039213986092651115
23.458823529408903,0.02864573336711646,0.022898737093476992
23.482352941173588,0.03267676661890902,0.021472634977416673
23.505882352938272,0.02436661505427373,0.04356860883906219
23.529411764702957,0.02247307198723078,0.021918618229077976
23.55294117646764,0.024926947957009914,0.016068414877774207
23.576470588232326,0.022436526433411343,0.03887663788076716
23.59999999999701,0.020991221325602213,0.031569649237544614
23.623529411761695,0.023871066117405654,0.015006669556829333
23.64705882352638,0.02812401143281162,0.03304857927576292
23.670588235291063,0.021723680255989117,0.040939694300578054
23.694117647055748,0.024542277302371837,0.03032635845421185
23.717647058820432,0.050059054850995134,0.03230241026271178
23.741176470585117,0.04693569710430231,0.04151683685203743
23.7647058823498,0.021672022945638855,0.040539931564429824
23.788235294114486,0.04397485514854849,0.04084711172796648
23.81176470587917,0.059289319708788195,0.04322096897383495
23.835294117643855,0.03728135623196882,0.03928831112141466
23.85882352940854,0.03219258581675117,0.041811993497276836
23.882352941173224,0.043247277970942244,0.04641974093707269
23.90588235293791,0.04494184526967923,0.03956737235778681
23.929411764702593,0.0451170254017683,0.03238584314782067
23.952941176467277,0.041340811235398976,0.03492334061839531
23.97647058823196,0.05438346316425018,0.04456679444764183
23.999999999996646,0.05084733436423289,0.03546245584817491
24.02352941176133,0.037520619963798844,0.020998319195751212
24.047058823526015,0.05352355329893977,0.03002226127004638
24.0705882352907,0.04882061195727132,0.03621838090524377
24.094117647055384,0.03109348188073472,0.018791615233208086
24.11764705882007,0.04059750906335382,0.015182306938826058
24.141176470584753,0.04348656568312791,0.02614900451060659
24.164705882349438,0.03549246114201665,0.0173033776071159
24.188235294114122,0.03184470255156776,0.01707073344492413
24.211764705878807,0.03469977748327271,0.02508328665453793
24.23529411764349,0.039957777265096285,0.01809398533271428
24.258823529408176,0.03316475187796074,0.022332661532877877
24.28235294117286,0.027766533740659606,0.02795250624330771
24.305882352937545,0.03601334139209195,0.016249992847751266
24.32941176470223,0.037719855892047516,0.017350448522475744
24.352941176466913,0.02992875473668046,0.0295765104953137
24.376470588231598,0.025815519688758705,0.023891653021858236
24.399999999996282,0.027467385266358328,0.017678378331520476
24.423529411760967,0.028988131954633057,0.022774659149887327
24.44705882352565,0.023384098717623283,0.02954355098870082
24.470588235290336,0.023552387372022993,0.029505718140186765
24.49411764705502,0.026402388698760992,0.02066471666301052
24.517647058819705,0.021995801125357598,0.02978113824947397
24.54117647058439,0.02495136011272445,0.03130448003665005
24.564705882349074,0.03176529596861509,0.019874106585756876
24.58823529411376,0.021090003699970536,0.028512358733002126
24.611764705878443,0.018094609761430645,0.029649914249969135
24.635294117643127,0.036329436982538134,0.01917996916057964
24.65882352940781,0.030705122541417308,0.02269488404768988
24.682352941172496,0.015759863782426713,0.028009852217863035
24.70588235293718,0.034818993312027084,0.01955677646718113
24.729411764701865,0.043623310228091065,0.019370679486335623
24.75294117646655,0.02690662454277215,0.026981259241431545
24.776470588231234,0.02984992651506504,0.023848826823077412
24.79999999999592,0.04105131637005646,0.021942114161180196
24.823529411760603,0.0332847410480292,0.024867539158487367
24.847058823525288,0.03538605112361519,0.02861910088194936
24.870588235289972,0.038443753275223445,0.03334012910284934
24.894117647054657,0.028553485631222977,0.029866975210688044
24.91764705881934,0.04443844667378769,0.032571916758146725
24.941176470584026,0.058692552875629446,0.03371705471968433
24.96470588234871,0.037946147291062556,0.028095487509167016
24.988235294113395,0.039316074728251015,0.041202039975332526
25.01176470587808,0.06690638590191646,0.04026238930091545
25.035294117642763,0.05663201933235606,0.018527620823144887
25.058823529407448,0.03287821590293277,0.03488499211457105
25.082352941172132,0.04309292035924791,0.04397445630614084
25.105882352936817,0.05358262243234698,0.014858278467916508
25.1294117647015,0.03742033150272499,0.02177961894165275
25.152941176466186,0.029760396427383786,0.029322514943736163
25.17647058823087,0.03972216224241775,0.019546467219975633
25.199999999995555,0.0391990880075538,0.01823016631855591
25.22352941176024,0.030326840417095713,0.01787524967010655
25.247058823524924,0.03316490214607791,0.02466334541091702
25.27058823528961,0.03204699183583493,0.030181822425358072
25.294117647054293,0.028890036863674546,0.015505534680699888
25.317647058818977,0.03591883212581948,0.023948468941812816
25.34117647058366,0.032385982407030146,0.03489347374555807
25.364705882348346,0.026128423915755542,0.01986476369019357
25.38823529411303,0.030929248238901134,0.023778597216214135
25.411764705877715,0.03393195749382605,0.037339311367478915
25.4352941176424,0.029309329393812728,0.029723847725940975
25.458823529407084,0.026788742701989384,0.028924642673060226
25.48235294117177,0.02774846507519562,0.03441631049760411
25.505882352936453,0.02860076711232024,0.040519723968914304
25.529411764701138,0.027769749465649092,0.04108147717468142
25.552941176465822,0.02273194221452909,0.02836418022524284
25.576470588230507,0.022303868714577017,0.03922121373690525
25.59999999999519,0.027520156413106303,0.04898524762740858
25.623529411759876,0.027569465400808107,0.028762087473197043
25.64705882352456,0.024981967750213926,0.03423665084142011
25.670588235289244,0.026010180841504988,0.039496223461965387
25.69411764705393,0.02784770876437531,0.02458853590153744
25.717647058818613,0.0400939260212667,0.03186310695832369
25.741176470583298,0.04765606420075838,0.02796106384672936
25.764705882347982,0.03351369529467307,0.01700965142663303
25.788235294112667,0.034700537379121564,0.031354696645746825
25.81176470587735,0.05643606547500118,0.028580427736068045
25.835294117642036,0.05072409365472751,0.01580020956316564
25.85882352940672,0.033847194799611284,0.029479281783200893
25.882352941171405,0.03219440607216363,0.03264039008909961
25.90588235293609,0.042937018762142246,0.027652714341218545
25.929411764700774,0.048292844427145896,0.028877061468372482
25.95294117646546,0.03555369569100453,0.021010230342588275
25.976470588230143,0.03490402480914103,0.04168994396379113
25.999999999994827,0.05222676734622567,0.05054188003560927
26.02352941175951,0.043839885375828315,0.01826675534191491
26.047058823524196,0.03738295588003827,0.02913120876078422
26.07058823528888,0.04686627973144256,0.059247942281796515
26.094117647053565,0.04021988438495506,0.030221239131465648
26.11764705881825,0.033910188033822446,0.009553617432629558
26.141176470582934,0.03885107694453515,0.03449475504316481
26.16470588234762,0.034887270636678416,0.023870107259675304
26.188235294112303,0.03054838651690728,0.007818445170837327
26.211764705876988,0.035568448626394994,0.01598146890818091
26.235294117641672,0.03274290159448315,0.01986423249041889
26.258823529406357,0.028010405964425375,0.011554400230856502
26.28235294117104,0.03265734821526806,0.012738709929713325
26.305882352935726,0.035724806308296705,0.02445209331388161
26.32941176470041,0.03141781457372394,0.024771738143588372
26.352941176465094,0.028839563442900593,0.010139063720294368
26.37647058822978,0.03235340688017677,0.018557869073899023
26.399999999994463,0.03197551831189255,0.0270890177957821
26.423529411759148,0.02818269219119353,0.01819828090595708
26.447058823523832,0.027759272705552177,0.01890829328688774
26.470588235288517,0.026742047817011883,0.01793336392061661
26.4941176470532,0.024460874877659557,0.026032142828768617
26.517647058817886,0.0260080510295815,0.036778893278667256
26.54117647058257,0.02723029197106813,0.01492398385769526
26.564705882347255,0.02102810116676677,0.020401761341605838
26.58823529411194,0.02256622634316027,0.05052511311670139
26.611764705876624,0.02872043449829548,0.02498949561792771
26.63529411764131,0.02390853575994619,0.01642762608718429
26.658823529405993,0.024442219740738336,0.04330237983048082
26.682352941170677,0.03116387394821699,0.03316185147698048
26.70588235293536,0.029401271236759487,0.01801499772759094
26.729411764700046,0.033251384775349765,0.034078170104865
26.75294117646473,0.038707073154609695,0.026543206153145857
26.776470588229415,0.03381862911914814,0.021031195255443745
26.7999999999941,0.03203664762878039,0.03644456810931725
26.823529411758784,0.03377231308713967,0.026757551563757205
26.84705882352347,0.039048749859087566,0.02225529196553397
26.870588235288153,0.03695660211002681,0.04111405076386883
26.894117647052838,0.02116502394902075,0.03648036734011457
26.917647058817522,0.03573659662958652,0.021692548592335777
26.941176470582207,0.055623192190833164,0.030884046381517292
26.96470588234689,0.0353727265459255,0.03503908915686547
26.988235294111576,0.022630899590223442,0.031106269362087522
27.01176470587626,0.051727681241792896,0.027116152572547576
27.035294117640944,0.051731975214488586,0.019491091869486173
27.05882352940563,0.031192264466073583,0.03366867585013878
27.082352941170313,0.03247344201626121,0.04031586247047478
27.105882352934998,0.03982881444557006,0.02506833575196341
27.129411764699682,0.04015161665096418,0.021519339898782987
27.152941176464367,0.03340952109773999,0.03232718579715789
27.17647058822905,0.02975982826235368,0.029232396806609644
27.199999999993736,0.03969897603065021,0.01947211006091797
27.22352941175842,0.0375408029916341,0.015105583673225021
27.247058823523105,0.03092403005149284,0.017476354237717238
27.27058823528779,0.037347409743302154,0.02201408161078413
27.294117647052474,0.034411733722044445,0.02194645477465193
27.31764705881716,0.03115989078620391,0.013670185346119395
27.341176470581843,0.039510371449622314,0.02075164687269291
27.364705882346527,0.03643388079116934,0.03210229738542803
27.38823529411121,0.029805953185079448,0.020960320336228678
27.411764705875896,0.034533852799594096,0.01153108529549313
27.43529411764058,0.040631561786116266,0.025662316619775947
27.458823529405265,0.03352400044903759,0.023783450846082778
27.48235294116995,0.026710161082039063,0.014359672293677683
27.505882352934634,0.030670918904797163,0.014510054941352673
27.52941176469932,0.03231656886537366,0.01657147240690324
27.552941176464003,0.02587255247777181,0.023668703005220865
27.576470588228688,0.025719600377971392,0.018972255340623266
27.599999999993372,0.025370205388278638,0.010152019405948455
27.623529411758057,0.02451829441377432,0.023962128728651506
27.64705882352274,0.035093214014752044,0.025939233466529
27.670588235287426,0.036676058835448236,0.014543137581900343
27.69411764705211,0.022036947738761817,0.020195912767598394
27.717647058816794,0.03953467542615206,0.028234750616430857
27.74117647058148,0.06741021998804413,0.024325871687946966
27.764705882346163,0.04613950979495938,0.01864285060172852
27.788235294110848,0.03020540267898388,0.03511414644215817
27.811764705875532,0.05959285531332904,0.04027211254644106
27.835294117640217,0.06611355695702076,0.020990763291131552
27.8588235294049,0.04138700667537992,0.039169930870542456
27.882352941169586,0.03116162355216082,0.04856951995101929
27.90588235293427,0.043861558056237274,0.023849556962204966
27.929411764698955,0.04521330824181576,0.040472378874602234
27.95294117646364,0.034101217287497175,0.049686371385558245
27.976470588228324,0.03273735974576068,0.026211129317041355
27.99999999999301,0.044134015625046465,0.03738129298938631
28.023529411757693,0.03882811600749827,0.047138467063107606
28.047058823522377,0.03853255994411648,0.02799939896108961
28.07058823528706,0.048515420425234566,0.038679040283725354
28.094117647051746,0.0376646856762834,0.04176196203656042
28.11764705881643,0.03540555572511762,0.023998758273244908
28.141176470581115,0.04786310124621569,0.03957186514896959
28.1647058823458,0.037106535726695304,0.03700367216093373
28.188235294110484,0.03171013015923773,0.015477499311742941
28.21176470587517,0.04847854227512064,0.029680762257484842
28.235294117639853,0.04247398459556616,0.03562323369641671
28.258823529404538,0.028327742642352927,0.011573670804782138
28.282352941169222,0.03802566896282443,0.01932198312417189
28.305882352933907,0.041978362283237675,0.02925940912219018
28.32941176469859,0.03498483673867778,0.020606238845117707
28.352941176463275,0.03226542614861399,0.020773250458047954
28.37647058822796,0.03141734727915783,0.017123805850623144
28.399999999992644,0.029140103885191625,0.022253973989312045
28.42352941175733,0.029020843151706582,0.028855782420230985
28.447058823522013,0.029630208930541226,0.014558425754536575
28.470588235286698,0.029376533696328495,0.01320596572925918
28.494117647051382,0.027805444524682824,0.0238300940845793
28.517647058816067,0.02377699300095142,0.02339629639895083
28.54117647058075,0.0281186635701357,0.019000868453519597
28.564705882345436,0.03408228298108289,0.014147998068705172
28.58823529411012,0.025404357147061803,0.03129109838840446
28.611764705874805,0.018473359371434638,0.030996921143654092
28.63529411763949,0.030432499071041036,0.01648154220860519
28.658823529404174,0.030029895149559702,0.023045178349823392
28.68235294116886,0.017604463261788158,0.037204762841703376
28.705882352933543,0.023773431596562863,0.021796308293419973
28.729411764698227,0.037144123355356544,0.015504126469156552
28.75294117646291,0.03127329291834636,0.02996754389527271
28.776470588227596,0.025388311923573617,0.03007655250787161
28.79999999999228,0.04074558764699761,0.025647507515048098
28.823529411756965,0.04618481947484731,0.026198740112619804
28.84705882352165,0.035679553823018885,0.032873588666387565
28.870588235286334,0.03927074399946249,0.039119274022939306
28.89411764705102,0.0400599023463218,0.03128372183124977
28.917647058815703,0.036455186602966476,0.029130731489226007
28.941176470580388,0.051261309975468516,0.03694662208159389
28.964705882345072,0.05154084857911132,0.028872064073085152
28.988235294109757,0.034007086579610685,0.027442804479847566
29.01176470587444,0.04772658060020101,0.03493198835177596
29.035294117639125,0.06376263817826541,0.022788789234258304
29.05882352940381,0.04928769210529601,0.026017221148928817
29.082352941168494,0.040175093307770124,0.04488943568648318
29.10588235293318,0.041329922317561586,0.029502116693898708
29.129411764697863,0.04002093498719959,0.01657929352843841
29.152941176462548,0.03993913875717064,0.0401337966984741
29.176470588227232,0.027789105276829953,0.03197174813232139
29.199999999991917,0.026404729180438662,0.010982667673138005
29.2235294117566,0.037079201110388316,0.02867102895295264
29.247058823521286,0.031111279479221467,0.027777951339122538
29.27058823528597,0.02578912747213004,0.009005683476375235
29.294117647050655,0.03168705844226136,0.024110719936252727
29.31764705881534,0.03360815324603126,0.029755341686794782
29.341176470580024,0.03485691640873839,0.010784651254295468
29.36470588234471,0.02980022559880808,0.020118998809296487
29.388235294109393,0.026803209223152442,0.0303325936261568
29.411764705874077,0.035149748882311906,0.017916874161877015
29.43529411763876,0.03574562581769198,0.013941332300032276
29.458823529403446,0.024677308405623162,0.025141102845477676
29.48235294116813,0.02711143563914821,0.022163033351050573
29.505882352932815,0.03226920233146843,0.01012894681551406
29.5294117646975,0.02874475306305088,0.01612151739536169
29.552941176462184,0.02982795422622299,0.019244091368868673
29.57647058822687,0.030376066522152682,0.017018130861579574
29.599999999991553,0.02544381897865,0.020375433702710142
29.623529411756238,0.026904986298164443,0.01744291214562433
29.647058823520922,0.03329233892897559,0.019357055812375068
29.670588235285607,0.03206870192818362,0.029186813786069094
29.69411764705029,0.024167916627031546,0.02395029513716631
29.717647058814975,0.02973233514172032,0.01976544144301417
29.74117647057966,0.0449322452697228,0.022871939570036595
29.764705882344344,0.04427944742721541,0.026180032671255155
29.78823529410903,0.032145117166042875,0.0274546199617379
29.811764705873713,0.041779566249486644,0.0221200922915361
29.835294117638398,0.053293550629924316,0.018685297853557933
29.858823529403082,0.042459995233253306,0.030126921176241227
29.882352941167767,0.034089820828216426,0.03637119608892941
29.90588235293245,0.0374883410600257,0.0211100107174857
29.929411764697136,0.04108974001022488,0.02086667669522403
29.95294117646182,0.04154678847185105,0.03555385089627862
29.976470588226505,0.03337841580346578,0.03361433471575438
29.99999999999119,0.03522847588896351,0.024592126144463752
30.023529411755874,0.04908761596216817,0.021918452838932602
30.04705882352056,0.04156735248875138,0.036369867112646476
30.070588235285243,0.035975057524592825,0.044029396644323295
30.094117647049927,0.04686508244110061,0.02649754522408174
30.11764705881461,0.04018548461610934,0.018743946192233595
30.141176470579296,0.032379634763460535,0.04431659385563896
30.16470588234398,0.039090596873086636,0.035372259180633366
30.188235294108665,0.0393181533053365,0.017527623263615226
30.21176470587335,0.032383717543582796,0.02280933900036318
30.235294117638034,0.03313639131112833,0.029790999505922015
30.25882352940272,0.03697335919967428,0.020079773665655994
30.282352941167403,0.03404518026922334,0.021861139661404724
30.305882352932088,0.03269984855966176,0.02750318130003119
30.329411764696772,0.03473968091525087,0.020670450685150023
30.352941176461457,0.03257763792240998,0.020969664011073853
30.37647058822614,0.03010402480198599,0.03274669541894801
30.399999999990825,0.030776391598094803,0.027358316944117434
30.42352941175551,0.029058446304714436,0.02048111436122049
30.447058823520194,0.024799462626867212,0.035775960425634155
30.47058823528488,0.028467758923964616,0.029896093146719236
30.494117647049563,0.029491567625220667,0.016915220496691877
30.517647058814248,0.02229123422748775,0.03453738245142646
30.541176470578932,0.027428841063726006,0.027563926192352605
30.564705882343617,0.03194652036422008,0.01150114612817619
30.5882352941083,0.02208064781073152,0.02527422118836165
30.611764705872986,0.026522809686377512,0.026074908109746518
30.63529411763767,0.03207586591946495,0.02126209175700219
30.658823529402355,0.02463955331213756,0.018375302110868116
30.68235294116704,0.02598636316288252,0.017090473155771477
30.705882352931724,0.02861155479444042,0.030277081330745102
30.72941176469641,0.030881179202936346,0.031068868700226807
30.752941176461093,0.03658081640407476,0.012633905070481418
30.776470588225777,0.03181020979091399,0.02554081833264838
30.79999999999046,0.03569361289425153,0.04337004258986299
30.823529411755146,0.04570958062932493,0.020070824965834583
30.84705882351983,0.03857963185323352,0.019122703470813362
30.870588235284515,0.040788808651091406,0.04378593041286365
30.8941176470492,0.05064825131985093,0.029252949983128586
30.917647058813884,0.0415996839400903,0.022181733369336477
30.94117647057857,0.04306274449680493,0.03655112652186203
30.964705882343253,0.05922282852069395,0.02774197040904176
30.988235294107938,0.05363622786281467,0.03293639398652949
31.011764705872622,0.038592201282935557,0.04005576571595036
31.035294117637306,0.055534322943753545,0.023021470281143347
31.05882352940199,0.0615586641747077,0.03442930682514854
31.082352941166675,0.039249574042703635,0.05069170683535005
31.10588235293136,0.034059376588149816,0.032439694549968326
31.129411764696044,0.042931455426140235,0.024336557968794817
31.15294117646073,0.04123486810660625,0.0431902877918913
31.176470588225413,0.033090915605907566,0.0431948644727355
31.199999999990098,0.02564608051290482,0.027992351994336036
31.223529411754782,0.03278398269930029,0.02988266951694883
31.247058823519467,0.034200846708432146,0.03453429394320132
31.27058823528415,0.0249948764015602,0.03108322352696902
31.294117647048836,0.028786146340140047,0.02495198421738893
31.31764705881352,0.027552883806100804,0.025159498285904375
31.341176470578205,0.022823575402082085,0.02047652862841396
31.36470588234289,0.033073023908703196,0.017932840840909955
31.388235294107574,0.02839680592080516,0.019432641508413978
31.411764705872258,0.01976586203367714,0.014078456433581417
31.435294117636943,0.029681657519053137,0.01267955966297929
31.458823529401627,0.029920065113148233,0.019153687570708962
31.48235294116631,0.022180260491870624,0.024605137654401647
31.505882352930996,0.028468341617659498,0.021871668716423494
31.52941176469568,0.027414484049501087,0.020698281553771892
31.552941176460365,0.023631654901835965,0.030378911643622917
31.57647058822505,0.03196262762092669,0.027165524504871787
31.599999999989734,0.029721562765840003,0.017966928469813744
31.62352941175442,0.027176557122617774,0.024147365698565685
31.647058823519103,0.03386354271561329,0.022773612556155415
31.670588235283788,0.032881405025572574,0.01592336853940733
31.694117647048472,0.032953113960672714,0.020742042458917722
31.717647058813156,0.02856030359066644,0.019552613356395868
31.74117647057784,0.030783420257001474,0.014831894719668972
31.764705882342525,0.04790232710997317,0.026022109439115197
31.78823529410721,0.039468177876977074,0.026050129512532758
31.811764705871894,0.02355851222931787,0.01394225661191591
31.83529411763658,0.0452218457182698,0.02203539266030408
31.858823529401263,0.05932597304885688,0.030764350950308404
31.882352941165948,0.03537033625513329,0.03347078440993554
31.905882352930632,0.027684234286410415,0.024251912724423084
31.929411764695317,0.04311059604235513,0.024695091862712234
31.95294117646,0.04450129711525338,0.035257946226382016
31.976470588224686,0.03580751689803579,0.04401159315423422
31.99999999998937,0.03430187911194351,0.03372333916606219
32.023529411754055,0.04268296852198579,0.024582234117750935
32.04705882351874,0.044175269330859364,0.03300055945518481
32.070588235283424,0.038141979875847554,0.0448235622273051
32.09411764704811,0.041545915539326225,0.03383581784290402
32.11764705881279,0.03790050635871396,0.016687581291430286
32.14117647057748,0.03265466067470587,0.03063707457708301
32.16470588234216,0.04090354331356876,0.04456120774086732
32.188235294106846,0.035185892771810424,0.02118361568647542
32.21176470587153,0.03009160107528472,0.014021469504242748
32.235294117636215,0.03870297405971228,0.039439206243585545
32.2588235294009,0.03584125072317836,0.025899392560798633
32.282352941165584,0.03049153810957431,0.0171736572352718
32.30588235293027,0.03601077330890538,0.03430613341702429
32.32941176469495,0.0339121578226824,0.027207349966720192
32.35294117645964,0.03372241888376227,0.01771246185677423
32.37647058822432,0.03828922710687537,0.02968197863551681
32.39999999998901,0.032211875757122845,0.023890259189263387
32.42352941175369,0.03501485132312378,0.014713665878253577
32.447058823518375,0.03833805976107887,0.022010365610751193
32.47058823528306,0.029423136527440594,0.023736300726822448
32.494117647047744,0.03497200344440837,0.02043618976334259
32.51764705881243,0.03634318343112312,0.028202251187236318
32.54117647057711,0.027185857573578113,0.03528172446177815
32.5647058823418,0.03068779607674066,0.03735082417680685
32.58823529410648,0.03239994039538215,0.0430619566350322
32.61176470587117,0.02558361761392794,0.0427940745621328
32.63529411763585,0.024410763997883913,0.038109298148910134
32.658823529400536,0.025833166531212065,0.04477096433584735
32.68235294116522,0.02466106354318755,0.04312125698877304
32.705882352929905,0.023680287671057784,0.026273117001456354
32.72941176469459,0.025539962078486952,0.030151836655543975
32.752941176459274,0.028666116396773064,0.033603873543735376
32.77647058822396,0.02797593526281556,0.017845407091290528
32.79999999998864,0.02879165903668886,0.020506963276129362
32.82352941175333,0.03466119344375625,0.025125553180161443
32.84705882351801,0.03270736774864871,0.014904186861598367
32.870588235282696,0.03142190785107287,0.019281960864571245
32.89411764704738,0.04055980885460558,0.027824734115718064
32.917647058812065,0.03661169030152346,0.014271118108232114
32.94117647057675,0.02669697581190144,0.0167971920262331
32.964705882341434,0.04286234491776919,0.03031021042340997
32.98823529410612,0.05079809375082797,0.01998961606934466
33.0117647058708,0.03165272903796247,0.014475012942900638
33.03529411763549,0.040787478254880244,0.022955645736014146
33.05882352940017,0.05799470712455752,0.025545450107209218
33.08235294116486,0.0403680792102057,0.02178062610374094
33.10588235292954,0.03641506575355978,0.01995522183409237
33.129411764694225,0.04702346557660969,0.022785592527020615
33.15294117645891,0.03522682638547952,0.0277915409923842
33.176470588223594,0.03212323965925978,0.0221373699156036
33.19999999998828,0.03568743100504442,0.0166313143331967
33.22352941175296,0.031200989069166702,0.02138721798142752
33.24705882351765,0.032891532645695935,0.015045569027188323
33.27058823528233,0.030546274978982442,0.01018380983549128
33.29411764704702,0.02803575615722837,0.018897896075590195
33.3176470588117,0.03205628742569327,0.01640771166227244
33.341176470576386,0.029178304800981308,0.00878146442613085
33.36470588234107,0.02787107995131513,0.01913142376302034
33.388235294105755,0.027550135097097937,0.028552164040887916
33.41176470587044,0.02524152848902366,0.02036286097917752
33.435294117635124,0.028785701273397635,0.024396895966380054
33.45882352939981,0.02844719944522709,0.034116565036665714
33.48235294116449,0.02517214755811425,0.02863775594362095
33.50588235292918,0.032656898810828526,0.03467561095945645
33.52941176469386,0.03220482452854117,0.0347287795364071
33.552941176458546,0.02280296669476886,0.022567132411182054
33.57647058822323,0.033552854135749384,0.03843198283682949
33.599999999987915,0.03932070342388107,0.04329580008681351
33.6235294117526,0.02569466924162652,0.02236093562317271
33.647058823517284,0.030415916550931,0.026689037674866776
33.67058823528197,0.03720322405270861,0.04247166674429386
33.69411764704665,0.024676908298457305,0.034927740095237775
33.71764705881134,0.026258984259030612,0.03169034024666043
33.74117647057602,0.032854438426941565,0.030353947659355254
33.76470588234071,0.028597926071271013,0.029083930769747607
33.78823529410539,0.033907140144255436,0.04058298322442649
33.811764705870075,0.03287828629946461,0.0331386134286947
33.83529411763476,0.027115622830924384,0.016679263164834812
33.858823529399444,0.04038264467074876,0.037037030705067364
33.88235294116413,0.043149934617588474,0.053433448437859896
33.90588235292881,0.028233379922987203,0.018265723805131827
33.9294117646935,0.027732639691824,0.019003022952646543
33.95294117645818,0.03716416892540332,0.05814366710724832
33.97647058822287,0.03922366749204793,0.03157013808317591
33.99999999998755,0.029924835634962437,0.014661052664481929
34.023529411752236,0.03185732350620975,0.040301870255532335
34.04705882351692,0.04554171008001292,0.026786543617933974
34.070588235281605,0.03849649244837271,0.02262928766635619
34.09411764704629,0.033442499951160165,0.03651162831487384
34.117647058810974,0.04322696426934407,0.017149716943401547
34.14117647057566,0.0358311831633509,0.02109293248972552
34.16470588234034,0.03253320450376513,0.030958096671302844
34.18823529410503,0.039352379673847825,0.022794812554454976
34.21176470586971,0.030046580112197446,0.021156343158753303
34.235294117634396,0.027541024138146884,0.01969032301597049
34.25882352939908,0.03598055025874749,0.020765821312592796
34.282352941163765,0.029756404132965885,0.025752836946616404
34.30588235292845,0.026870626123670357,0.021371056719247362
34.329411764693134,0.03252420405138221,0.0189776704806905
34.35294117645782,0.02870820941474716,0.022608615512093536
34.3764705882225,0.029561888848598544,0.02546332681977316
34.39999999998719,0.032914291243221004,0.021840173055821917
34.42352941175187,0.02598982597192446,0.016814127695155397
34.44705882351656,0.02690216887144122,0.02216986218579183
34.47058823528124,0.03150164523221867,0.023709405854455655
34.494117647045925,0.026582040973949787,0.01697563493919818
34.51764705881061,0.025468022364702254,0.01961418913619806
34.541176470575294,0.02407465965534146,0.020850628992571014
34.56470588233998,0.021859873782241527,0.022515356867480362
34.58823529410466,0.026252123380242902,0.030549917469875648
34.61176470586935,0.02501625058782395,0.023676712263288328
34.63529411763403,0.021151741197001216,0.022057721035789277
34.65882352939872,0.028480741888922485,0.04510487693690736
34.6823529411634,0.027234725368153186,0.0345780491730439
34.705882352928086,0.023179165804424532,0.02024720776457815
34.72941176469277,0.03249391879014309,0.04058108101803887
34.752941176457455,0.02995324683414205,0.04364611764705112
34.77647058822214,0.02816272219391713,0.030068774955344827
34.799999999986824,0.03705408104023025,0.026829617941320626
34.82352941175151,0.03841429347408638,0.03913757967824242
34.84705882351619,0.03570038532373797,0.03879009355890488
34.87058823528088,0.03518454523749741,0.029551878944872063
34.89411764704556,0.043634864629792006,0.03490079862030003
34.917647058810246,0.043468099058558085,0.033728361899808955
34.94117647057493,0.028513344479825634,0.033204997352965164
34.964705882339615,0.03607471440230813,0.04124477867287954
34.9882352941043,0.05333975936801118,0.030007279560992438
35.011764705868984,0.038681277380393383,0.0329371850254061
35.03529411763367,0.028458362448304166,0.04205439216650773
35.05882352939835,0.051146911613466385,0.024707744639895682
35.08235294116304,0.05401995739057271,0.03393166020342873
35.10588235292772,0.03691293503310645,0.048581496149227424
35.12941176469241,0.041490165153030646,0.020171109734467285
35.15294117645709,0.04671071085921677,0.02585037988093073
35.176470588221775,0.041003300535459884,0.04596466425272558
35.19999999998646,0.04087864892163822,0.02201764667713614
35.223529411751144,0.03262605018637239,0.014216874639064406
35.24705882351583,0.034743969056144006,0.025032057726437504
35.27058823528051,0.044655785654891124,0.02052999325368098
35.2941176470452,0.03123723476564658,0.010929841540979002
35.31764705880988,0.02308661470447376,0.009913913109845345
35.34117647057457,0.03677448471741352,0.01570374330086771
35.36470588233925,0.03512960351524399,0.01531934342400915
35.388235294103936,0.023473993834475033,0.009974284887385682
35.41176470586862,0.028278528140236944,0.012020480277200537
35.435294117633305,0.029105807819376158,0.01631669561673143
35.45882352939799,0.024325501593416635,0.01274873000018957
35.482352941162674,0.028245473933220622,0.009563091346176843
35.50588235292736,0.03182632870463143,0.013731201077967674
35.52941176469204,0.024533042448897993,0.011889755053890142
35.55294117645673,0.022249997835823564,0.010460650901694403
35.57647058822141,0.03271913336665122,0.01580801416954745
35.599999999986096,0.032997463540429324,0.012253459101574143
35.62352941175078,0.022210157799873047,0.016726729642327586
35.647058823515465,0.027417432860396464,0.023554480590219595
35.67058823528015,0.03430776284236412,0.018017922361458442
35.694117647044834,0.02694653924132898,0.03128832498000812
35.71764705880952,0.030659701699656667,0.03568082555066537
35.7411764705742,0.03209652550945995,0.02795513269205314
35.76470588233889,0.026916445518305732,0.033646616314483895
35.78823529410357,0.042208281238715395,0.037666331639939356
35.811764705868256,0.042580768600661865,0.041267473259729286
35.83529411763294,0.025213424913402654,0.03603152680649912
35.858823529397625,0.03975569987177409,0.025607700521839805
35.88235294116231,0.054288357830790536,0.04791922030574292
35.905882352926994,0.0409863869966046,0.04475270016912234
35.92941176469168,0.030795543094235746,0.026088815405050432
35.95294117645636,0.038653042453604,0.05170801594653804
35.97647058822105,0.04596322453993793,0.049478191021023674
35.99999999998573,0.04019650521387253,0.03216860805757783
36.02352941175042,0.029340114875994677,0.04615519240316606
36.0470588235151,0.03645162991351939,0.04684140221114088
36.070588235279786,0.04385337180823461,0.04058916754005655
36.09411764704447,0.03167289931899872,0.042175719611674975
36.117647058809155,0.032165041365715026,0.03548903429735573
36.14117647057384,0.04038376351782445,0.04065928398608307
36.164705882338524,0.03011673474214514,0.04711786876658914
36.18823529410321,0.03138212785029917,0.03475586134372133
36.21176470586789,0.03779256228576199,0.024955440989659277
36.23529411763258,0.02805384978535064,0.032421141408882984
36.25882352939726,0.03025605584427169,0.032508797245962506
36.282352941161946,0.04116884308165219,0.020938916846875294
36.30588235292663,0.031076338894037686,0.015205047032523981
36.329411764691315,0.027943458321448646,0.023315972567984348
36.352941176456,0.03889050457237095,0.021125490636243246
36.376470588220684,0.036563322354737436,0.010944698092224
36.39999999998537,0.031159502767491683,0.016377277627347347
36.42352941175005,0.02943917927575548,0.020188455642675424
36.44705882351474,0.02926794182720482,0.013052323167246322
36.47058823527942,0.03223684697823359,0.010156720012129068
36.494117647044106,0.028967286660822975,0.017014553539023043
36.51764705880879,0.02472941873424686,0.01379649565568818
36.541176470573475,0.026765266243778594,0.010130609925870471
36.56470588233816,0.02956811337641502,0.013592211955354224
36.588235294102844,0.027027517941537217,0.011860785261802665
36.61176470586753,0.023787295809323514,0.013354896855888525
36.63529411763221,0.028865609968547284,0.016409073645986993
36.6588235293969,0.030238905238775045,0.01259028265990908
36.68235294116158,0.024100730658029403,0.019206187425071863
36.70588235292627,0.021505706706646116,0.020027699917495183
36.72941176469095,0.028721034007879554,0.015277541387134844
36.752941176455636,0.029283676650720042,0.028195388206453245
36.77647058822032,0.01981483203606113,0.027053255379145057
36.799999999985005,0.02498025955769978,0.018802513604187946
36.82352941174969,0.03376294642543133,0.0336337321382188
36.847058823514374,0.029528811573124134,0.039040942856350985
36.87058823527906,0.028619640780228123,0.03115021609626499
36.89411764704374,0.03609910595972791,0.04134293700719786
36.91764705880843,0.04436689541879718,0.043350776956381495
36.94117647057311,0.033164024171755346,0.03576551662944001
36.964705882337796,0.03051100805094192,0.05287930876968218
36.98823529410248,0.054244164953484275,0.05181481141597478
37.011764705867165,0.053491769322845106,0.03491068867982237
37.03529411763185,0.028115138143408325,0.051137813673004115
37.058823529396534,0.05026065315139438,0.05192269973872868
37.08235294116122,0.06287109567409048,0.048357560411607416
37.1058823529259,0.03883869673226687,0.052654676354727266
37.12941176469059,0.04050716960726666,0.04516014905866723
37.15294117645527,0.05279550639411855,0.05002968413454464
37.176470588219956,0.036730135657942135,0.05395437373031931
37.19999999998464,0.033205402328424526,0.039470438417140506
37.223529411749325,0.04002096635153129,0.03395319043404678
37.24705882351401,0.03263830230936323,0.03280746588066892
37.270588235278694,0.03226938500762576,0.03056977155080511
37.29411764704338,0.03640908852251382,0.023590487025476715
37.31764705880806,0.030011189780878165,0.01442614869279211
37.34117647057275,0.029054384715662792,0.01824325979006889
37.36470588233743,0.03420992604599695,0.01665211213526201
37.38823529410212,0.03261516670481638,0.013763753300974539
37.4117647058668,0.030770402172116303,0.017451108448135588
37.435294117631486,0.026990174440821385,0.01430868044738098
37.45882352939617,0.02859820866444919,0.013905926305440535
37.482352941160855,0.038565674326271,0.017171920303730194
37.50588235292554,0.031883400616717905,0.01970145858025612
37.529411764690224,0.02532816505184435,0.017318453027240263
37.55294117645491,0.03137662732855571,0.011971207133866318
37.57647058821959,0.030282329957135815,0.018908950032681983
37.59999999998428,0.029622983116966855,0.0228617076368608
37.62352941174896,0.02853555382681246,0.010860642395270504
37.647058823513646,0.025564352843170123,0.016172795437290118
37.67058823527833,0.030447112957660217,0.02361228557373441
37.694117647043015,0.029877317076140098,0.011221919332429274
37.7176470588077,0.026732309150454745,0.016099917925931493
37.741176470572384,0.02947318103081707,0.023437158464974576
37.76470588233707,0.028180603234831653,0.013045536120297973
37.78823529410175,0.03225114607954664,0.01639411210015865
37.81176470586644,0.039659245800351864,0.02516066726492477
37.83529411763112,0.02921768245281896,0.018766649591654912
37.858823529395806,0.029591376174532818,0.016663191270155718
37.88235294116049,0.04604165928951492,0.02790802032705998
37.905882352925175,0.04584228443301661,0.02523315287913904
37.92941176468986,0.03647120805227851,0.023875561241624266
37.952941176454544,0.03817044222135901,0.03592792964064403
37.97647058821923,0.043566753280804206,0.030366699293181268
37.99999999998391,0.046959614005448985,0.032027079521424785
38.0235294117486,0.04529360184623627,0.04826068147362664
38.04705882351328,0.04076946845372284,0.031721845135406004
38.07058823527797,0.046780198518337944,0.031067484891379695
38.09411764704265,0.048814809206638936,0.05777717079298373
38.117647058807336,0.0424754341033352,0.04232405253562372
38.14117647057202,0.04446135072744292,0.024026427189604016
38.164705882336705,0.04245025452823144,0.0539026578870913
38.18823529410139,0.034749685414171165,0.055716622636368195
38.211764705866074,0.03337146750020076,0.01963681310338151
38.23529411763076,0.0357308149356453,0.04175506611906479
38.25882352939544,0.031387555723535285,0.055603557824746734
38.28235294116013,0.026986213024556775,0.026719201372296407
38.30588235292481,0.03272430610593046,0.031118572195067418
38.329411764689496,0.041006109806961795,0.045279099705629856
38.35294117645418,0.03687853266714703,0.025821566198109127
38.376470588218865,0.031240431155800073,0.016146777457103197
38.39999999998355,0.038635228307358334,0.027905073329742795
38.423529411748234,0.045342872885594944,0.01994756335037088
38.44705882351292,0.03525080557961398,0.011208726347737686
38.4705882352776,0.025877833400939302,0.014433869626770943
38.49411764704229,0.03577584495038892,0.01794766884963427
38.51764705880697,0.03922430815271734,0.015328165830419802
38.541176470571656,0.02621237421440173,0.015010266804926299
38.56470588233634,0.023525343128398057,0.02171532875257711
38.588235294101025,0.033550275830625226,0.026313481647688184
38.61176470586571,0.03153712323213264,0.013956724205734248
38.635294117630394,0.028507811309246907,0.013900123106370298
38.65882352939508,0.030169543842148216,0.02898833777309082
38.68235294115976,0.030472754048409333,0.015943681622203332
38.70588235292445,0.03332706637726244,0.011191612157807364
38.72941176468913,0.03149437250726211,0.02292382400985017
38.75294117645382,0.0315174404424751,0.013972738753139398
38.7764705882185,0.036828140963946814,0.016370114720709504
38.799999999983186,0.035836326513804556,0.021830157571277476
38.82352941174787,0.037154811516606844,0.012128367917500896
38.847058823512555,0.042002101483206586,0.018488579837586495
38.87058823527724,0.0421013094840616,0.021811357024454556
38.894117647041924,0.041654010431134286,0.019644181619064977
38.91764705880661,0.04801490465600415,0.02173378373033938
38.94117647057129,0.048796269913405806,0.021588065309107965
38.96470588233598,0.03797725986640482,0.0311948992263877
38.98823529410066,0.046601967299621815,0.03613742167331029
39.011764705865346,0.0586910986264837,0.02795349636899444
39.03529411763003,0.04122980115254454,0.02985682238769164
39.058823529394715,0.036728293011184646,0.04395931651604685
39.0823529411594,0.05629887628511127,0.049491883247815206
39.105882352924084,0.053025343498469324,0.03396789407086698
39.12941176468877,0.032711012083833486,0.037829320327545685
39.15294117645345,0.04260827309693923,0.0575851906544938
39.17647058821814,0.047301772146294524,0.053291445218314644
39.19999999998282,0.031196243488542073,0.03248767572179316
39.223529411747506,0.034611168567491794,0.038506846818425214
39.24705882351219,0.03602066330613973,0.04880410578425414
39.270588235276875,0.026209421994710564,0.03116324865381206
39.29411764704156,0.03475564306758025,0.019206872116682892
39.317647058806244,0.032636179412416304,0.025802786475204762
39.34117647057093,0.022978873131654604,0.024623212226503793
39.36470588233561,0.033335916698478275,0.017245002177856048
39.3882352941003,0.03549753654214029,0.024225807873833455
39.41176470586498,0.025745556736036117,0.02918719402367799
39.43529411762967,0.028837327673923455,0.019957700627577422
39.45882352939435,0.02861655566765712,0.025208067179928142
39.482352941159036,0.025001929178002865,0.03642013054472582
39.50588235292372,0.02924879164676271,0.029752291448296084
39.529411764688405,0.025119810333476156,0.02312612715873346
39.55294117645309,0.0194101025762775,0.03561523500713587
39.576470588217774,0.028995118761993333,0.0387825316693536
39.59999999998246,0.03402777799483286,0.02478534424678469
39.62352941174714,0.02567367147826768,0.024818845392178244
39.64705882351183,0.026589063660822494,0.03178677188201571
39.67058823527651,0.03184723842063167,0.03136792807434743
39.694117647041196,0.034983450608614845,0.02557594298564166
39.71764705880588,0.03522496736310519,0.018414321703862892
39.741176470570565,0.028969385653054725,0.030408860518905925
39.76470588233525,0.030127170607653696,0.03291777718003523
39.788235294099934,0.04261006563731021,0.019100364870604
39.81176470586462,0.04363125963110401,0.023976577400061903
39.8352941176293,0.03557905008480726,0.030361584251400495
39.85882352939399,0.03711271158234901,0.021193868932134544
39.88235294115867,0.05203907030136764,0.020774500692372824
39.905882352923356,0.0591056624235198,0.022831436309721686
39.92941176468804,0.04098837554569319,0.01894958604711803
39.952941176452725,0.037857431418785586,0.028437052653369307
39.97647058821741,0.0533131469491409,0.03328227192192242
39.999999999982094,0.047565412884775886,0.018281540546028575
40.02352941174678,0.03753707270733358,0.038011617337233156
40.04705882351146,0.04092930921954691,0.0549267051863016
40.07058823527615,0.04181363955041353,0.025588562551817583
40.09411764704083,0.04188290213250167,0.04027475278774582
40.11764705880552,0.04328535044928297,0.05887823358508202
40.1411764705702,0.03922055853432998,0.03031854815872561
40.164705882334886,0.036329985377017614,0.03884782914481304
40.18823529409957,0.037453602802607386,0.0514512262240113
40.211764705864255,0.03486676908282949,0.03432395068062201
40.23529411762894,0.033355977047474845,0.03146188136016455
40.258823529393624,0.030607041770415695,0.03833917758930528
40.28235294115831,0.02555498894042504,0.04335586485994202
40.30588235292299,0.030802108791038167,0.02106013669593559
40.32941176468768,0.028966027590775573,0.019976140302944062
40.35294117645236,0.022175784613040855,0.04040753930674567
40.376470588217046,0.028985304846691828,0.02075196776265862
40.39999999998173,0.029257993781026788,0.013470381328277945
40.423529411746415,0.024088419830030044,0.02952629286906415
40.4470588235111,0.025434797616710855,0.022153062280199382
40.470588235275784,0.025248086089673834,0.01878292190632706
40.49411764704047,0.02654744375404145,0.02463461148042736
40.51764705880515,0.026536153756585804,0.025470883700046836
40.54117647056984,0.019888135501596578,0.027598776794183134
40.56470588233452,0.021597575687654386,0.026312323706802386
40.588235294099206,0.026417556924007442,0.02072668632473288
40.61176470586389,0.02526997969726745,0.026506019594642997
40.635294117628575,0.023370705197889724,0.029838951914544002
40.65882352939326,0.02259227290354152,0.021119110556469194
40.682352941157944,0.02813740211636666,0.01924166911633338
40.70588235292263,0.03282105635698153,0.02552595357293119
40.72941176468731,0.030843003393276124,0.02118020688334014
40.752941176452,0.03044625787367821,0.019174640084182196
40.77647058821668,0.033490212693967895,0.020433613508245317
40.79999999998137,0.04539886802503977,0.016597613278958645
40.82352941174605,0.04312382787370159,0.01917320700413997
40.847058823510736,0.032546533890989486,0.01751238993309549
40.87058823527542,0.047845883527450166,0.014332775782655861
40.894117647040105,0.05368470895083693,0.021583761191106585
40.91764705880479,0.04007065176509763,0.01705802982873698
40.941176470569474,0.04481261200541605,0.012358644982874985
40.96470588233416,0.048718490217370375,0.028082486444673635
40.98823529409884,0.04108657763395156,0.02820316422008715
41.01176470586353,0.0497521269373499,0.010897536783887113
41.03529411762821,0.050531349133035745,0.02348841352324415
41.058823529392896,0.03727224593115647,0.0395719574138977
41.08235294115758,0.04557171850094517,0.027389267481515135
41.105882352922265,0.05355488219841761,0.01842154650988215
41.12941176468695,0.04543479100365985,0.029972851339324938
41.152941176451634,0.03603431163729997,0.034632144905871694
41.17647058821632,0.04045126451351161,0.031754361200318014
41.199999999981,0.044009114227327895,0.02847298116160757
41.22352941174569,0.03820806424779314,0.029888653960862186
41.24705882351037,0.031851640920449675,0.033231825470739065
41.270588235275056,0.03193152606884827,0.033327760553826684
41.29411764703974,0.036774846183942334,0.03456013755470003
41.317647058804425,0.034687480564664,0.027457114818709893
41.34117647056911,0.026400207382509033,0.02442154550874837
41.364705882333794,0.030083018252705124,0.03626790127180255
41.38823529409848,0.032838437582231615,0.030682452456605218
41.41176470586316,0.02705152420727335,0.018375413876903553
41.43529411762785,0.029467993910544808,0.02638172993064256
41.45882352939253,0.029742040796905993,0.0266700674802507
41.48235294115722,0.02547433735837846,0.020532003762920414
41.5058823529219,0.030434246427461814,0.016839231095300448
41.529411764686586,0.032939287737059876,0.015409641061057832
41.55294117645127,0.026310138811910074,0.020451046554579754
41.576470588215955,0.025629592006491814,0.021585373178741263
41.59999999998064,0.030432711774997352,0.0162996572195791
41.623529411745324,0.029874901487698047,0.01804109135177064
41.64705882351001,0.025456941628148256,0.02399140861751319
41.67058823527469,0.026608715481385988,0.029175917280945218
41.69411764703938,0.03389930660932597,0.02365267855793202
41.71764705880406,0.0302871181278113,0.017897029167368093
41.741176470568746,0.026154259753764914,0.02360444146329379
41.76470588233343,0.035580479356918354,0.028843511843295946
41.788235294098115,0.03563124094776374,0.018637674324922842
41.8117647058628,0.03833335336549762,0.01711076547610298
41.835294117627484,0.04669392213624721,0.025003852088077334
41.85882352939217,0.035892036940619196,0.02161780247867092
41.88235294115685,0.039825140031769436,0.019839273057759444
41.90588235292154,0.05772006475612215,0.02605403093632498
41.92941176468622,0.042174818654334006,0.026477460712769095
41.952941176450906,0.030901286857620152,0.024240342503172866
41.97647058821559,0.0472192382902754,0.03653697190193929
41.999999999980275,0.042045361863548805,0.034484401155427676
42.02352941174496,0.03375559913127986,0.02133685021353321
42.047058823509644,0.04194364520274546,0.042889176549668964
42.07058823527433,0.04148943058385374,0.047266982271152
42.09411764703901,0.040490094090048834,0.02164985809448804
42.1176470588037,0.04775380482816015,0.030394257875350276
42.14117647056838,0.045559057148125845,0.04444139107772745
42.16470588233307,0.03973377948618858,0.03353644376004143
42.18823529409775,0.04133377099696846,0.024492281627671905
42.211764705862436,0.03885747650618731,0.03120349716699457
42.23529411762712,0.03497045976806144,0.041121291999968876
42.258823529391805,0.038113903311760865,0.029994299882838586
42.28235294115649,0.029912847511140317,0.019780787698994735
42.305882352921174,0.027421983567364045,0.033196398416454304
42.32941176468586,0.04125910745799633,0.0256423015568983
42.35294117645054,0.030738732197852475,0.01668343110285923
42.37647058821523,0.02377169588339756,0.020975746215690216
42.39999999997991,0.04476105415466396,0.023022806112591197
42.423529411744596,0.04211110757813847,0.02171426179839758
42.44705882350928,0.026109137785375946,0.015776421384124557
42.470588235273965,0.035607508405249046,0.020641929878360794
42.49411764703865,0.04270884806896234,0.02577633221472703
42.517647058803334,0.03358867825059525,0.015573968435041377
42.54117647056802,0.030406557077392607,0.016011090942794782
42.5647058823327,0.03191986425446324,0.022732823085982658
42.58823529409739,0.03115316342165579,0.015503163653366337
42.61176470586207,0.028419910016604436,0.014712610702362515
42.635294117626756,0.03231445289007689,0.024411538601030805
42.65882352939144,0.031306687582634975,0.022181979756740907
42.682352941156125,0.02475967591391656,0.016728711227306847
42.70588235292081,0.03402083711739196,0.025639371502087997
42.729411764685494,0.03600341119324927,0.02719426906875185
42.75294117645018,0.023136806379549436,0.022388762322562688
42.77647058821486,0.030975634437851934,0.0272861439951789
42.79999999997955,0.03636049863250072,0.023706212061201413
42.82352941174423,0.029712410781737992,0.022621024278849763
42.84705882350892,0.03115644242347852,0.027221148874667547
42.8705882352736,0.03847132900095374,0.01888818069384413
42.894117647038286,0.04350786001869252,0.020297037289444785
42.91764705880297,0.041667281529058395,0.034169972501870004
42.941176470567655,0.04229699642462429,0.021949986452540034
42.96470588233234,0.047904476590598245,0.021858562019585942
42.988235294097024,0.04204564919715504,0.04188941668838494
43.01176470586171,0.04350030847945806,0.03395215990289475
43.03529411762639,0.052181066256316404,0.024052251601346972
43.05882352939108,0.04421768365212232,0.0427896896899177
43.08235294115576,0.04024288394550462,0.04875229404933878
43.105882352920446,0.05401504976041718,0.03318844212292557
43.12941176468513,0.054223467927074664,0.03232611241184699
43.152941176449815,0.03857456573321717,0.04925685030779558
43.1764705882145,0.040789688131096236,0.054654183290020086
43.199999999979184,0.0491200542596397,0.039410461787702765
43.22352941174387,0.03511381889964314,0.03324627821090971
43.24705882350855,0.03179330693091904,0.054686613469679964
43.27058823527324,0.0423453857098203,0.05484974974117338
43.29411764703792,0.03285384487041408,0.026106458565407647
43.317647058802606,0.03326185050459834,0.029035916832270296
43.34117647056729,0.03726436670324127,0.0380281945661193
43.364705882331975,0.029395796332618882,0.020044833166745248
43.38823529409666,0.041949612672287,0.01626656009675424
43.411764705861344,0.04467740368346696,0.02306441762857911
43.43529411762603,0.026616494348915352,0.017276226086588308
43.45882352939071,0.03288986183893877,0.012257591977104665
43.4823529411554,0.04484980385003527,0.020068669623752703
43.50588235292008,0.032621933952324475,0.02577600557607618
43.52941176468477,0.024515222058949966,0.011973971651178054
43.55294117644945,0.030009680068049934,0.01845358963483934
43.576470588214136,0.03248601297044095,0.029115738484005074
43.59999999997882,0.026703955254039877,0.013026654408927573
43.623529411743505,0.025168317323073182,0.017025124736626276
43.64705882350819,0.027914346639226425,0.024873378153733413
43.670588235272874,0.02463512315048026,0.017523257621985932
43.69411764703756,0.02677407991290222,0.01930624375179577
43.71764705880224,0.0316802501696923,0.02044600091841215
43.74117647056693,0.025403636155650913,0.02226954495387644
43.76470588233161,0.023563414428195532,0.032107485680713733
43.788235294096296,0.03080727545615315,0.02857148292919231
43.81176470586098,0.03580272155500434,0.02197016474315788
43.835294117625665,0.035505721516174205,0.03422848662344221
43.85882352939035,0.031820350674242805,0.03790992401460421
43.882352941155034,0.03324035191311646,0.024645356971216517
43.90588235291972,0.04870970324932055,0.03338849572302173
43.9294117646844,0.05207117190167836,0.03823676544400409
43.95294117644909,0.03994071294669575,0.029223767127941617
43.97647058821377,0.041173114194963285,0.04094731135573617
43.999999999978456,0.05012539795791642,0.03768561209163354
44.02352941174314,0.04872102108065836,0.028150844617364938
44.047058823507825,0.04438993379151217,0.0467793958351553
44.07058823527251,0.03979479877245519,0.04538313603589095
44.094117647037194,0.044094098887302216,0.02989101653566398
44.11764705880188,0.04816061877577828,0.030809971659857004
44.14117647056656,0.044068225271526366,0.04050229942431498
44.16470588233125,0.040571048929235895,0.04225233824258069
44.18823529409593,0.041311782034995644,0.0290247472080738
44.21176470586062,0.03972760537623909,0.022638280509350368
44.2352941176253,0.03637498994422146,0.0455026381842561
44.258823529389986,0.037019540487922685,0.039770328586753764
44.28235294115467,0.03381386218957263,0.017673531904025822
44.305882352919355,0.028135917919000098,0.026438013199308056
44.32941176468404,0.03509021133481881,0.03388799464361642
44.352941176448724,0.032817050107105096,0.022111392558350946
44.37647058821341,0.024661073697903248,0.015415865904662514
44.39999999997809,0.0335574902551323,0.016248575457548303
44.42352941174278,0.0347942541283168,0.019771820845455028
44.44705882350746,0.029789964254497075,0.02094071503989885
44.470588235272146,0.03420529983323847,0.014595223059765869
44.49411764703683,0.03190861572425725,0.023824028372682642
44.517647058801515,0.0313971141301683,0.023616431405632955
44.5411764705662,0.03932505837338962,0.016290206366869914
44.564705882330884,0.033836256693449016,0.031392104087259703
44.58823529409557,0.021967773598055754,0.03497202976903281
44.61176470586025,0.03310496000892953,0.014673679554813072
44.63529411762494,0.0411844080327084,0.019663213118178636
44.65882352938962,0.023523177984318962,0.03210245890653887
44.682352941154306,0.023446043844850675,0.0142935457131853
44.70588235291899,0.03580695729023776,0.011054826457679108
44.729411764683675,0.03234804162787397,0.021420457712255012
44.75294117644836,0.02699659516623959,0.01566252016372402
44.776470588213044,0.02886062498522649,0.015467323221884217
44.79999999997773,0.03426785788223124,0.029263190240667113
44.82352941174241,0.03754724323844818,0.024500475389773502
44.8470588235071,0.030556633514561553,0.019339329420748553
44.87058823527178,0.03138425856158428,0.029138327407869646
44.89411764703647,0.04342983118589525,0.02993640882453456
44.91764705880115,0.039498366960230076,0.01962860949237752
44.941176470565836,0.03583192149668302,0.01985514170779126
44.96470588233052,0.04735505137511808,0.03052522954692527
44.988235294095205,0.04220580267689248,0.029534878073882373
45.01176470585989,0.0395593671266281,0.01914736117408625
45.035294117624574,0.05665113831330072,0.03623758746028315
45.05882352938926,0.04848482861954751,0.04535427585507957
45.08235294115394,0.03576355395455554,0.03278298275565407
45.10588235291863,0.05288617006224069,0.030172910121890377
45.12941176468331,0.06111078732740031,0.04696528957251977
45.152941176447996,0.044880342431517256,0.039534423693444225
45.17647058821268,0.03615749333725231,0.029068059097424385
45.199999999977365,0.04644835697305196,0.03439819353729009
45.22352941174205,0.04617813473187756,0.03454921852551916
45.247058823506734,0.029975382460510742,0.035493168700862596
45.27058823527142,0.02798480800152651,0.033509683190403365
45.2941176470361,0.031154768711211717,0.029841514969696344
45.31764705880079,0.02945040007108826,0.029918183966396495
45.34117647056547,0.02798493104578525,0.02619171515612522
45.364705882330156,0.026271852827969316,0.026056766602643878
45.38823529409484,0.03330234461050373,0.027474346425625094
45.411764705859525,0.03530557347602286,0.02240268321372667
45.43529411762421,0.027784300443218772,0.01869853042179423
45.458823529388894,0.03176437921609596,0.020842542213519548
45.48235294115358,0.03506186979996907,0.028531554276101673
45.50588235291826,0.031616037172892304,0.026742528331571196
45.52941176468295,0.031326876628582405,0.016929753662078762
45.55294117644763,0.030279398991307556,0.016682022947254353
45.57647058821232,0.029480653843203367,0.026777639305110946
45.599999999977,0.03174095861986052,0.018931660571836484
45.623529411741686,0.03049180644179404,0.00995100524833175
45.64705882350637,0.02739981440239975,0.013211533731196202
45.670588235271055,0.02698906546016938,0.016776013670602087
45.69411764703574,0.03051924508897635,0.008988507139705495
45.717647058800424,0.03824336285681119,0.014423745102768911
45.74117647056511,0.03489354258380398,0.023184578381207487
45.76470588232979,0.02457109615539136,0.009990151491854416
45.78823529409448,0.03547803061354164,0.015050882122771463
45.81176470585916,0.0503254376819766,0.028517502424384476
45.835294117623846,0.0401693301476356,0.017132481294357172
45.85882352938853,0.034276323394968305,0.010472662373624772
45.882352941153215,0.04357713764852459,0.023642742794858663
45.9058823529179,0.05209010529306808,0.021202810219350984
45.929411764682584,0.04983378206774068,0.011730044537833837
45.95294117644727,0.04476859359169833,0.01679200880790754
45.97647058821195,0.04281504211931805,0.029640154923430695
45.99999999997664,0.04788486872037751,0.02327205380770392
46.02352941174132,0.04896025581625272,0.017940035299375903
46.047058823506006,0.04324478268581173,0.04495162573285627
46.07058823527069,0.0384736555124651,0.049903355733078775
46.094117647035375,0.04298044017310405,0.026997723086435693
46.11764705880006,0.04547289563976089,0.04321276244803491
46.141176470564744,0.041644915143539095,0.057811337715351734
46.16470588232943,0.041334140568681094,0.036156741983537945
46.18823529409411,0.04304729775925325,0.042141248807678514
46.2117647058588,0.04453854969314693,0.046122073370390676
46.23529411762348,0.04417053056919709,0.028966660336778877
46.25882352938817,0.04169734581725225,0.037218253788119014
46.28235294115285,0.0402098512355865,0.04185807904771245
46.305882352917536,0.03881677349145351,0.02248904345689795
46.32941176468222,0.03755684170414778,0.02619149042881782
46.352941176446905,0.03688010765117799,0.03575928316026578
46.37647058821159,0.03288422524243468,0.022879623134131822
46.399999999976274,0.03006228191897522,0.017046551647976232
46.42352941174096,0.036508196648772515,0.022536983673547534
46.44705882350564,0.035378264702755735,0.021594839674687418
46.47058823527033,0.03095294620162652,0.019289517579524698
46.49411764703501,0.03475854283403752,0.01884370727844491
46.517647058799696,0.030246191553595692,0.016335288500782037
46.54117647056438,0.03210614577032011,0.020639167760742066
46.564705882329065,0.041421897549693554,0.027274275379892274
46.58823529409375,0.028889351586155295,0.016969352071120863
46.611764705858434,0.025366164532547916,0.016284120063744332
46.63529411762312,0.0401764381266689,0.028518037853377382
46.6588235293878,0.03238756671406248,0.022860583903228766
46.68235294115249,0.021638166543108114,0.012647660411253678
46.70588235291717,0.027390609037192277,0.022950840133042813
46.729411764681856,0.026849477152252374,0.021748542295936323
46.75294117644654,0.023401690322306257,0.012002172312418489
46.776470588211225,0.020686290821529077,0.020130127034843192
46.79999999997591,0.02234608655751277,0.023247992602129744
46.823529411740594,0.02849987019009268,0.014339473226111064
46.84705882350528,0.027002533603395554,0.021659053592499592
46.87058823526996,0.021320426266575467,0.03226909882165116
46.89411764703465,0.03234513398219157,0.019967447649988986
46.91764705879933,0.04316877878659883,0.017797771666322723
46.94117647056402,0.035742486372192975,0.03726963350033342
46.9647058823287,0.035321099252060575,0.028864308042691397
46.988235294093386,0.05193945755058006,0.015845879175367294
47.01176470585807,0.05206974157564374,0.029959046891272396
47.035294117622755,0.04345777805550211,0.03709466590700968
47.05882352938744,0.050237145777470515,0.028555831372503535
47.08235294115212,0.05345902077221089,0.024993865163346785
47.10588235291681,0.042707219446113776,0.030342434351185294
47.12941176468149,0.04699133159390157,0.04885221856113951
47.15294117644618,0.05095576465072164,0.03645221010202786
47.17647058821086,0.03722726304863157,0.02967562522031789
47.199999999975546,0.03643993189870796,0.04481954607592076
47.22352941174023,0.044472858867632366,0.052533202782925385
47.247058823504915,0.03553873780388564,0.042005625783746746
47.2705882352696,0.028239972716829227,0.03950731788095897
47.294117647034284,0.035494185283473825,0.042354187581844525
47.31764705879897,0.035481826536347634,0.045179548627580314
47.34117647056365,0.02488552474157658,0.03964656367262136
47.36470588232834,0.028668223241005892,0.030754253193826065
47.38823529409302,0.028867352147918475,0.024810555766375624
47.411764705857706,0.024819392068913003,0.02379081277737591
47.43529411762239,0.030937856118569165,0.021474447869472137
47.458823529387075,0.023402247037993838,0.013528022454391993
47.48235294115176,0.02113427261459407,0.016715127894811103
47.505882352916444,0.0343759293360428,0.021741582451952405
47.52941176468113,0.029616069596874278,0.01505119695499296
47.55294117644581,0.022901195113885962,0.013444721998270865
47.5764705882105,0.027271821749247097,0.02281955768642362
47.59999999997518,0.029337475274336815,0.02699692075191534
47.62352941173987,0.032596964065223236,0.02271109622136735
47.64705882350455,0.027106946243720207,0.01899283727674644
47.670588235269236,0.02048283464705017,0.021642816113779634
47.69411764703392,0.0337318051654353,0.02654316469387201
47.717647058798605,0.03746184237883663,0.022720882064956868
47.74117647056329,0.02369944422543609,0.012271786143890255
47.76470588232797,0.02889031365192606,0.015350391739040938
47.78823529409266,0.03952317363639058,0.01744412336001658
47.81176470585734,0.03381974210236413,0.013707205698345938
47.83529411762203,0.035031474264828985,0.011210340770366742
47.85882352938671,0.04094678840843139,0.011592654168294934
47.882352941151396,0.036431764007991856,0.018271729735935445
47.90588235291608,0.0388558418801371,0.01860730162184491
47.929411764680765,0.043353479214336944,0.014489779289872152
47.95294117644545,0.04145361417183862,0.025072735382408666
47.976470588210134,0.04226223804032464,0.03580763838001162
47.99999999997482,0.03868405399349292,0.028333768509882923
48.0235294117395,0.03911014438086822,0.026203747025394096
48.04705882350419,0.04702810377469259,0.046602454936398745
48.07058823526887,0.040829324981385,0.04972440695420196
48.094117647033556,0.03466181705034919,0.03177771548083479
48.11764705879824,0.049254344840377925,0.03643744157091768
48.141176470562925,0.04744860474830418,0.05063015716304842
48.16470588232761,0.037911212797433466,0.045685496981098764
48.188235294092294,0.04827713156447819,0.03443893156114374
48.21176470585698,0.048006372852697765,0.04265029096914735
48.23529411762166,0.039856503987278316,0.041983662225827154
48.25882352938635,0.04539261653717941,0.041898441525025434
48.28235294115103,0.041722661226789366,0.052194634066607626
48.30588235291572,0.03584548633185669,0.036874631186632346
48.3294117646804,0.03704082537774791,0.032755812670858975
48.352941176445086,0.03524066901322762,0.04922565789921983
48.37647058820977,0.03279980952711035,0.03875844824232169
48.399999999974455,0.0266292528877636,0.02079634335617852
48.42352941173914,0.03224775194377428,0.029801583909523376
48.44705882350382,0.03562517762317541,0.03551105480209117
48.47058823526851,0.018935265760000524,0.022768708580546474
48.49411764703319,0.024614659204216148,0.019827127803307813
48.51764705879788,0.03193624361705504,0.028003727999797924
48.54117647056256,0.01836042175970979,0.02467091652524878
48.564705882327246,0.020306999049890667,0.02532615247267833
48.58823529409193,0.026565406377824487,0.029333448464989562
48.611764705856615,0.02451607674609922,0.021973689524367505
48.6352941176213,0.022561752586932177,0.025159615054062775
48.658823529385984,0.02465712245223649,0.03184202387338552
48.68235294115067,0.029081858439336174,0.023743334661525835
48.70588235291535,0.02639412681322519,0.021374674560043404
48.72941176468004,0.023228123288975302,0.021092663575146595
48.75294117644472,0.030485960113392385,0.019288961539163527
48.776470588209406,0.0315291741192456,0.020913485195094703
48.79999999997409,0.024022886847241853,0.01706489242423882
48.823529411738775,0.03102487951841499,0.015944255986584534
48.84705882350346,0.03788739244063362,0.018942796755427524
48.870588235268144,0.030160630300428145,0.024012436995494695
48.89411764703283,0.032006337564360526,0.030198579261174016
48.91764705879751,0.03928816602547355,0.021620103067389578
48.9411764705622,0.03399585035717315,0.01828712904552934
48.96470588232688,0.03885740711566317,0.03300082724833237
48.98823529409157,0.04581237612967028,0.03117330041488012
49.01176470585625,0.030998548777113916,0.01608324280929775
49.035294117620936,0.03781732307586299,0.027179973913106368
49.05882352938562,0.05288543281850543,0.0408925828939102
49.082352941150305,0.03997378370890437,0.02815031010479608
49.10588235291499,0.03622276364508755,0.0254151436839337
49.12941176467967,0.04637275422261574,0.0434001447835491
49.15294117644436,0.050588364490686544,0.040590066862155556
49.17647058820904,0.04555249152775846,0.03090387883924109
49.19999999997373,0.041300978002614334,0.03394184803030623
49.22352941173841,0.05095676982286464,0.033313779108224764
49.247058823503096,0.046726265230892954,0.03532913028243776
49.27058823526778,0.03497295317459435,0.036746809541632355
49.294117647032465,0.047213737160253136,0.026091914375186764
49.31764705879715,0.04799544506989744,0.028787635757863344
49.341176470561834,0.026242279959172027,0.04102532762638412
49.36470588232652,0.03568023123305973,0.03451113968973412
49.3882352940912,0.044572652574061816,0.02195473541009296
49.41176470585589,0.023968325321230027,0.023047318526393953
49.43529411762057,0.03365246385381195,0.038679758863792206
49.458823529385256,0.04432346722914962,0.024875617881809427
49.48235294114994,0.021802756914969475,0.009608693775536142
49.505882352914625,0.02876820656176758,0.022739794726911417
49.52941176467931,0.042104517428611404,0.027731562500852684
49.552941176443994,0.02180110050126617,0.012173820072352516
49.57647058820868,0.024125958388069246,0.016700772611172334
49.59999999997336,0.03249642546892089,0.024868115694943856
49.62352941173805,0.023293451292529403,0.0174809935984797
49.64705882350273,0.025361491271243528,0.022221292803294473
49.67058823526742,0.027840683135009803,0.025909324075993955
49.6941176470321,0.023587713670906375,0.020891353154356074
49.717647058796786,0.03015520033846767,0.02749267217141323
49.74117647056147,0.030509416599103962,0.026622604790468234
49.764705882326155,0.024335494283107616,0.023578515558004005
49.78823529409084,0.028783725003654954,0.029173654039766145
49.81176470585552,0.03415121372427804,0.023972818537168
49.83529411762021,0.034291020179007134,0.025117947047221922
49.85882352938489,0.033726851987639896,0.027713705106824225
49.88235294114958,0.03665081520744497,0.02245216844422969
49.90588235291426,0.03797497318063888,0.028627525666135627
49.929411764678946,0.03942126052139914,0.03235139118677247
49.95294117644363,0.045240839060954365,0.022252134217312883
49.976470588208315,0.04045880732012897,0.02952137515711737
49.999999999973,0.03332624821752325,0.03995146023536368
50.023529411737684,0.04183588712475521,0.025405336394575973
50.04705882350237,0.03954769717491695,0.031910903049412895
50.07058823526705,0.03558549567958951,0.04573606419796803
50.09411764703174,0.04146410417060864,0.0253321902453044
50.11764705879642,0.0370943528189118,0.025549990052922127
50.141176470561106,0.036044281926243045,0.04253721225080982
50.16470588232579,0.04222828507418801,0.03004693523470894
50.188235294090475,0.040014761213802826,0.023666305863529507
50.21176470585516,0.03745162261768882,0.04060614299640316
50.235294117619844,0.03960532796118935,0.03633699176517614
50.25882352938453,0.03949110316572019,0.038093765202643355
50.28235294114921,0.03992778264976603,0.053734585066199846
50.3058823529139,0.041402650623355,0.04122286024801222
50.32941176467858,0.0366436324203699,0.034030554626016424
50.35294117644327,0.03794434874390493,0.04262811848609114
50.37647058820795,0.044281287261050906,0.03678270740772578
50.399999999972636,0.03604208705960797,0.021740691122263626
50.42352941173732,0.03255656543709319,0.019159495748394532
50.447058823502005,0.045658243809327384,0.02613627056645041
50.47058823526669,0.03593956396887329,0.02464360710856076
50.49411764703137,0.027234422454578557,0.01808683088450347
50.51764705879606,0.038219572904296825,0.02473797942001027
50.54117647056074,0.03141636845550937,0.02588814484580207
50.56470588232543,0.030208494055863382,0.021772879459483523
50.58823529409011,0.0335979988858421,0.03514066819831219
50.611764705854796,0.024509761888155703,0.02735275860785513
50.63529411761948,0.03144762041925825,0.012385816971669836
50.658823529384165,0.035743164521147036,0.03662037581189735
50.68235294114885,0.02648735681677459,0.0351533179390003
50.705882352913534,0.02980527183209481,0.017432818951561593
50.72941176467822,0.030885830272228996,0.03582177804000465
50.7529411764429,0.03189717053304383,0.03428029660854261
50.77647058820759,0.03520607969036,0.02422325790456687
50.79999999997227,0.02579555644087137,0.03679536656439509
50.823529411736956,0.025783530119968215,0.029007453105796478
50.84705882350164,0.03734164655425595,0.019917758130055342
50.870588235266325,0.0319565699812934,0.023952255020892748
50.89411764703101,0.025926823034146004,0.021479369181686296
50.917647058795694,0.03474980885100184,0.021569862662021724
50.94117647056038,0.03834547318658209,0.01884355081661212
50.96470588232506,0.03561199939919288,0.019429022541409238
50.98823529408975,0.03948147141362593,0.02908310254654087
51.01176470585443,0.03854087321580711,0.02535215800717727
51.03529411761912,0.03906061276455956,0.02545675484177568
51.0588235293838,0.046464627534199957,0.0376264749114625
51.082352941148486,0.04469454016621555,0.036863812294007356
51.10588235291317,0.042252311462982924,0.026897278068668366
51.129411764677855,0.04345599547917249,0.03869178581448542
51.15294117644254,0.05003403029881384,0.044264119549104426
51.17647058820722,0.0548220194629047,0.02927802188575997
51.19999999997191,0.045056217620971,0.024133020687769364
51.22352941173659,0.0400922444062749,0.028052607221537365
51.24705882350128,0.04707674850369441,0.03051544208970117
51.27058823526596,0.0428030287302745,0.02995281783968924
51.294117647030646,0.03775628166328354,0.022138987795468735
51.31764705879533,0.037834866363696436,0.023638947123424573
51.341176470560015,0.030521372717972353,0.03871559077271056
51.3647058823247,0.029215061980471885,0.032348647942722235
51.388235294089384,0.037223658354675254,0.02134082357987083
51.41176470585407,0.03071279395252906,0.023653467706576156
51.43529411761875,0.025659301856323185,0.024853706104560128
51.45882352938344,0.0389221504061239,0.020695094246755478
51.48235294114812,0.03848061027989527,0.014635576304751728
51.505882352912806,0.030638208662672705,0.00943227543371835
51.52941176467749,0.03745476388985915,0.01522875229356872
51.552941176442175,0.039216126037043844,0.012772025962523052
51.57647058820686,0.03464474990944636,0.007193341370180131
51.599999999971544,0.03690808179424108,0.015744080998906253
51.62352941173623,0.03348824123750957,0.016003465113148707
51.64705882350091,0.030958740053350222,0.01021151460905326
51.6705882352656,0.03155722217349597,0.01885204578975388
51.69411764703028,0.027095823774264928,0.0220691453378374
51.71764705879497,0.02910326710123962,0.022516508104549245
51.74117647055965,0.028491078071531357,0.027552538942229175
51.764705882324336,0.022447114643393655,0.027433903692440642
51.78823529408902,0.02688980459369573,0.026569092285599345
51.811764705853705,0.026780505511155045,0.02921304684248113
51.83529411761839,0.02500410628316247,0.030994260915376565
51.85882352938307,0.031125412769691874,0.026180500723974848
51.88235294114776,0.02849359063354247,0.022108325479412678
51.90588235291244,0.024436964376330344,0.028268930371393063
51.92941176467713,0.033269021409661426,0.025169185854484796
51.95294117644181,0.040377815529817715,0.02320867097936607
51.976470588206496,0.03223581298983221,0.030376273647404813
51.99999999997118,0.02603471903315121,0.02882772835655688
52.023529411735865,0.03618422616931315,0.0301824166726196
52.04705882350055,0.03751501804351086,0.03251108486861324
52.070588235265234,0.029778655009197855,0.034848326741576494
52.09411764702992,0.03384118457591094,0.039054559930737295
52.1176470587946,0.04195118549686721,0.03891659002802573
52.14117647055929,0.04095461867012755,0.04647343300166808
52.16470588232397,0.038311931358064155,0.04624357773652203
52.188235294088656,0.04339662713453593,0.042448238311866116
52.21176470585334,0.049080942598819594,0.04997310939655899
52.235294117618025,0.040853505591908985,0.042342337174517575
52.25882352938271,0.039965043023645855,0.03734777748886997
52.282352941147394,0.04331669064158272,0.045813095637778155
52.30588235291208,0.03464617069996321,0.03175452835475641
52.32941176467676,0.03543742299659617,0.02376636342442742
52.35294117644145,0.03556334866333426,0.0364629862809784
52.37647058820613,0.027537650271361243,0.028988647318020512
52.39999999997082,0.028978595606350625,0.01700592887378497
52.4235294117355,0.027896337161188813,0.027368421376806715
52.447058823500186,0.02843956117310926,0.026368826554558012
52.47058823526487,0.03281987165920691,0.019097714863350646
52.494117647029555,0.025792775023699144,0.023572551673359716
52.51764705879424,0.027347205263358397,0.022475719306097323
52.54117647055892,0.035496254888487774,0.02005302466747096
52.56470588232361,0.029847681271167627,0.022625117062238957
52.58823529408829,0.026873560134301124,0.0192122693200812
52.61176470585298,0.02773305928108786,0.015316135534958614
52.63529411761766,0.026005946528336328,0.0226457520751815
52.658823529382346,0.024588751223316108,0.021165457791147316
52.68235294114703,0.0229868736163381,0.012232983744040509
52.705882352911715,0.02232117594907538,0.021115351635306236
52.7294117646764,0.02394283077498619,0.02473399718407923
52.752941176441084,0.02562929613072768,0.017361485155679993
52.77647058820577,0.02453050200951471,0.025779851465899197
52.79999999997045,0.02754870551253463,0.028390195515417358
52.82352941173514,0.02955836103694799,0.019848895793410967
52.84705882349982,0.030408401487958807,0.031214656539597832
52.870588235264506,0.03751214196492031,0.03283307747159388
52.89411764702919,0.03337463053671799,0.02188676540059405
52.917647058793875,0.030364814578934012,0.034566199575923086
52.94117647055856,0.043498606469664365,0.029952954298001166
52.964705882323244,0.03968573272726254,0.017061656123111467
52.98823529408793,0.02981320587566536,0.03574734843974329
53.01176470585261,0.040166167029580126,0.037088205875252925
53.0352941176173,0.04008361418387464,0.01607708659319072
53.05882352938198,0.030295291979767092,0.025415759567186533
53.08235294114667,0.036663647483239005,0.03997398499516169
53.10588235291135,0.03716740941529368,0.025065801305179727
53.129411764676036,0.031494031717674995,0.0225040458517398
53.15294117644072,0.0361416074579543,0.045211113694463116
53.176470588205405,0.039141687517209436,0.03432322858390544
53.19999999997009,0.03950366374682003,0.023680948786949197
53.22352941173477,0.03793432503834477,0.0463538594623922
53.24705882349946,0.03801149584680294,0.042590486887279504
53.27058823526414,0.04120937314208924,0.03812260285237959
53.29411764702883,0.03628624777290738,0.04063638940751389
53.31764705879351,0.03321961831874551,0.03122521632278681
53.341176470558196,0.03893526792990986,0.043668037169161185
53.36470588232288,0.03171832931984461,0.04565919815082607
53.388235294087565,0.02638272496996299,0.023826683911366216
53.41176470585225,0.036166901652809794,0.024110531580359976
53.435294117616934,0.033663922401965,0.03158673536192876
53.45882352938162,0.02704618396869379,0.02164113246018901
53.4823529411463,0.034324297749713684,0.016325522276828916
53.50588235291099,0.031811436209658706,0.016716037345878836
53.52941176467567,0.03025543545600191,0.010650142836121283
53.552941176440356,0.036497208923211524,0.017190661264935327
53.57647058820504,0.03252010775130043,0.020652957623061553
53.599999999969725,0.03281347828768839,0.01097208595617552
53.62352941173441,0.03632397175576132,0.01438725271452851
53.647058823499094,0.0327142403041836,0.024906609064648196
53.67058823526378,0.0338668849183595,0.02113335114009996
53.69411764702846,0.03169676456766319,0.01694963061999396
53.71764705879315,0.03086052514163662,0.01840098553543799
53.74117647055783,0.034444879568689676,0.026811670058756266
53.76470588232252,0.027877456387906074,0.02115336891938823
53.7882352940872,0.02691293767691599,0.011457942308921496
53.811764705851886,0.03283022200283007,0.022232178292594773
53.83529411761657,0.030233009510052217,0.0317150988901262
53.858823529381255,0.03258684130878862,0.015343404996056808
53.88235294114594,0.035089742234690066,0.016820015623797455
53.90588235291062,0.031779566371958785,0.038073892726036285
53.92941176467531,0.03913657518915296,0.034470441486457
53.95294117643999,0.045455796880705994,0.02048577096434664
53.97647058820468,0.040410190491149,0.035015844053247286
53.99999999996936,0.03952420139642972,0.05077386287531425
54.023529411734046,0.043376971869623845,0.032055783230970365
54.04705882349873,0.04294877956638528,0.03309921642551375
54.070588235263415,0.03816244651265804,0.05194553639486664
54.0941176470281,0.03862769480117925,0.04344990471260846
54.117647058792784,0.04029791407734836,0.033505623475943346
54.14117647055747,0.0411032793283275,0.053772209881492436
54.16470588232215,0.04236676317663203,0.04808290134977832
54.18823529408684,0.0370007867573906,0.022589353734088602
54.21176470585152,0.046653055429532374,0.047994795222353386
54.235294117616206,0.05645134605592817,0.05127356526453101
54.25882352938089,0.04037380623819244,0.02302341905875782
54.282352941145575,0.03995865943650591,0.030006307642310506
54.30588235291026,0.05455759139973517,0.038130797697946806
54.329411764674944,0.04729888081411028,0.02828044412427051
54.35294117643963,0.03377386695666772,0.028358324171192082
54.37647058820431,0.03410505206749016,0.024844055611349176
54.399999999969,0.03959764436437931,0.02030223394425178
54.42352941173368,0.037132306723775224,0.024001158196660086
54.44705882349837,0.027987791021357157,0.02011118599869013
54.47058823526305,0.03478377863122321,0.011636246898928365
54.494117647027736,0.03845708543812417,0.01449671489210371
54.51764705879242,0.029196353597786173,0.017291199676947554
54.541176470557104,0.03677894951775852,0.012049679532113892
54.56470588232179,0.041585624507560245,0.011401178162230158
54.58823529408647,0.029837933510884766,0.014155984276526482
54.61176470585116,0.033933064019879146,0.013545785697966257
54.63529411761584,0.038076158454952685,0.010881199930085553
54.65882352938053,0.02959952741775595,0.014195880358824598
54.68235294114521,0.03069430878428087,0.014681381002912513
54.705882352909896,0.03514464693122403,0.012249488170866811
54.72941176467458,0.02906293580773492,0.02101497800005452
54.752941176439265,0.026684260109294384,0.022330620218937225
54.77647058820395,0.033341325757593694,0.013222593191990024
54.799999999968634,0.03502528879255993,0.02389430348172498
54.82352941173332,0.030125083373846284,0.03270568434753305
54.847058823498,0.02920685727969589,0.015380925926044032
54.87058823526269,0.03583850819865814,0.020725324391115463
54.89411764702737,0.037515156354890035,0.035932537380807004
54.917647058792056,0.03015231093423354,0.018458281601961328
54.94117647055674,0.03599563096354475,0.012052639121163404
54.964705882321425,0.04026040725782299,0.024605968367689954
54.98823529408611,0.03203223956074253,0.023594375974971857
55.011764705850794,0.04057157677936339,0.017548448202927946
55.03529411761548,0.04742809109734657,0.014905096956281725
55.05882352938016,0.03653337758999892,0.022188574972624494
55.08235294114485,0.04388346904571634,0.03517930169851493
55.10588235290953,0.053423044483619446,0.03417381534316221
55.12941176467422,0.042467652200035406,0.036669258916979836
55.1529411764389,0.04210109536520946,0.04751523050270254
55.176470588203586,0.05065285308077406,0.045619495280890675
55.19999999996827,0.051492422941284796,0.052597889645537695
55.223529411732954,0.04484145615069341,0.05487469619815635
55.24705882349764,0.037748865373155034,0.04447822462755548
55.27058823526232,0.04786623036559648,0.050590554852570274
55.29411764702701,0.052738312318710054,0.04379066007617163
55.31764705879169,0.03455777183124025,0.032998918393354094
55.34117647055638,0.03467318825360937,0.04573823974681257
55.36470588232106,0.0435845877587678,0.0474460710121506
55.388235294085746,0.029034596311760835,0.03220311244090976
55.41176470585043,0.029225273397221602,0.029275718709434004
55.435294117615115,0.03538753023693472,0.03571802916422547
55.4588235293798,0.024381594292921107,0.035229494593784556
55.482352941144484,0.029358444708664576,0.022948524277809506
55.50588235290917,0.0355013614038942,0.01712757617845022
55.52941176467385,0.028816272753918813,0.024513456887553728
55.55294117643854,0.03705863608209379,0.02630517683871104
55.57647058820322,0.038818940450575413,0.014563467440166126
55.599999999967906,0.02830125443812933,0.015726725250172918
55.62352941173259,0.03743572163537957,0.02295764851746715
55.647058823497275,0.04360241778715881,0.017291760956821063
55.67058823526196,0.03383357712783143,0.016065357102965284
55.694117647026644,0.033904184879710184,0.022246330302695454
55.71764705879133,0.03901503200601881,0.01435336794347565
55.74117647055601,0.035637874567477495,0.015636297480231397
55.7647058823207,0.033621833840033546,0.027104853214435447
55.78823529408538,0.0325032270807783,0.01556860834486259
55.81176470585007,0.029106029613227898,0.012734659611230268
55.83529411761475,0.030540253222956008,0.02279621573023801
55.858823529379436,0.03301885983988476,0.01834305905356856
55.88235294114412,0.03120358054885554,0.01166991879281689
55.905882352908804,0.027510603398835994,0.01732860772154675
55.92941176467349,0.03047391984462383,0.02022431935148553
55.95294117643817,0.03911611868244128,0.016124740838323735
55.97647058820286,0.036598747442643284,0.017947537931200342
55.99999999996754,0.03332524080419192,0.016908279049947537
56.02352941173223,0.04074697812831004,0.019384778673309018
56.04705882349691,0.04168955653561387,0.024961867906055205
56.070588235261596,0.037905636395070975,0.023067229090223577
56.09411764702628,0.04047914191656834,0.024757166574619356
56.117647058790965,0.045372180760580395,0.031115692310445742
56.14117647055565,0.04372769714864726,0.04639173921327362
56.164705882320334,0.043645536603133306,0.056950525678858985
56.18823529408502,0.045168812861983515,0.037281222000744615
56.2117647058497,0.0470562812131053,0.051006235765716675
56.23529411761439,0.04999363439160059,0.06716171637018573
56.25882352937907,0.04285949931522485,0.052720363188935394
56.282352941143756,0.04162101866953795,0.04265994293293766
56.30588235290844,0.04960792129576449,0.0417159306828472
56.329411764673125,0.04380806927555896,0.04865892454367746
56.35294117643781,0.03429036729218299,0.053712891407761545
56.376470588202494,0.03683666305099994,0.0266055387744241
56.39999999996718,0.03714415343480176,0.023778936106932158
56.42352941173186,0.03543221338356355,0.04813134231767456
56.44705882349655,0.03223776031985209,0.03434461835280244
56.47058823526123,0.02867693774200091,0.015827508928274715
56.49411764702592,0.03437933453592091,0.024230982423937966
56.5176470587906,0.03189065175798867,0.02365988407704858
56.541176470555286,0.023809256796464742,0.021848405734063804
56.56470588231997,0.034366944936737635,0.017429504012756922
56.588235294084654,0.03264416705830261,0.013248231306198769
56.61176470584934,0.02324634371374107,0.0185595536730092
56.63529411761402,0.03627427777445136,0.0191876839768141
56.65882352937871,0.03769988884679598,0.01732194997515251
56.68235294114339,0.02529036812733029,0.01657053823730546
56.70588235290808,0.029912351790291444,0.015484478267713458
56.72941176467276,0.03416338884818137,0.021832418304858686
56.752941176437446,0.02875008120454632,0.016680940360882468
56.77647058820213,0.02834554004954881,0.011439318652042148
56.799999999966815,0.028344303067312882,0.017486332716161564
56.8235294117315,0.026765558259452763,0.015863982298447994
56.847058823496184,0.02884338295383322,0.010710981709879976
56.87058823526087,0.030052453150641995,0.012028074778804748
56.89411764702555,0.03088280535452555,0.013939463451732994
56.91764705879024,0.027188798462799982,0.015090963392954253
56.94117647055492,0.029679666611156175,0.01295627432839416
56.964705882319606,0.04591413030056629,0.017492448644998534
56.98823529408429,0.033979897325185617,0.02475612288500371
57.011764705848975,0.02575128656367368,0.016094681083019403
57.03529411761366,0.04766871181464746,0.018615206072325963
57.058823529378344,0.04609106120532292,0.02953408422711517
57.08235294114303,0.032314282730081086,0.019896465630891442
57.10588235290771,0.04595217327058656,0.017094403977557855
57.1294117646724,0.048863376375769596,0.02348661842433947
57.15294117643708,0.03916090976923792,0.029832391025116253
57.17647058820177,0.045767665924179746,0.024580837706112663
57.19999999996645,0.04817187684300267,0.024537450662731324
57.223529411731135,0.044662787228350785,0.05155868280843778
57.24705882349582,0.04634015394171438,0.04068284297333447
57.270588235260504,0.040771656215385824,0.027754554928814696
57.29411764702519,0.04375869855837634,0.054875027032416465
57.31764705878987,0.05091259864414159,0.0493854054922261
57.34117647055456,0.0384931148045756,0.0364721193033531
57.36470588231924,0.0369346671650243,0.04901437342320379
57.38823529408393,0.043732281015920166,0.042037271275991994
57.41176470584861,0.03392740869507383,0.04237408612730189
57.435294117613296,0.03349917373665558,0.048134205959973746
57.45882352937798,0.03530867972313317,0.03519816796024665
57.482352941142665,0.026241094163413678,0.038771929426261946
57.50588235290735,0.029178328603221698,0.03777542300164429
57.529411764672034,0.027998785131686278,0.02161542020278889
57.55294117643672,0.02300859218251095,0.028249993038394476
57.5764705882014,0.031027838849910623,0.03571108125555726
57.59999999996609,0.028069129635452432,0.01683582550007859
57.62352941173077,0.024933062324698923,0.014952230443397637
57.647058823495456,0.03607312251722334,0.02967462784275637
57.67058823526014,0.034117112485954455,0.01935215195726417
57.694117647024825,0.025330629011070083,0.011662226712292043
57.71764705878951,0.03410169126353444,0.017587166570728844
57.741176470554194,0.04132395778544785,0.021417698881647736
57.76470588231888,0.0303083218587903,0.016598040924750073
57.78823529408356,0.027157619401452157,0.014715737414901441
57.81176470584825,0.04002385526499583,0.01884640152533175
57.83529411761293,0.03642079025416275,0.018647807618322732
57.85882352937762,0.027999825053361013,0.019012124876494996
57.8823529411423,0.03773735295283424,0.019593478213259533
57.905882352906985,0.04095510591650251,0.015574455761945369
57.92941176467167,0.03267958359652621,0.01693876970485076
57.952941176436354,0.03580080402347564,0.021564733663563682
57.97647058820104,0.03895824159494396,0.020503597303643917
57.99999999996572,0.04072045443733392,0.0125039309167849
58.02352941173041,0.04343623595625442,0.01848947052514216
58.04705882349509,0.0379216434653417,0.026647466642411483
58.07058823525978,0.03670305035003571,0.016683332610593918
58.09411764702446,0.04161149737659059,0.019840904374378382
58.117647058789146,0.04332410443781005,0.027250848886292287
58.14117647055383,0.041804993392962266,0.024298181542048092
58.164705882318515,0.036911462435283406,0.032047153912686824
58.1882352940832,0.040195625024566854,0.04043453441123947
58.211764705847884,0.045889065831537276,0.03733713270184646
58.23529411761257,0.04293351610949344,0.038578388882659846
58.25882352937725,0.033486916490980775,0.04775089395729936
58.28235294114194,0.03329235531868104,0.056825695666314686
58.30588235290662,0.04281206525456252,0.03638974962346478
58.329411764671306,0.0374537414286929,0.032333380835173856
58.35294117643599,0.0293501316506366,0.057448128252200324
58.376470588200675,0.033363847580521466,0.04308631058226862
58.39999999996536,0.03130062962860485,0.020425682876173475
58.423529411730044,0.03257149293079064,0.03912075977255595
58.44705882349473,0.03481589569759124,0.04226760362757463
58.47058823525941,0.025352422710647946,0.02805641944705444
58.4941176470241,0.031452948142794444,0.031237451272680312
58.51764705878878,0.03819057520865712,0.02752310945592218
58.54117647055347,0.024054563997312612,0.031030418901816653
58.56470588231815,0.027798419440536227,0.03806747407815489
58.588235294082835,0.03714277439499995,0.022693585532711665
58.61176470584752,0.024300979221672993,0.0206191883378268
58.635294117612204,0.02932417746311735,0.04239791633016228
58.65882352937689,0.03645571832374114,0.03012927785550653
58.68235294114157,0.02193710405961052,0.015262141421948044
58.70588235290626,0.02825711449348737,0.02704333624608178
58.72941176467094,0.0430184159221585,0.025541655283812758
58.75294117643563,0.02982926844250983,0.017740494053856137
58.77647058820031,0.024050513707319022,0.019178436639242374
58.799999999964996,0.03552573176531392,0.01753631044285708
58.82352941172968,0.04041061431785089,0.022585513832390196
58.847058823494365,0.031007926879892244,0.017587563175669476
58.87058823525905,0.028444390529268854,0.015902798847364865
58.894117647023734,0.038411426103485434,0.033730837616919675
58.91764705878842,0.040786656102348634,0.02638873078709428
58.9411764705531,0.034084336803612475,0.012601784778372116
58.96470588231779,0.040619552576131375,0.02595001920369214
58.98823529408247,0.043967324779372555,0.031726055061377316
59.011764705847156,0.03635668518720052,0.021311735489710517
59.03529411761184,0.04441648378963596,0.013496326914982355
59.058823529376525,0.047239149452200604,0.01980596621535101
59.08235294114121,0.03712563017908212,0.030467977608857364
59.105882352905894,0.0440375271791585,0.017165830013686507
59.12941176467058,0.04933019650091152,0.012282494257265167
59.15294117643526,0.039967852880019306,0.028680684379241667
59.17647058819995,0.0432041623291525,0.02858185895797666
59.19999999996463,0.05029724377276258,0.012215066761005276
59.22352941172932,0.04728314120850535,0.0296140126575157
59.247058823494,0.043068306787357014,0.04798317412680109
59.270588235258685,0.03514765759874857,0.030998484908668182
59.29411764702337,0.04247991883227344,0.029635598760797705
59.317647058788054,0.04717520781581767,0.057016501852951984
59.34117647055274,0.0300231679644891,0.054094538046095875
59.36470588231742,0.03228979093765002,0.03925503524605565
59.38823529408211,0.04008240342088432,0.046417285091752435
59.41176470584679,0.029456572879112446,0.045251970842600145
59.43529411761148,0.029738507290880494,0.048155495912345095
59.45882352937616,0.036025242779441954,0.03853513224496197
59.482352941140846,0.028429821754232906,0.02107415731106999
59.50588235290553,0.02483249825319737,0.0330100700030563
59.529411764670215,0.03206785064835924,0.03189382195920766
59.5529411764349,0.02666956556606037,0.018598332724697273
59.576470588199584,0.025469094598513792,0.026146145670066723
59.59999999996427,0.03152235965867411,0.02181013687302759
59.62352941172895,0.023110988320794546,0.021090010478007053
59.64705882349364,0.02984520055971697,0.02861550146552592
59.67058823525832,0.03417813136178734,0.022606563936979376
59.694117647023006,0.019980468184754362,0.022988973727436083
59.71764705878769,0.029423944754881873,0.023462872910053494
59.741176470552375,0.03715350217309053,0.029733927075573197
59.76470588231706,0.022350962155344302,0.033047419848891015
59.788235294081744,0.023879346335120562,0.021236002079987007
59.81176470584643,0.03515283006631266,0.024405949924587025
59.83529411761111,0.0313356791525685,0.03622315743560624
59.8588235293758,0.0243909617323761,0.02301543468958895
59.88235294114048,0.02950644694180273,0.014584411661944735
59.90588235290517,0.04106913705222128,0.022570911406545432
59.92941176466985,0.04146110223286145,0.018948776315438537
59.952941176434535,0.03004183178764828,0.013774785665436788
59.97647058819922,0.03591142675901153,0.020282111658982905
59.999999999963904,0.05375802763188946,0.017929594264416242
60.02352941172859,0.046629502686395964,0.01183767137007339
60.04705882349327,0.03548372479852196,0.02090074697175517
60.07058823525796,0.043983858608814146,0.02680875481418596
60.09411764702264,0.05013548544780815,0.01680592249735585
60.11764705878733,0.043672525872759785,0.016623022364766163
60.14117647055201,0.04317561387419655,0.02911011831349397
60.164705882316696,0.049356808055178183,0.027944545649828303
60.18823529408138,0.04940228585877122,0.01994299288338477
60.211764705846065,0.04172881129867669,0.026081440906968713
60.23529411761075,0.043358617943199146,0.025581009040039297
60.258823529375434,0.05417072838070311,0.027077301174998757
60.28235294114012,0.0413742612141478,0.03393792732496433
60.3058823529048,0.03291294292562774,0.0250119458032919
60.32941176466949,0.04525244360995483,0.02256565295496003
60.35294117643417,0.03814542766122705,0.044316993753000126
60.376470588198856,0.02836404720265185,0.044940560129627376
60.39999999996354,0.031334508821669924,0.028571767184600937
60.423529411728225,0.028674116409549283,0.029129103246467128
60.44705882349291,0.028238473242366204,0.04976506393033093
60.470588235257594,0.027905239323011786,0.03996945937972939
60.49411764702228,0.026278509065904995,0.025055008809360676
60.51764705878696,0.032204559597886775,0.028174845959026418
60.54117647055165,0.030320341947939276,0.03264359573984498
60.56470588231633,0.025114764649459217,0.031403085423630274
60.58823529408102,0.03504887933327413,0.021315110104613483
60.6117647058457,0.03431596280070184,0.02038745370557464
60.635294117610385,0.02563889584936179,0.033952816795109225
60.65882352937507,0.03456080190739885,0.02800957447061046
60.682352941139754,0.03140384484575982,0.016716980496345842
60.70588235290444,0.02428662807933966,0.03024910747843939
60.72941176466912,0.031971825522504854,0.03557972711354712
60.75294117643381,0.026652722106189717,0.01673103699142512
60.77647058819849,0.02022504730574175,0.02683101470724464
60.79999999996318,0.028592789455413336,0.0376667496853287
60.82352941172786,0.028310354540484913,0.01679345771386706
60.847058823492546,0.022260778119832972,0.01597434478147245
60.87058823525723,0.02852984747856859,0.036432919286424455
60.894117647021915,0.03396147983723344,0.020169322226403462
60.9176470587866,0.0315326170277897,0.008175710683811285
60.941176470551284,0.03337307146900092,0.021584759477905304
60.96470588231597,0.03889064543568238,0.022105244929642127
60.98823529408065,0.04084761554237138,0.013792260688780793
61.01176470584534,0.03679821776063586,0.015756604250283794
61.03529411761002,0.038974169434091765,0.021132379222556306
61.058823529374706,0.04689499311176055,0.02526689957830973
61.08235294113939,0.04022117833645857,0.020373245330930226
61.105882352904075,0.03428921475298549,0.029100932070773803
61.12941176466876,0.046598545358754406,0.037578887454481846
61.152941176433444,0.044759895596826825,0.02821678873169199
61.17647058819813,0.03322689785685692,0.037161928702071634
61.19999999996281,0.03925500999964423,0.04236011402814159
61.2235294117275,0.04097576194208005,0.03327261643988122
61.24705882349218,0.03510095915426558,0.03533735700174587
61.27058823525687,0.03232546497595144,0.033682283828880846
61.29411764702155,0.031779676462117365,0.03847838960608433
61.317647058786235,0.0393690869831125,0.031677339376499816
61.34117647055092,0.03686439519738584,0.03287167546104602
61.364705882315604,0.029242602479076264,0.05503246860655643
61.38823529408029,0.04066405872097418,0.03025000252669807
61.41176470584497,0.045230165004454564,0.021795093332358666
61.43529411760966,0.033481241105360285,0.06120056326624839
61.45882352937434,0.035912364559367325,0.0460013191079735
61.48235294113903,0.040579926405880935,0.010499808275280156
61.50588235290371,0.0326501216418245,0.0339286833834396
61.529411764668396,0.033611536529997335,0.04503049476219517
61.55294117643308,0.03557368121930256,0.01919344877576081
61.576470588197765,0.02534782251173852,0.010977613041359354
61.59999999996245,0.028190272086148434,0.02137365026332483
61.623529411727134,0.03675402713363045,0.0247891347516404
61.64705882349182,0.02579971752031751,0.019186159282529626
61.6705882352565,0.023447467281352708,0.01718180995459196
61.69411764702119,0.03276530903041767,0.01888818661326596
61.71764705878587,0.030024712407035036,0.02557483824642431
61.741176470550556,0.02517303358474372,0.027368028262316896
61.76470588231524,0.03137616218769704,0.020520493270993177
61.788235294079925,0.03425067733268964,0.025554729388617983
61.81176470584461,0.030324412372829988,0.029674243441406175
61.835294117609294,0.03072156716739765,0.02718461218135949
61.85882352937398,0.032692806053327375,0.02998519594736364
61.88235294113866,0.03200359656335527,0.03201848874118973
61.90588235290335,0.03639283255013951,0.026748797041718304
61.92941176466803,0.040521261827803856,0.0318446790367633
61.95294117643272,0.032203005766508946,0.03469545921182318
61.9764705881974,0.0340895241793807,0.02620124908829831
61.999999999962085,0.045635263551455724,0.025570604214451606
62.02352941172677,0.03911182242680878,0.03084165596560596
62.047058823491454,0.03411087259031765,0.025935943985996697
62.07058823525614,0.03847664310996515,0.02166736331593558
62.09411764702082,0.0373383385331405,0.02516553416403654
62.11764705878551,0.03891824307800227,0.024682038937692594
62.14117647055019,0.03946544368408857,0.02232459097861053
62.16470588231488,0.038148781085682745,0.03051025552215036
62.18823529407956,0.04236764075765006,0.03210970228635091
62.211764705844246,0.042298878522379346,0.02639321180127047
62.23529411760893,0.03736386545736969,0.03348255635402107
62.258823529373615,0.040260922207852344,0.036061802385083004
62.2823529411383,0.03924214692682881,0.02785097162598378
62.305882352902984,0.0311340633129839,0.027047844656226307
62.32941176466767,0.0379319570913228,0.028491344321837093
62.35294117643235,0.03888029947194499,0.028885294363234816
62.37647058819704,0.02849250969736572,0.027462344573039258
62.39999999996172,0.03445574852427951,0.02219520268484838
62.423529411726406,0.0328027186270257,0.03262232839418424
62.44705882349109,0.02384146788299001,0.0356299133259542
62.470588235255775,0.031760857688625584,0.026279087850090883
62.49411764702046,0.02876512736307917,0.03733325675054829
62.517647058785144,0.01962723305617846,0.03663697492448563
62.54117647054983,0.03032119353173272,0.022258508725181213
62.56470588231451,0.031122502834444576,0.031487000796287266
62.5882352940792,0.02206381974638251,0.0324682311763971
62.61176470584388,0.029502174247705595,0.018488753085021046
62.63529411760857,0.035116258590307425,0.020091008045490345
62.65882352937325,0.029294280589531957,0.024647597327229945
62.682352941137935,0.027065705012146682,0.022796661776599694
62.70588235290262,0.034188666053084384,0.019651701389221194
62.729411764667304,0.036822857062556336,0.01582742131358429
62.75294117643199,0.02705545801675666,0.02246075440166219
62.77647058819667,0.026693221955533978,0.02435770104756623
62.79999999996136,0.035039066010777754,0.014557511003508225
62.82352941172604,0.031801597350699144,0.017923501043762897
62.84705882349073,0.0253528173672309,0.026217352981516714
62.87058823525541,0.029272574791333154,0.022833925588156834
62.894117647020096,0.032232993249985374,0.016475379754702823
62.91764705878478,0.0351445522841478,0.019800878466089845
62.941176470549465,0.04028087135690227,0.03292331277205913
62.96470588231415,0.03564524518933029,0.025579680867517024
62.988235294078834,0.037289272135594534,0.017962943609612075
63.01176470584352,0.04800479899399099,0.03176623433979616
63.0352941176082,0.04074955485507128,0.03160084242008231
63.05882352937289,0.039794203101793026,0.024380417787490845
63.08235294113757,0.04324454581730396,0.04004859135587033
63.105882352902256,0.032522601278052087,0.03383123292067798
63.12941176466694,0.04030320878335858,0.02487252255620116
63.152941176431625,0.051527429247767424,0.044724209617543295
63.17647058819631,0.034371411730354254,0.0438232138561609
63.199999999960994,0.031081674141117878,0.022651177659581224
63.22352941172568,0.04904549722832234,0.03480773702086294
63.24705882349036,0.048056246499303665,0.04680998734877086
63.27058823525505,0.033577354927383715,0.029805051183013288
63.29411764701973,0.03441801073671176,0.02451778110058035
63.31764705878442,0.04763953104530501,0.04147789452260112
63.3411764705491,0.04227469059129231,0.03558509506088434
63.364705882313785,0.03225253417186812,0.023468550187383502
63.38823529407847,0.03918164592500969,0.03440576085657677
63.411764705843154,0.03912884733590148,0.03695150528722288
63.43529411760784,0.030635668438198996,0.030799393765614344
63.45882352937252,0.0364739673027559,0.034526275876387125
63.48235294113721,0.03278053370451237,0.030850420900435688
63.50588235290189,0.02138244537156747,0.02918837584003388
63.52941176466658,0.03024403779534265,0.031653008232894395
63.55294117643126,0.03528306966559065,0.027665181056260136
63.576470588195946,0.02286315421691828,0.023583591995446872
63.59999999996063,0.023123413188876424,0.01493887817935903
63.623529411725315,0.03547053671029488,0.02087879003977545
63.64705882349,0.026709144820504595,0.0269490451458842
63.670588235254684,0.02148816949955406,0.01561939229304455
63.69411764701937,0.035671397824450446,0.01338897201128667
63.71764705878405,0.02827740789584028,0.018174565851843703
63.74117647054874,0.018736487128818143,0.02279067419222577
63.76470588231342,0.029421324434185176,0.017119478945336362
63.788235294078106,0.02939563679445225,0.009255302455889342
63.81176470584279,0.021919714213141955,0.014687606762427934
63.835294117607475,0.024311895386202327,0.021924769331256165
63.85882352937216,0.025861364347567962,0.012662508600885036
63.882352941136844,0.026198129895734234,0.008116284823562844
63.90588235290153,0.03289620865832268,0.01994245507538597
63.92941176466621,0.03844890837001711,0.0201430902762618
63.9529411764309,0.03733975176522985,0.014419212261071375
63.97647058819558,0.03872599440222532,0.017789837146692362
63.99999999996027,0.04670067196492097,0.024482164531323895
64.02352941172495,0.051348494585144046,0.026790231638942112
64.04705882348964,0.04889071086723404,0.022981210057184665
64.07058823525432,0.045582243363321964,0.031250626465090026
64.094117647019,0.04087333969864065,0.03395410728050837
64.11764705878369,0.04392781022328589,0.027826318846640375
64.14117647054837,0.04216198054641037,0.03889742100125088
64.16470588231306,0.03521082772105292,0.03945407667353466
64.18823529407774,0.03960303897331647,0.029215666389719955
64.21176470584243,0.0384658516919813,0.0436001030232108
64.23529411760711,0.034331264152291985,0.048785718678999626
64.2588235293718,0.036943441613260526,0.02968664958697192
64.28235294113648,0.0414580857940415,0.03583261302508632
64.30588235290116,0.03976428544163605,0.055099907618707325
64.32941176466585,0.03360788859391394,0.03233330988620838
64.35294117643053,0.03957270738676156,0.02689596666334913
64.37647058819522,0.04441012598495908,0.04910415851711811
64.3999999999599,0.035764520505273345,0.03377454111599635
64.42352941172459,0.0365223665278718,0.017726110502970956
64.44705882348927,0.04042038151921785,0.04377260145010329
64.47058823525396,0.03374802668349236,0.03400787010383394
64.49411764701864,0.035020401592732134,0.014617541182867885
64.51764705878333,0.036936942882160255,0.03452585214600889
64.54117647054801,0.02965719451201161,0.033039513433792536
64.5647058823127,0.03162476835123689,0.01979792170525546
64.58823529407738,0.03277190599436994,0.02590255121929535
64.61176470584206,0.028445958511208097,0.028483538479383584
64.63529411760675,0.03186275426269489,0.02252946292217259
64.65882352937143,0.03189973752793297,0.02458004247575977
64.68235294113612,0.03135639221542715,0.0256560563503487
64.7058823529008,0.03315316292794687,0.02593371532719556
64.72941176466549,0.03087676707947267,0.0223153484929859
64.75294117643017,0.035637505964257306,0.01836554187887805
64.77647058819485,0.03516394645544999,0.027315945995473597
64.79999999995954,0.026900312102241055,0.02483891011186836
64.82352941172422,0.027645452396059752,0.0125150126439456
64.84705882348891,0.028526027851698606,0.021588798357981408
64.87058823525359,0.02409382325878169,0.03164322305401625
64.89411764701828,0.02329223145803029,0.016474721702034192
64.91764705878296,0.024004115925546292,0.009710645354189966
64.94117647054765,0.027278787622681756,0.029015361970324623
64.96470588231233,0.029820887163415005,0.024147839905898142
64.98823529407701,0.03338282288705191,0.008420782241114172
65.0117647058417,0.04059415793118615,0.015691476397580402
65.03529411760638,0.04310147384936328,0.020629255280632974
65.05882352937107,0.04523579669454932,0.01729707438228589
65.08235294113575,0.05069398863802366,0.014611364357425386
65.10588235290044,0.047756267253052126,0.015513635491965347
65.12941176466512,0.042841225326639656,0.023109646776395713
65.1529411764298,0.0493614279083613,0.022266930241971235
65.17647058819449,0.04910468375312599,0.027621698709162743
65.19999999995918,0.038224371039056605,0.03080528674163709
65.22352941172386,0.04358542925692886,0.027817597537803943
65.24705882348854,0.04724251673243881,0.04155075594607566
65.27058823525323,0.038833935801265984,0.04509618893285013
65.29411764701791,0.04056521689475987,0.03759340855361593
65.3176470587826,0.0399701224997755,0.03858375635492074
65.34117647054728,0.03484633036692232,0.03868405308107828
65.36470588231197,0.040105964979891044,0.050350618217267225
65.38823529407665,0.03810898232173771,0.0435500103411941
65.41176470584134,0.030322732040395987,0.01963301791205429
65.43529411760602,0.036319254538876106,0.048912492170526664
65.4588235293707,0.03595015897982712,0.05058484104604897
65.48235294113539,0.02783755365933189,0.021588223665289265
65.50588235290007,0.03189774279341511,0.036871496989541445
65.52941176466476,0.03489152183766602,0.04044398787837081
65.55294117642944,0.03227797403121371,0.028079383568862085
65.57647058819413,0.029718388424901654,0.026706676467528483
65.59999999995881,0.0294065105705274,0.02111916781346288
65.6235294117235,0.03942881491805678,0.02430162959785951
65.64705882348818,0.038322546649294326,0.03118879103990266
65.67058823525286,0.022779384826115502,0.02672641382917119
65.69411764701755,0.032929754817994705,0.01807057966077141
65.71764705878223,0.03925767850729706,0.024288583439111153
65.74117647054692,0.020446339361553746,0.03442122450444036
65.7647058823116,0.02545460646030069,0.023342399087835
65.78823529407629,0.03724657353595482,0.015232572598552992
65.81176470584097,0.02254895349133859,0.023813706383114277
65.83529411760566,0.021289702704517282,0.01987174632047873
65.85882352937034,0.03162897768295033,0.01670492752732275
65.88235294113503,0.02502288610769477,0.02157504978270687
65.90588235289971,0.02767598392032002,0.012518556678328097
65.9294117646644,0.03246260672379137,0.012719728937937491
65.95294117642908,0.02845258433388804,0.024200072717230788
65.97647058819376,0.03351650521705423,0.013992351789144363
65.99999999995845,0.03742856419486466,0.008398893166995543
66.02352941172313,0.0396264494754164,0.021593683621949418
66.04705882348782,0.04597297663739214,0.020862222396275915
66.0705882352525,0.039819338081410124,0.009307519309372547
66.09411764701719,0.03746322294376557,0.018515523060790972
66.11764705878187,0.050220312120574435,0.022777102027352086
66.14117647054655,0.045981192447714016,0.014995917196441845
66.16470588231124,0.03803661999742493,0.024518767179641826
66.18823529407592,0.048277925238883794,0.027228769275920436
66.21176470584061,0.043503303004705465,0.018029593752669975
66.23529411760529,0.038719675503760397,0.033337583096430735
66.25882352936998,0.05082686143936415,0.04238429153535302
66.28235294113466,0.04511523954426428,0.025514654903367857
66.30588235289935,0.03405853693594916,0.03500511543424268
66.32941176466403,0.03819276404368536,0.050549976464542346
66.35294117642871,0.04512765639603232,0.03553476912181649
66.3764705881934,0.041435793026039384,0.03463156819103214
66.39999999995808,0.02893270951462115,0.044898797928284676
66.42352941172277,0.03563369419300516,0.04024910611419377
66.44705882348745,0.03969323007260381,0.040805439009912126
66.47058823525214,0.029772721459172622,0.040812859474224715
66.49411764701682,0.033609644601578434,0.038996548743275856
66.5176470587815,0.03464928729523777,0.05130994311062971
66.54117647054619,0.025874820444147607,0.04171830241698424
66.56470588231088,0.031430417742189076,0.03214860357207292
66.58823529407556,0.033022199992128465,0.04382531074730463
66.61176470584024,0.023369478507666647,0.034720566019512414
66.63529411760493,0.02878204368777371,0.02606481043791542
66.65882352936961,0.032282859315698985,0.03684735625802272
66.6823529411343,0.02172305745414732,0.028933839378593527
66.70588235289898,0.026721956760181513,0.025664297974550984
66.72941176466367,0.02864208568326362,0.04108064044088076
66.75294117642835,0.018110344754196265,0.03428207866874985
66.77647058819304,0.025611688473442955,0.02588724403665493
66.79999999995772,0.025697419542623536,0.0420969147305086
66.8235294117224,0.0164882262074366,0.041829742218965446
66.84705882348709,0.02546682731950873,0.017870591022002818
66.87058823525177,0.02837151107027742,0.02716674244085768
66.89411764701646,0.021133673263661862,0.03941933542395615
66.91764705878114,0.02478347416532061,0.018334700612900934
66.94117647054583,0.031916230189075544,0.008061217938152218
66.96470588231051,0.02900190784910304,0.028541314761395528
66.9882352940752,0.025597351505229553,0.018893927401993933
67.01176470583988,0.03421754241025066,0.009177700939283141
67.03529411760456,0.03788116230718158,0.01719555006616691
67.05882352936925,0.030703086333664312,0.016684300330102656
67.08235294113393,0.033627543216281315,0.015450950090133931
67.10588235289862,0.039691948174370176,0.01646504102564483
67.1294117646633,0.037136360858427434,0.011476080418859181
67.15294117642799,0.03848013207495363,0.018933279681207442
67.17647058819267,0.038666477315543735,0.022978465161944663
67.19999999995736,0.03565424350230841,0.010460906431786925
67.22352941172204,0.04235101851403663,0.014791179133082335
67.24705882348673,0.04400744986865933,0.02931102023772533
67.27058823525141,0.0362339411772868,0.017611367146719
67.2941176470161,0.03836171545915545,0.017954665373648343
67.31764705878078,0.044922780552315876,0.03463700904998441
67.34117647054546,0.036603878224604335,0.026068918627453815
67.36470588231015,0.03144380861611808,0.02950671397223563
67.38823529407483,0.03699917560747551,0.04360241394622251
67.41176470583952,0.03416845078097046,0.02741042594689717
67.4352941176042,0.0272624430726603,0.031526755940794855
67.45882352936889,0.02949184910518224,0.05341120244055809
67.48235294113357,0.03430698026568428,0.038249437934873724
67.50588235289825,0.03167953242781126,0.028400628099757946
67.52941176466294,0.029056950071894686,0.04279325363728818
67.55294117642762,0.03464890575952128,0.0415997946878259
67.57647058819231,0.037025960198293885,0.03615614278871639
67.59999999995699,0.0323979835004491,0.03478855959276247
67.62352941172168,0.03145793127597799,0.028033711849573536
67.64705882348636,0.036351341990104966,0.03651300266355671
67.67058823525105,0.03500646133561059,0.035828824032204255
67.69411764701573,0.026580993698365554,0.023326639434968252
67.71764705878041,0.03036983764490533,0.03191628268437419
67.7411764705451,0.032557016934188214,0.03431235681713955
67.76470588230978,0.028336412717464024,0.025365072853934398
67.78823529407447,0.031985079258990995,0.027010561092120057
67.81176470583915,0.031529253507552125,0.027052377829407104
67.83529411760384,0.030378971525747284,0.02236129235338686
67.85882352936852,0.03322958950282367,0.032344267044514756
67.8823529411332,0.03080258920174796,0.030015348994357007
67.90588235289789,0.030772937221641095,0.01247952336495911
67.92941176466258,0.03496598246033884,0.031088515478054777
67.95294117642726,0.03708959852707471,0.04301468378813203
67.97647058819194,0.03477400272594746,0.020105491328204085
67.99999999995663,0.03428485641801565,0.022987554815742828
68.02352941172131,0.041287706317447825,0.031176856956787527
68.047058823486,0.04497105367114197,0.02342395772404764
68.07058823525068,0.036060811022149156,0.024840591094970263
68.09411764701537,0.0351756568393599,0.02054207905043304
68.11764705878005,0.0446999137121111,0.016494273058841047
68.14117647054474,0.039960005415451944,0.02274665794207988
68.16470588230942,0.03191644024926931,0.024400709016390857
68.1882352940741,0.040063082698110604,0.020133376661098077
68.21176470583879,0.04333522626890502,0.0177786110217281
68.23529411760347,0.03346892965979008,0.022472026470730225
68.25882352936816,0.030860315854336413,0.03192034895307129
68.28235294113284,0.040243905979341216,0.019437145693372484
68.30588235289753,0.0382147293849696,0.01524345265391888
68.32941176466221,0.025341387728443104,0.03202655816260537
68.3529411764269,0.02741142925768794,0.025344698602120967
68.37647058819158,0.03911374282585796,0.017660975696496918
68.39999999995626,0.02878024061572108,0.0225781678798484
68.42352941172095,0.020213013241359302,0.022107257967937735
68.44705882348563,0.03313154160540182,0.030465868617903343
68.47058823525032,0.034797026578596846,0.029101375906477784
68.494117647015,0.02108223800775661,0.014402118305225389
68.51764705877969,0.025273914691768515,0.03611667315462016
68.54117647054437,0.033510632832818195,0.04055557319798488
68.56470588230906,0.024978934882294867,0.020449811717770973
68.58823529407374,0.024188306558087257,0.03641307087326874
68.61176470583843,0.0333713660273939,0.045327983898122245
68.63529411760311,0.02757855834513398,0.02643742206864502
68.6588235293678,0.0269068976272067,0.03918070845288101
68.68235294113248,0.034198624699521944,0.04453439255994582
68.70588235289716,0.02819897994523853,0.024064580329880514
68.72941176466185,0.02850620599421294,0.039155127824810974
68.75294117642653,0.031507783736717976,0.044973348736588245
68.77647058819122,0.027297494051622802,0.019767229293572296
68.7999999999559,0.03006863412166121,0.028561611654897155
68.82352941172059,0.030363146377763845,0.04127608796291729
68.84705882348527,0.02527393980304083,0.02309202426168569
68.87058823524995,0.027892301908995942,0.02295204971039514
68.89411764701464,0.029265741469962428,0.03305928321344287
68.91764705877932,0.02468098372552791,0.02729427054756636
68.94117647054401,0.02760053295018521,0.022945972250036122
68.96470588230869,0.03328168541122872,0.027953226991522865
68.98823529407338,0.031669979175373085,0.0264278154220365
69.01176470583806,0.03483807496064231,0.020427324861527683
69.03529411760275,0.04382531503585419,0.018734672973433668
69.05882352936743,0.044750365466175765,0.021625118659820315
69.08235294113211,0.04646404945582682,0.01708515271782377
69.1058823528968,0.050142995881561556,0.01510181423040925
69.12941176466148,0.04469980760455176,0.01748355766623941
69.15294117642617,0.047152943518388994,0.017044505490777566
69.17647058819085,0.05022612214353898,0.019404417151138914
69.19999999995554,0.0406602485205326,0.018764951261595594
69.22352941172022,0.03955774807249455,0.017979112001372928
69.2470588234849,0.04327532325078801,0.025025920535784507
69.27058823524959,0.03875574776159315,0.023242589512942245
69.29411764701428,0.03679566480861941,0.022613370171181583
69.31764705877896,0.038384148670709356,0.030966370986048795
69.34117647054364,0.038269810718467814,0.024849306856484264
69.36470588230833,0.03633508985285403,0.026102390825689457
69.38823529407301,0.03888042262997877,0.03881546745027485
69.4117647058377,0.041164855180236,0.0248803633691244
69.43529411760238,0.033510378647073805,0.030148847291479246
69.45882352936707,0.034690559888409474,0.04523920992718413
69.48235294113175,0.0372219029103696,0.026876835522005718
69.50588235289644,0.028510326081673584,0.0334786287179151
69.52941176466112,0.028160874640756343,0.049908099148732885
69.5529411764258,0.02973681538974872,0.029280908077137846
69.57647058819049,0.02588833113937625,0.028357859281027065
69.59999999995517,0.026464011128881776,0.04488257106254525
69.62352941171986,0.024596822592135664,0.025116468383228722
69.64705882348454,0.024146101623665362,0.019764149679736248
69.67058823524923,0.027515948914696938,0.040681131927168185
69.69411764701391,0.022524246054423058,0.0367957118970124
69.7176470587786,0.02285877542349001,0.015363540349261188
69.74117647054328,0.025564774891205184,0.030303591697820802
69.76470588230796,0.02013818213070832,0.04606311525128606
69.78823529407265,0.029138298728948516,0.028283505706191845
69.81176470583733,0.032288225774503874,0.02000888052964529
69.83529411760202,0.019501431975386313,0.04048408589958819
69.8588235293667,0.031784706368164,0.037307633527681086
69.88235294113139,0.038468563809751645,0.021068970850168622
69.90588235289607,0.01955573776630027,0.027100524989579967
69.92941176466076,0.03059472645961618,0.033134501546988625
69.95294117642544,0.04671321581630116,0.029426530322375202
69.97647058819012,0.02659089837179618,0.023595540329370997
69.99999999995481,0.027176527029092207,0.018618891105042227
70.0235294117195,0.05396187766720008,0.027620221016069573
70.04705882348418,0.046708683740392956,0.029778859096818714
70.07058823524886,0.036778856514531805,0.025223175512309366
70.09411764701355,0.05022199979665445,0.025329386561698714
70.11764705877823,0.05192026259002453,0.01923130583925028
70.14117647054292,0.04786554284042815,0.027266720663441234
70.1647058823076,0.04622009800606365,0.03111119304957164
70.18823529407229,0.04130627412356861,0.01948866214640619
70.21176470583697,0.04931072082825753,0.016423897055786032
70.23529411760165,0.049917910556019865,0.027692530488548344
70.25882352936634,0.03567350690924108,0.03375578463709363
70.28235294113102,0.040226371368874476,0.019122919293320172
70.30588235289571,0.04899165788354384,0.022802625314576056
70.32941176466039,0.03814339108497423,0.044865247814499486
70.35294117642508,0.030386236880143802,0.03310438128321306
70.37647058818976,0.03857310918753915,0.022005005398925838
70.39999999995445,0.03787979106978697,0.037594158875905864
70.42352941171913,0.02870208547664771,0.0315766505372845
70.44705882348381,0.029167274319919785,0.026573900518845447
70.4705882352485,0.034399526613709666,0.0356423926542561
70.49411764701318,0.030193607325402706,0.022983463336649985
70.51764705877787,0.027256112700633238,0.022677046536392357
70.54117647054255,0.03156863769102338,0.036959986154771356
70.56470588230724,0.029675603226109397,0.024282990260133953
70.58823529407192,0.029308454155598747,0.01689824056672009
70.6117647058366,0.03421610473871533,0.023691898646266623
70.63529411760129,0.0270065552249987,0.022720667773235833
70.65882352936597,0.02748510202509356,0.015047399413805706
70.68235294113066,0.03608982524070403,0.023088268767822967
70.70588235289534,0.029840567052282725,0.02787372051178421
70.72941176466003,0.028030118912242434,0.017700330582627162
70.75294117642471,0.030767490210092216,0.03050708464036968
70.7764705881894,0.02790286898273715,0.03610177881576673
70.79999999995408,0.03153971161521725,0.023159247219618703
70.82352941171877,0.02665280230015445,0.03911954741064625
70.84705882348345,0.02470269515713464,0.04159292649699192
70.87058823524814,0.029271918419960973,0.02458429164104693
70.89411764701282,0.0237665140432087,0.03982566877883331
70.9176470587775,0.02916856852808602,0.04035239775245674
70.94117647054219,0.03157427964022359,0.026841391415576205
70.96470588230687,0.025304280765539044,0.03651419171565783
70.98823529407156,0.03269519108558026,0.030702790137174717
71.01176470583624,0.03743638937606395,0.02283930721184276
71.03529411760093,0.037925836371835046,0.030754913108333906
71.05882352936561,0.04065596656299846,0.025923215465461894
71.0823529411303,0.038372173531778804,0.020020388048358873
71.10588235289498,0.04241060519515203,0.025521898137668614
71.12941176465966,0.04760058886192568,0.02664024662182424
71.15294117642435,0.0455341330593853,0.024796088718204035
71.17647058818903,0.04100842357033752,0.024147020888116356
71.19999999995372,0.04110910061316929,0.025361614637471153
71.2235294117184,0.052787681616883096,0.027465028145135153
71.24705882348309,0.048263009214426805,0.029007271690818046
71.27058823524777,0.0351350097370485,0.02514343813039767
71.29411764701246,0.04658927742123272,0.02626810785250552
71.31764705877714,0.05352102470198817,0.03573160147087086
71.34117647054182,0.036968754005204295,0.028414597308456656
71.36470588230651,0.03490588420783294,0.02525374476735068
71.3882352940712,0.0460265404148062,0.043079999639454115
71.41176470583588,0.04357620045561789,0.030732878120531874
71.43529411760056,0.030630223050561067,0.021969678761345375
71.45882352936525,0.03414722680975069,0.04417877656596674
71.48235294112993,0.04230825585535422,0.034179831455900235
71.50588235289462,0.03133169965577242,0.018635704287136734
71.5294117646593,0.027238774894170936,0.04250405572226307
71.55294117642399,0.03628139967442592,0.034659186544859825
71.57647058818867,0.03147956943764451,0.016551967081952057
71.59999999995335,0.027751108429879125,0.028834603668720715
71.62352941171804,0.03133082886288407,0.030068546006906047
71.64705882348272,0.029488872210236446,0.018581331919549766
71.67058823524741,0.03286185298152446,0.014484048108047024
71.69411764701209,0.03353407358110492,0.021625845212312617
71.71764705877678,0.02410829325598201,0.022750962184158976
71.74117647054146,0.029567287804025382,0.014047623966604668
71.76470588230615,0.03321960714343963,0.023371195430687962
71.78823529407083,0.023082424523123462,0.0315341297129579
71.81176470583551,0.028127245161623734,0.015931240093484254
71.8352941176002,0.032017709071512704,0.02385878256858462
71.85882352936488,0.02503725812819949,0.031044263866743315
71.88235294112957,0.028199731937765177,0.02078441371400724
71.90588235289425,0.028343945468780708,0.022956273975092315
71.92941176465894,0.02567232838403143,0.025313500001867825
71.95294117642362,0.03423520646260514,0.027757625383357475
71.9764705881883,0.03128964691833208,0.030513270877427848
71.99999999995299,0.024807819314957187,0.02354059613175154
72.02352941171767,0.035782832304868485,0.03136121798530172
72.04705882348236,0.037890784543577985,0.04604916348179546
72.07058823524704,0.0373757630208938,0.031017185029379203
72.09411764701173,0.04301330822542081,0.028064175113675795
72.11764705877641,0.03602228326726253,0.04440034518415513
72.1411764705411,0.0408033004511986,0.03672844295062508
72.16470588230578,0.04984579416980179,0.032189728002000526
72.18823529407047,0.040170625915391625,0.03836732546522999
72.21176470583515,0.04222837584952052,0.024446924699210105
72.23529411759984,0.052413750725244776,0.03580248233201871
72.25882352936452,0.040031881900954476,0.04628047063005779
72.2823529411292,0.04146335743046782,0.02581541347156641
72.30588235289389,0.057414210309430495,0.03112148591698757
72.32941176465857,0.04483940629979408,0.04988986019068672
72.35294117642326,0.03867501606451564,0.03327157785541568
72.37647058818794,0.04860527041826368,0.03148933388757656
72.39999999995263,0.04490039906976512,0.04499572051435506
72.42352941171731,0.03987487948050626,0.036020820419048
72.447058823482,0.040214953567459716,0.04114214170309565
72.47058823524668,0.03967272424184736,0.03881599832592656
72.49411764701136,0.03212209936484852,0.018687490624207215
72.51764705877605,0.025069945920797577,0.04270668588624692
72.54117647054073,0.034863924378787554,0.04429899016658481
72.56470588230542,0.03109899558385175,0.015498720028566825
72.5882352940701,0.017217767196751235,0.026655953606127703
72.61176470583479,0.02684893318231976,0.036584864254851315
72.63529411759947,0.037581815315072646,0.015241593261604295
72.65882352936416,0.024121913317897335,0.021284921937471717
72.68235294112884,0.02336657263533665,0.02256638925593939
72.70588235289352,0.034939537737157834,0.009355526051714826
72.72941176465821,0.030908292927773136,0.017332611403318314
72.7529411764229,0.027904439226040918,0.018817657337922036
72.77647058818758,0.03215766303685949,0.013072934389539404
72.79999999995226,0.031599625087534,0.018674300540642976
72.82352941171695,0.03617178324825995,0.014898148491950822
72.84705882348163,0.032138564436119677,0.016083895548922145
72.87058823524632,0.02647048450618907,0.022658523714255804
72.894117647011,0.03308993385991009,0.017356909788528493
72.91764705877569,0.030820378313698202,0.020695952762437606
72.94117647054037,0.02834617226744304,0.02162350531914859
72.96470588230505,0.030870347033849804,0.017794071079429867
72.98823529406974,0.023462556917554892,0.02763155840717973
73.01176470583442,0.03035969082714216,0.026866402500618954
73.03529411759911,0.04224874607414531,0.023153739498722233
73.05882352936379,0.03145125652542523,0.03246271778187036
73.08235294112848,0.03049835503338577,0.033913217290110535
73.10588235289316,0.04413318707720873,0.029929786701710624
73.12941176465785,0.03958697659066959,0.034944042177599756
73.15294117642253,0.0374419889642691,0.04260225159389859
73.17647058818721,0.04326923589572952,0.038073760016518944
73.1999999999519,0.03956196670550177,0.031907237178015906
73.22352941171658,0.04164545915234611,0.037703422612203004
73.24705882348127,0.045492974816260016,0.04617157376273574
73.27058823524595,0.036799195928119866,0.04039363453868347
73.29411764701064,0.036703107214688044,0.027646921792843237
73.31764705877532,0.050729123915360934,0.0468625364873442
73.34117647054,0.0423516613170906,0.046999728466991485
73.36470588230469,0.029686704963553565,0.02490429605956759
73.38823529406937,0.04159648650588073,0.04847183048005554
73.41176470583406,0.05310349219014044,0.0479290415001647
73.43529411759874,0.044885942671709755,0.025589271872892897
73.45882352936343,0.03600767360335005,0.0432596071876529
73.48235294112811,0.0430939680669031,0.04356610128723544
73.5058823528928,0.051162485259315126,0.019507621203774143
73.52941176465748,0.04192410815586057,0.03255607255342668
73.55294117642217,0.03494499192526602,0.033783090742536964
73.57647058818685,0.033790081267192316,0.01590566588475502
73.59999999995154,0.03302843960698255,0.024501140707038932
73.62352941171622,0.034260906130521074,0.027596418085123142
73.6470588234809,0.02699340822510448,0.01533866327279945
73.67058823524559,0.02438298033398995,0.013828327452156092
73.69411764701027,0.030078042287445053,0.019331575742446212
73.71764705877496,0.027664013124304342,0.017369960238162032
73.74117647053964,0.023352066259044478,0.011328737752158653
73.76470588230433,0.02881978349840848,0.011332543191680498
73.78823529406901,0.03071830178265378,0.01692169490799881
73.8117647058337,0.028342725724356956,0.015452677232651809
73.83529411759838,0.03437046628480871,0.009924690292932144
73.85882352936306,0.035100195958396974,0.011519136375951795
73.88235294112775,0.03226583708696014,0.0161468949144304
73.90588235289243,0.03810530431592609,0.011543364098336836
73.92941176465712,0.036833740014621134,0.009995086934892575
73.9529411764218,0.033414030011082715,0.012730528994243815
73.97647058818649,0.04017213728691413,0.012332009266649681
73.99999999995117,0.03813903194527228,0.010280197250089492
74.02352941171586,0.0296415932284429,0.013807319148472559
74.04705882348054,0.03432704663654538,0.014200194216406259
74.07058823524522,0.038957349833826024,0.014424505741233095
74.09411764700991,0.038177447779992574,0.020945730486974956
74.1176470587746,0.038854180477426566,0.01817510101761294
74.14117647053928,0.03503798425156463,0.020491026249689112
74.16470588230396,0.042159373729110695,0.029128234401338014
74.18823529406865,0.047093919145922106,0.030130453439490043
74.21176470583333,0.03746278434698539,0.030337706344725095
74.23529411759802,0.045516365990258746,0.031342254732420624
74.2588235293627,0.04694176442024939,0.04230736991926999
74.28235294112739,0.03257895379539598,0.038722632127573764
74.30588235289207,0.04560771952296216,0.03154508525593917
74.32941176465675,0.052180341670478865,0.05638481618386707
74.35294117642144,0.029392384494282234,0.047707279963769174
74.37647058818612,0.02880514265449646,0.029382902500785974
74.39999999995081,0.04330245451339314,0.05292392223191654
74.42352941171549,0.036766681389219596,0.05155756385729778
74.44705882348018,0.025342875939537796,0.03528427503403555
74.47058823524486,0.03149392685117505,0.05136581804602857
74.49411764700955,0.03667427274022482,0.037371652625270854
74.51764705877423,0.029199721856070938,0.034981450564687024
74.54117647053891,0.029526825911047203,0.05357947475537496
74.5647058823036,0.036681162922659806,0.0329391922482037
74.58823529406828,0.0313358144632526,0.019458873827697017
74.61176470583297,0.027323289750758758,0.04603182279517698
74.63529411759765,0.0374412200520295,0.03227178696434618
74.65882352936234,0.0366810408461369,0.01480398733723297
74.68235294112702,0.02565320510866312,0.024731597134160847
74.7058823528917,0.03226992121195102,0.026637639339498254
74.72941176465639,0.037690194479364315,0.018078870289079577
74.75294117642107,0.028534093384524166,0.01748368308256942
74.77647058818576,0.029393965212892982,0.0252430853152366
74.79999999995044,0.030844319425907606,0.02115852709152417
74.82352941171513,0.0311218520802903,0.012900605104931438
74.84705882347981,0.03386098985062607,0.022014586611498698
74.8705882352445,0.028115805019011435,0.027181390119315096
74.89411764700918,0.028403898527055032,0.015450228723653982
74.91764705877387,0.035372114767694494,0.014370491954380659
74.94117647053855,0.03658247149283041,0.024311482449511986
74.96470588230324,0.033938872388315916,0.025071573704062256
74.98823529406792,0.03150557214770798,0.014274368509827686
75.0117647058326,0.03851796557807772,0.015078642939383212
75.03529411759729,0.04406817450995475,0.02153757412900091
75.05882352936197,0.03663075196132592,0.01673979667363991
75.08235294112666,0.03764491102287955,0.015174456713453514
75.10588235289134,0.04565871602348176,0.013130902932302083
75.12941176465603,0.04228894899765423,0.0160761748474246
75.15294117642071,0.0412110509096596,0.021435141848462277
75.1764705881854,0.04731616130128663,0.014440120030180843
75.19999999995008,0.04343931583465613,0.017155765623920047
75.22352941171476,0.042856878664059996,0.02621890027191767
75.24705882347945,0.0505770654750049,0.020418790213743484
75.27058823524413,0.03982079845072382,0.021843372675158682
75.29411764700882,0.03762976118060189,0.021748650902569177
75.3176470587735,0.054378854736288076,0.024565592888142963
75.34117647053819,0.04158757448175265,0.031258817135361085
75.36470588230287,0.02791957297220796,0.022966577530678243
75.38823529406756,0.0427152207935951,0.03016963483673653
75.41176470583224,0.047212800397625744,0.03405443644647207
75.43529411759692,0.03437197689074947,0.02564704444085597
75.45882352936161,0.030817108238149937,0.04383314012679028
75.4823529411263,0.03744526724197387,0.04134333039521076
75.50588235289098,0.04273234979977454,0.021172890376053664
75.52941176465566,0.03172383043353134,0.04897986194781988
75.55294117642035,0.026153645172827485,0.04780656331873771
75.57647058818503,0.036157444498166984,0.022667031423762828
75.59999999994972,0.029341775338436658,0.04250420817446353
75.6235294117144,0.023601821126061885,0.0414578893904977
75.64705882347909,0.035177120605704576,0.020185868265135083
75.67058823524377,0.03181767132811508,0.03130296787710579
75.69411764700845,0.023306924867845535,0.02988172324255804
75.71764705877314,0.03102456240807042,0.011512896529858633
75.74117647053782,0.03233187345939723,0.025248306948058827
75.76470588230251,0.02298553043653878,0.03422191663527775
75.78823529406719,0.025996459282187745,0.017776807061698287
75.81176470583188,0.0268633597241056,0.01353361575779146
75.83529411759656,0.024295809501915826,0.03024261878862075
75.85882352936125,0.028039142124949776,0.02691098868524794
75.88235294112593,0.027643039030138903,0.008894671765039018
75.90588235289061,0.027927552011664986,0.015533781842645839
75.9294117646553,0.029571728709746496,0.023053950582880536
75.95294117641998,0.03164254255010631,0.014520371388983445
75.97647058818467,0.03888423394700955,0.011709316126453536
75.99999999994935,0.03398086363505338,0.0182155048547819
76.02352941171404,0.028457190774640807,0.019809302298156067
76.04705882347872,0.04115377739257038,0.023421399020660462
76.0705882352434,0.041177841625587935,0.02073477732112107
76.09411764700809,0.03344295393326262,0.016023708058809465
76.11764705877277,0.04240619684806111,0.03621292413499289
76.14117647053746,0.038925694297222244,0.03481402884818802
76.16470588230214,0.037768803638747774,0.013486819065002837
76.18823529406683,0.05294677784820275,0.02579391188211686
76.21176470583151,0.0430952330767792,0.037559989993708034
76.2352941175962,0.038171770793540546,0.023899763073425225
76.25882352936088,0.055185107797180624,0.021657032633028726
76.28235294112557,0.04496855513108858,0.02557173084791567
76.30588235289025,0.038237927295493704,0.02616589774150363
76.32941176465494,0.05169881984045198,0.03702956416618388
76.35294117641962,0.042018767007984494,0.027578623411894872
76.3764705881843,0.03356779411332594,0.018039897625993218
76.39999999994899,0.04399075776844296,0.041612190715492776
76.42352941171367,0.038720409702948544,0.03968441604907121
76.44705882347836,0.03367118871346546,0.018109827313673988
76.47058823524304,0.03910108148778041,0.042095554417058194
76.49411764700773,0.035599079908256136,0.044151345839736754
76.51764705877241,0.03558180610104217,0.022951994936261974
76.5411764705371,0.036472309765195166,0.05151171038175856
76.56470588230178,0.032899187494638965,0.0532041880089878
76.58823529406646,0.03600184266003907,0.021359711436123967
76.61176470583115,0.028733524340177143,0.04442780441672587
76.63529411759583,0.025051069006428287,0.05145208215197087
76.65882352936052,0.03452522930849316,0.022762885776697123
76.6823529411252,0.02701905649407411,0.02303405732808173
76.70588235288989,0.022979150241196896,0.03318996446051156
76.72941176465457,0.032604872447805286,0.02617050176473251
76.75294117641926,0.028151898018154285,0.018073491528197597
76.77647058818394,0.027650540031963343,0.030588203763584024
76.79999999994862,0.03644832165437907,0.03925667832636128
76.82352941171331,0.027615894035407134,0.023073286863633462
76.847058823478,0.03017698932783525,0.03207508048257623
76.87058823524268,0.04354003127375092,0.04895524174438289
76.89411764700736,0.02925470533859325,0.028359827344877915
76.91764705877205,0.026063498201041264,0.02470242089113887
76.94117647053673,0.04195105074957969,0.03643908642762213
76.96470588230142,0.03745544225366694,0.026324694509793144
76.9882352940661,0.029465843287206684,0.02348893993878983
77.01176470583079,0.03264995315469467,0.022885126252139072
77.03529411759547,0.03817078554164257,0.014339066907736786
77.05882352936015,0.03852904231198271,0.02638014134514475
77.08235294112484,0.03218693275834827,0.02729864469224536
77.10588235288952,0.03050068932017952,0.010160486437772856
77.12941176465421,0.04204241486944646,0.01887889160112816
77.15294117641889,0.039334701197164805,0.031178699700681902
77.17647058818358,0.031959361298206646,0.020587068884045767
77.19999999994826,0.04021269960639743,0.014334207785329699
77.22352941171295,0.04442186395627859,0.017703252942541107
77.24705882347763,0.042656695330531944,0.02294201229777745
77.27058823524231,0.040488371797389344,0.024053734788431966
77.294117647007,0.03623178282011381,0.011009475046248902
77.31764705877168,0.04553757581616843,0.01670002614913827
77.34117647053637,0.04703504998820602,0.031152683385487833
77.36470588230105,0.031650230972869786,0.02065283836952107
77.38823529406574,0.038847689021551224,0.01793900759696947
77.41176470583042,0.04899667892645827,0.032144367081232035
77.4352941175951,0.0366165870330466,0.02872665332075414
77.45882352935979,0.036634202720768026,0.027066007933525444
77.48235294112447,0.03882468660622181,0.03424464749817764
77.50588235288916,0.03419463891665454,0.02411942584374892
77.52941176465384,0.04235999044990232,0.031493005095697336
77.55294117641853,0.037314770018261806,0.041935081472181494
77.57647058818321,0.029372798524461344,0.02318189614304518
77.5999999999479,0.036708834465768454,0.02787632308522474
77.62352941171258,0.03434495014109444,0.04484464235630838
77.64705882347727,0.030445366133160186,0.02792872348388663
77.67058823524195,0.03216350137619622,0.018361876534650518
77.69411764700664,0.03136423006984053,0.03239615252449979
77.71764705877132,0.033346870988906964,0.02699932380823555
77.741176470536,0.034436985964696194,0.016023951500090013
77.76470588230069,0.03305103322070164,0.02176184119063261
77.78823529406537,0.036456305182346584,0.01993058655711414
77.81176470583006,0.03515847379485841,0.01746929357794999
77.83529411759474,0.033352019420217115,0.025206725315174205
77.85882352935943,0.04222329276377122,0.02059057449258405
77.88235294112411,0.040502124649045596,0.01631928344561515
77.9058823528888,0.03143394015854653,0.025352053628375188
77.92941176465348,0.036748789506497265,0.020840323817138053
77.95294117641816,0.044464616560995256,0.018263260634434248
77.97647058818285,0.03949261382297116,0.02439341708591483
77.99999999994753,0.034383612459710375,0.017582079398666163
78.02352941171222,0.033105059843029604,0.02412167956733188
78.0470588234769,0.043011441641980626,0.03263745682489488
78.07058823524159,0.04650311841280622,0.016216592666883085
78.09411764700627,0.03297113563701365,0.021973674900990527
78.11764705877096,0.040082603079347474,0.03396645215279152
78.14117647053564,0.05544841237771767,0.01827634033704651
78.16470588230032,0.04395719990770739,0.020303652351613292
78.18823529406501,0.041835059893319704,0.02437085320527365
78.2117647058297,0.047359428718998585,0.016330008758096246
78.23529411759438,0.040995935358307846,0.023590602715469693
78.25882352935906,0.04654674701393401,0.028295986070291716
78.28235294112375,0.04394310635779893,0.017343554806535613
78.30588235288843,0.03358087405623034,0.02091816126590899
78.32941176465312,0.04208471019800662,0.03781703488811642
78.3529411764178,0.04157511305988183,0.028162635828548117
78.37647058818249,0.030145382586017892,0.014136840306793097
78.39999999994717,0.03153301549329051,0.03804441641242675
78.42352941171185,0.03361228748424614,0.039676866002109894
78.44705882347654,0.03306973416651118,0.01636321899291482
78.47058823524122,0.02781303612181502,0.03374366762945767
78.49411764700591,0.02653834090298047,0.03903590998819679
78.51764705877059,0.04006628343148938,0.025642734045417618
78.54117647053528,0.03821585140870737,0.03721252596865675
78.56470588229996,0.028553487336135556,0.03976718443143099
78.58823529406465,0.0413411965738383,0.022486229428359077
78.61176470582933,0.04381863584741479,0.034843913650396775
78.63529411759401,0.03391928592900291,0.051331287758969724
78.6588235293587,0.03431193928852347,0.025507141061584554
78.68235294112338,0.03580378651477971,0.023047730389339823
78.70588235288807,0.035046255693709755,0.05040831440381616
78.72941176465275,0.03566092274339676,0.03176147242312419
78.75294117641744,0.029755013902399038,0.015229669306599858
78.77647058818212,0.029062725622116484,0.042755758724191836
78.7999999999468,0.03944769047596013,0.02998266760434549
78.82352941171149,0.03456487541565066,0.01562930268877478
78.84705882347617,0.023330893062688478,0.029535453671295626
78.87058823524086,0.03998187024678809,0.026492615137410844
78.89411764700554,0.044139364674234176,0.026340118223956842
78.91764705877023,0.02577164569810094,0.020712986361689518
78.94117647053491,0.028830186016906057,0.01556449644844249
78.9647058822996,0.04139865287057382,0.029953235531218165
78.98823529406428,0.03864106975307129,0.022644367047841226
79.01176470582897,0.027623168038689055,0.010408762806870121
79.03529411759365,0.03101290264219599,0.022876921799012417
79.05882352935834,0.04417617560516826,0.018904028054793076
79.08235294112302,0.03539253599767699,0.011610945740690097
79.1058823528877,0.027700194170456806,0.01970104646679584
79.12941176465239,0.04198946461468896,0.015993685619955813
79.15294117641707,0.0415806054299546,0.012458662395985563
79.17647058818176,0.03141259006699812,0.019472631378068393
79.19999999994644,0.04024515211338934,0.018338408252675537
79.22352941171113,0.043821229794255935,0.014054190695742074
79.24705882347581,0.037026917156633726,0.021432184801033746
79.2705882352405,0.04171687646077582,0.03260724655841127
79.29411764700518,0.04106710529153762,0.022147853571538437
79.31764705876986,0.038851426298895785,0.019608796821372232
79.34117647053455,0.044085089238924034,0.04351540154754194
79.36470588229923,0.03590757549245992,0.03600819493568345
79.38823529406392,0.03517774281864837,0.018010235075882817
79.4117647058286,0.04361571576625538,0.04838914316870735
79.43529411759329,0.032606713443211775,0.041145568529075686
79.45882352935797,0.03044112649036573,0.014755779305071527
79.48235294112266,0.03936612325774154,0.04059363530437498
79.50588235288734,0.029973550138306,0.04335119866275157
79.52941176465202,0.029166757394972508,0.015186867229211436
79.55294117641671,0.036107832689568325,0.03885001900655358
79.5764705881814,0.027841676051649358,0.0401935905193477
79.59999999994608,0.028163595801004755,0.011888504557561392
79.62352941171076,0.03106950025172296,0.036652181117254684
79.64705882347545,0.027357099049309747,0.03776987190797144
79.67058823524013,0.03541762882719582,0.01007242815284941
79.69411764700482,0.03513364058542708,0.021453077057338742
79.7176470587695,0.02734492074895834,0.02890395161085111
79.74117647053419,0.04108343628626653,0.010656209849236042
79.76470588229887,0.04340081046410808,0.016318941607043017
79.78823529406355,0.02827478237560181,0.02353429605346513
79.81176470582824,0.03873942498791768,0.012433771650521992
79.83529411759292,0.03936527759914943,0.018645338416523157
79.85882352935761,0.03332753588445309,0.03226021701236065
79.88235294112229,0.03991240040306803,0.026031097821360524
79.90588235288698,0.03232435111272204,0.015292692209481309
79.92941176465166,0.033426703425786186,0.031002860567714893
79.95294117641635,0.04417194787751189,0.04853264989648113
79.97647058818103,0.033082029900320095,0.022804748686474932
79.99999999994571,0.030705438578720982,0.016860488961625893
80.0235294117104,0.04242627175199708,0.04218202912912718
80.04705882347508,0.038391013321449556,0.03716668137277129
80.07058823523977,0.036401690866167305,0.014466836557519519
80.09411764700445,0.04021563526468597,0.018293074556423976
80.11764705876914,0.041280050545589746,0.029917601563542347
80.14117647053382,0.04376367698170886,0.024669702891396635
80.1647058822985,0.0386724394105004,0.018069163662129985
80.18823529406319,0.03871261387136117,0.01847319047079813
80.21176470582787,0.04914402813221098,0.03306238645513673
80.23529411759256,0.04045749689921402,0.029339490849907054
80.25882352935724,0.040570981427508444,0.02029270085408749
80.28235294112193,0.05291149757263299,0.03535691415548785
80.30588235288661,0.04138664447071025,0.033543264480113535
80.3294117646513,0.039536899132563155,0.027255709371694997
80.35294117641598,0.05320061929052283,0.04242292414167252
80.37647058818067,0.0447047066588985,0.03229155912155006
80.39999999994535,0.03125118185643358,0.02727943869796965
80.42352941171004,0.03820948702077375,0.05241190952569267
80.44705882347472,0.044232485024745465,0.036002494622685205
80.4705882352394,0.03288991537466979,0.02348000037424249
80.49411764700409,0.021616517930143086,0.04378126626101592
80.51764705876877,0.034283291337072884,0.0353476763392391
80.54117647053346,0.03885644443833128,0.029478771204443244
80.56470588229814,0.021745072663435994,0.035188975495926
80.58823529406283,0.026143881317888463,0.03310967284680969
80.61176470582751,0.037908358053798205,0.03689529088462556
80.6352941175922,0.02523826768151969,0.03575017433217183
80.65882352935688,0.022658947104630317,0.0339074829808058
80.68235294112156,0.034230296160693334,0.036859086588926955
80.70588235288625,0.027939637524196898,0.026050154180033227
80.72941176465093,0.022493555039302462,0.02341144551296899
80.75294117641562,0.03239865699577414,0.03067713991814138
80.7764705881803,0.03148850815186574,0.016834240193306572
80.79999999994499,0.02210786352172153,0.01190057281132178
80.82352941170967,0.032267308709512485,0.0210023200046437
80.84705882347436,0.03198465280941165,0.024844005126599508
80.87058823523904,0.020118420532596874,0.017463410670080382
80.89411764700372,0.033134929882338335,0.014353482209558423
80.91764705876841,0.03511457185336571,0.023361956127165566
80.9411764705331,0.02351583185455467,0.036527497219530636
80.96470588229778,0.03415995078998469,0.022081151812594364
80.98823529406246,0.0414678500148417,0.021961853867690832
81.01176470582715,0.03321165867222783,0.03828172810750194
81.03529411759183,0.03172757610209275,0.031541366198535245
81.05882352935652,0.04339112260873507,0.02193535015559569
81.0823529411212,0.04468234162932479,0.027800832273729318
81.10588235288589,0.03612382705402884,0.026780510396240624
81.12941176465057,0.03755088812254205,0.023548253216987284
81.15294117641525,0.04531883069418511,0.016224511178473934
81.17647058817994,0.04465436751344923,0.015353000347192019
81.19999999994462,0.04317287825509096,0.02594815619849273
81.22352941170931,0.04498317709600012,0.015917295161472837
81.24705882347399,0.041707388827698436,0.010206968672569308
81.27058823523868,0.04387704076774984,0.02531915133263149
81.29411764700336,0.04955719708912466,0.019948482520555342
81.31764705876805,0.04223980426362543,0.010878398272360541
81.34117647053273,0.03970334856760952,0.02864579146003322
81.36470588229741,0.04860984071869861,0.028247121112444516
81.3882352940621,0.045476192582483886,0.013072625363432492
81.41176470582678,0.03740639514345033,0.030936434742843598
81.43529411759147,0.045886183363599696,0.03476494626675001
81.45882352935615,0.05096110816975415,0.018059268108637467
81.48235294112084,0.03868069725733334,0.030096419508227112
81.50588235288552,0.03523432987349406,0.03491811455320772
81.5294117646502,0.04356416088815861,0.020530402966921234
81.55294117641489,0.03821549371898727,0.03176407688555214
81.57647058817957,0.029815960598738193,0.03810072137130288
81.59999999994426,0.03570508417576331,0.02886501520087337
81.62352941170894,0.03492084145766669,0.036440143404870166
81.64705882347363,0.027670371378650534,0.0362700352776864
81.67058823523831,0.032316506583386174,0.03395674904823701
81.694117647003,0.03435525383603534,0.032868630877298764
81.71764705876768,0.03017513900557443,0.02465993307185575
81.74117647053237,0.0383596202297326,0.02574162485471264
81.76470588229705,0.036473056440870344,0.021955923174156886
81.78823529406174,0.024864509268092302,0.02021601747364609
81.81176470582642,0.036531253753601015,0.020979333832759548
81.8352941175911,0.04097090731488514,0.013061437482562941
81.85882352935579,0.024381885040892563,0.019343776924120756
81.88235294112047,0.0310109351163853,0.02401771240796923
81.90588235288516,0.039825985180238825,0.014505908491728527
81.92941176464984,0.028420221493752236,0.013580733902090664
81.95294117641453,0.03021888409366277,0.02225144942668055
81.97647058817921,0.037311050419001,0.02059641998842049
81.9999999999439,0.03383484071586726,0.014354962390271933
82.02352941170858,0.03509393076662151,0.02089475729416684
82.04705882347326,0.031940147613606876,0.02911307935712261
82.07058823523795,0.03443027302181421,0.02070088806067507
82.09411764700263,0.04313739808766218,0.018737018930204085
82.11764705876732,0.033534061457778444,0.030923466568712362
82.141176470532,0.027268601384901142,0.03144550874828539
82.16470588229669,0.04077637148279465,0.02140421798634325
82.18823529406137,0.041562538999732564,0.02587964015626793
82.21176470582606,0.030637436877197943,0.037904803118192755
82.23529411759074,0.03233481534975305,0.03476470517940893
82.25882352935542,0.03801437744700509,0.03131585761637335
82.28235294112011,0.04899657176108871,0.036810801518769976
82.3058823528848,0.04075382459795992,0.03729524273684123
82.32941176464948,0.03191248398272497,0.038952603969990264
82.35294117641416,0.050035547463166394,0.039524266465906135
82.37647058817885,0.05009872440455375,0.03142615306800659
82.39999999994353,0.03274332382264661,0.03713223558371454
82.42352941170822,0.03961284673216854,0.04470969494879748
82.4470588234729,0.043987198065995006,0.03047128830103125
82.47058823523759,0.03813483114646508,0.028134027737157355
82.49411764700227,0.03858966619750831,0.03745989581194053
82.51764705876695,0.035105046751971285,0.02829290230448609
82.54117647053164,0.03581966327466777,0.028185821359838128
82.56470588229632,0.04274644992061053,0.03327208286819343
82.58823529406101,0.034734040531180475,0.024706047512028245
82.61176470582569,0.031109545244224598,0.025595700329142355
82.63529411759038,0.03751807968628122,0.04049803529212893
82.65882352935506,0.02869449688450287,0.03758738695278419
82.68235294111975,0.027691238102510805,0.016701110728326446
82.70588235288443,0.03728503424369313,0.03287352639361928
82.72941176464911,0.02911651399937818,0.03955053480350052
82.7529411764138,0.026117674753329486,0.018555754054687398
82.77647058817848,0.033023756100506715,0.013387315402964065
82.79999999994317,0.03287579817110454,0.025171231846201007
82.82352941170785,0.03549822674368488,0.024811924505557234
82.84705882347254,0.029788229629986562,0.015521718760724683
82.87058823523722,0.029040069396876752,0.014533756055520264
82.8941176470019,0.04191150808687318,0.021683384305066705
82.91764705876659,0.03308096030052898,0.018607162292801554
82.94117647053127,0.024021772780022894,0.019557668848082962
82.96470588229596,0.04069688360109802,0.020847153047812206
82.98823529406064,0.038328994059737956,0.01212833442946576
83.01176470582533,0.026494684573613283,0.01402833639154637
83.03529411759001,0.035395187618441674,0.02437816341536925
83.0588235293547,0.04043907537241913,0.013425546685427012
83.08235294111938,0.03880498625359478,0.01571176807132771
83.10588235288407,0.038968030665510495,0.02718173361968856
83.12941176464875,0.037008467191826246,0.020587199407288793
83.15294117641344,0.04452783998745746,0.02113357514324849
83.17647058817812,0.04685976414994805,0.028262205311887178
83.1999999999428,0.03460934516820771,0.022687077773699757
83.22352941170749,0.041631121541432,0.017132429550048133
83.24705882347217,0.051187731374593794,0.02187656768072802
83.27058823523686,0.035394830551247945,0.022153118402931875
83.29411764700154,0.037399276220166665,0.014341452975203561
83.31764705876623,0.04888853183310217,0.016980471268973275
83.34117647053091,0.03835607050409311,0.026677651836334377
83.3647058822956,0.03672146987905358,0.021788524259026436
83.38823529406028,0.040557824338143096,0.017140454157839404
83.41176470582496,0.03338241610131718,0.037134669557765766
83.43529411758965,0.0348518502339262,0.03508027130045943
83.45882352935433,0.036806243547443364,0.01718022171084251
83.48235294111902,0.03164598021954873,0.03836469427249243
83.5058823528837,0.03170702287912031,0.047424157914385714
83.52941176464839,0.034375298483481434,0.018477689167317464
83.55294117641307,0.03862659449705368,0.03973025255400027
83.57647058817776,0.0386257688843959,0.05250008003812543
83.59999999994244,0.034645791908861634,0.018408045609190064
83.62352941170712,0.03948361574196034,0.04229108405907702
83.64705882347181,0.03813663616275475,0.04996976069994696
83.6705882352365,0.03328587223039631,0.020285828506081103
83.69411764700118,0.036186488367535595,0.0465007417964412
83.71764705876586,0.03786762322224869,0.04445008884624759
83.74117647053055,0.03570717013402615,0.016920053473092892
83.76470588229523,0.03388042339153198,0.03521298279675029
83.78823529405992,0.0352002393534514,0.03736104249969463
83.8117647058246,0.03594774639879372,0.014828062319672538
83.83529411758929,0.035976248191260156,0.01907755448743998
83.85882352935397,0.03701827121794416,0.022639757370815427
83.88235294111865,0.03663376966676237,0.019803239096889514
83.90588235288334,0.036986369765454094,0.01758024734345478
83.92941176464802,0.03595512955910508,0.01687347589461323
83.95294117641271,0.035095477393760864,0.024256796190304495
83.97647058817739,0.03943149974349184,0.020638223713868562
83.99999999994208,0.03608702359526982,0.018279416067106764
84.02352941170676,0.03276123989614864,0.019527571315296297
84.04705882347145,0.04045082055532702,0.020013274178789613
84.07058823523613,0.03386046769784148,0.021590910597799794
84.09411764700081,0.0336820367036752,0.0180291951549278
84.1176470587655,0.047625167898283506,0.017090184458200812
84.14117647053018,0.036336364308772975,0.026035581661187846
84.16470588229487,0.03446970941707411,0.023358862184776077
84.18823529405955,0.04600461147166179,0.017015657523069022
84.21176470582424,0.03473618262368411,0.02358890377033309
84.23529411758892,0.03588501060040739,0.029431879866392598
84.2588235293536,0.04470544765235872,0.01979605846918573
84.28235294111829,0.0378173352958126,0.019749450035349583
84.30588235288297,0.04459473525947904,0.026910704852603235
84.32941176464766,0.043925523116993985,0.019105616835892982
84.35294117641234,0.035726701195963294,0.024571025864704343
84.37647058817703,0.052107597126088916,0.030634671353562605
84.39999999994171,0.05784705895942892,0.020659939524067222
84.4235294117064,0.03593741933192129,0.035103963372263534
84.44705882347108,0.03413692033418277,0.04153418572543783
84.47058823523577,0.04729893840601772,0.029727929286055735
84.49411764700045,0.045246194136095645,0.03843929998028758
84.51764705876514,0.027041082164269755,0.041602907835411755
84.54117647052982,0.028042232729714945,0.04326066544405442
84.5647058822945,0.03642492827591243,0.038130399029813224
84.58823529405919,0.02741669317692127,0.026038871704056905
84.61176470582387,0.024816740289290835,0.040684333776043115
84.63529411758856,0.03253232980416034,0.04399290161904947
84.65882352935324,0.02800097289579981,0.027323505884023547
84.68235294111793,0.023989687071926665,0.02913379055009554
84.70588235288261,0.0327907919676544,0.03697774978427161
84.7294117646473,0.033071498132747436,0.03253390997714658
84.75294117641198,0.026303485641921056,0.027084887441566622
84.77647058817666,0.03462553207412482,0.022945713086518455
84.79999999994135,0.03331625926757295,0.024171595413959843
84.82352941170603,0.024376759511581785,0.02032423864630199
84.84705882347072,0.03620272691846908,0.018817685483521984
84.8705882352354,0.033971153286805444,0.023848130482684287
84.89411764700009,0.023494695721766014,0.014920687388204875
84.91764705876477,0.034434962812545676,0.011056325412093676
84.94117647052946,0.031767749362072745,0.03037824354598597
84.96470588229414,0.023452202009673278,0.03233884959402653
84.98823529405882,0.034941736158234885,0.013232703063368653
85.01176470582351,0.03633123890829561,0.02034238194819202
85.0352941175882,0.025629316471217557,0.04691139636174736
85.05882352935288,0.03186384684783171,0.03340321396555414
85.08235294111756,0.03975609210793549,0.013824921406057004
85.10588235288225,0.03791391072229036,0.030981337328408635
85.12941176464693,0.032369565406408854,0.03808469016614835
85.15294117641162,0.04016220113804249,0.019228136534376154
85.1764705881763,0.05004707793489288,0.02103262473431451
85.19999999994099,0.03809762332065536,0.02642436060567765
85.22352941170567,0.03656408715377515,0.021917549398876624
85.24705882347035,0.05077029556294873,0.023120921026269243
85.27058823523504,0.041672164887026415,0.025244397505351526
85.29411764699972,0.03421863710756436,0.02289219325258029
85.31764705876441,0.04452311162608315,0.019389283029361444
85.34117647052909,0.040544669514090234,0.026697572051266206
85.36470588229378,0.039503056207079036,0.02823101643930377
85.38823529405846,0.04359937251935068,0.017445721060840247
85.41176470582315,0.03401343872800925,0.024806637437016072
85.43529411758783,0.03832471860057268,0.03221211591426737
85.45882352935251,0.04495354060800499,0.020705944398533686
85.4823529411172,0.032911178491433705,0.027588735812926857
85.50588235288188,0.031681800666055596,0.0396054775071695
85.52941176464657,0.03668758932647504,0.029879353697959864
85.55294117641125,0.03070792184017312,0.026570549097514183
85.57647058817594,0.031175789419851448,0.03273699284622067
85.59999999994062,0.03494562730868475,0.0387810952919778
85.6235294117053,0.03596624105682638,0.03458619405859202
85.64705882346999,0.03274052711089589,0.02899885344596541
85.67058823523467,0.029654192337023797,0.0350807749343576
85.69411764699936,0.038518014247718994,0.038025699071071686
85.71764705876404,0.04027268992096744,0.031114112600603285
85.74117647052873,0.030713200919737137,0.02680760627342383
85.76470588229341,0.03302939120627943,0.028732123182612083
85.7882352940581,0.03614170389645847,0.035551418507804355
85.81176470582278,0.03252956818933591,0.023259648432236855
85.83529411758747,0.03191190404354102,0.01740935269832375
85.85882352935215,0.02964567409336393,0.03467420765371795
85.88235294111684,0.029218470518021268,0.026797974639065143
85.90588235288152,0.030681937829248343,0.012498071565167261
85.9294117646462,0.02586007535634127,0.027720741335622464
85.95294117641089,0.024381103592576173,0.02985996311066065
85.97647058817557,0.02893564704270643,0.013371234865260893
85.99999999994026,0.030088212875082482,0.022667305892004386
86.02352941170494,0.029575236872383854,0.03221407994687912
86.04705882346963,0.03749055275171134,0.021248305480288356
86.07058823523431,0.0395763006807654,0.019577242188360645
86.094117646999,0.03389636357349482,0.027241739801424688
86.11764705876368,0.04684362042160507,0.028076066032869145
86.14117647052836,0.05950039542222179,0.022749685928183643
86.16470588229305,0.044717787744437576,0.01865208960876854
86.18823529405773,0.045283017378508095,0.02077366158977987
86.21176470582242,0.05521954630418337,0.02934141113021467
86.2352941175871,0.05266379530925227,0.020300595411466876
86.25882352935179,0.049446010368224276,0.01591269823575649
86.28235294111647,0.04607947932411418,0.02346567171844948
86.30588235288116,0.051236106650235175,0.0213504891880192
86.32941176464584,0.04877914817382812,0.0171613203309308
86.35294117641052,0.0386158847001459,0.017756240377019242
86.37647058817521,0.05639225518353985,0.020924670837496235
86.3999999999399,0.05715325497106246,0.019645186260447322
86.42352941170458,0.03295554307340717,0.017148172780863585
86.44705882346926,0.04617548604416254,0.02504796058403686
86.47058823523395,0.056166611950209944,0.021146597161630556
86.49411764699863,0.039734770473607225,0.02077778780833943
86.51764705876332,0.03506538583901797,0.03248199340689049
86.541176470528,0.03847561304123696,0.02263904118776768
86.56470588229269,0.039167279644278234,0.0276438064231482
86.58823529405737,0.03529790309861185,0.040653907800732504
86.61176470582205,0.032815642206975915,0.020913698995058926
86.63529411758674,0.034675299242903745,0.03522518671892182
86.65882352935142,0.03254323406453177,0.05427789728057828
86.68235294111611,0.03290235990781143,0.015190521179650876
86.70588235288079,0.03320002801147111,0.029255843439644606
86.72941176464548,0.029225944929599283,0.04760212492866726
86.75294117641016,0.032217074443570526,0.017719435057434268
86.77647058817485,0.03453262891263533,0.016581766885442564
86.79999999993953,0.028624682272755702,0.027416226602362998
86.82352941170421,0.026672069222034307,0.014430212573463755
86.8470588234689,0.034546020853260154,0.01371145306882475
86.87058823523358,0.03202701343556825,0.013367542615587381
86.89411764699827,0.023127568078654903,0.008545434167676953
86.91764705876295,0.03069487275968441,0.011800930981629673
86.94117647052764,0.03288984896354397,0.011889863909177872
86.96470588229232,0.02187625763992688,0.013676307608500969
86.988235294057,0.026837205769688646,0.010839419721935993
87.01176470582169,0.03287628875113597,0.009650521543961493
87.03529411758637,0.024570988585610742,0.022333391938664366
87.05882352935106,0.026813004263678133,0.022843551944302553
87.08235294111574,0.032784317352548324,0.016206350366804352
87.10588235288043,0.03211658395973322,0.028379239148262497
87.12941176464511,0.03173898627567718,0.029119411568732222
87.1529411764098,0.033177697739410615,0.025530210373830544
87.17647058817448,0.03877048516866338,0.03229160418187999
87.19999999993917,0.040803682282039754,0.02459749487286782
87.22352941170385,0.03803979095693116,0.02651606284239739
87.24705882346854,0.04202370589388826,0.03260516759509165
87.27058823523322,0.0518521546313032,0.022218069625553036
87.2941176469979,0.049852879656595045,0.023031189287272616
87.31764705876259,0.04352730014339555,0.028744655562556988
87.34117647052727,0.04919789636377887,0.026287854686209856
87.36470588229196,0.059004689659207694,0.028817603820702396
87.38823529405664,0.050574090919410744,0.03024092044086957
87.41176470582133,0.04208157530300977,0.031227072430752147
87.43529411758601,0.051878570733173014,0.03721334337582924
87.4588235293507,0.0524331810481532,0.036446716807497365
87.48235294111538,0.03810386381847787,0.037878184072737714
87.50588235288006,0.038110010694830845,0.045693928071931525
87.52941176464475,0.0410623445253293,0.03570338105561309
87.55294117640943,0.0343725800214903,0.03971668668897499
87.57647058817412,0.03420041922402048,0.04838471809271187
87.5999999999388,0.03494852322014641,0.029635278104569084
87.62352941170349,0.03395354113949214,0.04015955336531395
87.64705882346817,0.03944737474925141,0.05340429031943116
87.67058823523286,0.0345923773134494,0.028459026305652363
87.69411764699754,0.028350855778802097,0.03391676380817897
87.71764705876222,0.0371827982637518,0.05555200219179514
87.74117647052691,0.03732710425060361,0.03423443053259595
87.7647058822916,0.02991987554694303,0.022677729407344846
87.78823529405628,0.03174344731000972,0.035041113923629234
87.81176470582096,0.036921257577687404,0.02900542540572448
87.83529411758565,0.03543991995076353,0.016448370246318504
87.85882352935033,0.033158338205693735,0.023328747634174266
87.88235294111502,0.03906695280445815,0.02332359743198878
87.9058823528797,0.04250695871308189,0.01810488262441986
87.92941176464439,0.03399661305055981,0.03204749303061551
87.95294117640907,0.033817808418713145,0.030305876006764466
87.97647058817375,0.04055741114716631,0.015733684735055653
87.99999999993844,0.03302767046366134,0.026563192148465087
88.02352941170312,0.03114274205708972,0.030844081077280684
88.04705882346781,0.03723219380478377,0.021356509555876615
88.07058823523249,0.030099039844708995,0.016859995922665176
88.09411764699718,0.029399221214464227,0.018981259617730107
88.11764705876186,0.03848382584315194,0.03220996385349873
88.14117647052655,0.03540249162717821,0.032754872300943046
88.16470588229123,0.03326018026367358,0.014624237410773715
88.18823529405591,0.0363227375108215,0.020799814084131413
88.2117647058206,0.03993058481890473,0.03992165226429047
88.23529411758528,0.04114447004555402,0.02706808237536433
88.25882352934997,0.038982159503433374,0.012211555699293249
88.28235294111465,0.040730908543135734,0.02418053440065844
88.30588235287934,0.04351329618652743,0.029944155770208095
88.32941176464402,0.0468553911039093,0.015266401542780875
88.3529411764087,0.043115697985155715,0.021899865540094463
88.37647058817339,0.037043898474825865,0.031178843376800748
88.39999999993807,0.050099718335758193,0.019030480387590504
88.42352941170276,0.050621635882721616,0.025766206515283434
88.44705882346744,0.03248695920083439,0.035071497231069025
88.47058823523213,0.04108544006481233,0.025630197198275684
88.49411764699681,0.04834908913160239,0.03258225199917373
88.5176470587615,0.03314549234510635,0.03653163886236428
88.54117647052618,0.029678931066195333,0.024582055889817492
88.56470588229087,0.03508776185649662,0.026399685338685183
88.58823529405555,0.03143945336894472,0.03571204102027008
88.61176470582024,0.027670606804148238,0.029667388691493695
88.63529411758492,0.029784912153757972,0.02457564509534672
88.6588235293496,0.03322257264211408,0.027253517346079583
88.68235294111429,0.030198460580370085,0.033037090298241825
88.70588235287897,0.02987746264528979,0.03090654922971459
88.72941176464366,0.03765144376734907,0.032991109760587604
88.75294117640834,0.03492192967761687,0.03550746901443375
88.77647058817303,0.02810866117014366,0.02595079903512904
88.79999999993771,0.037699776715681255,0.028621705094753053
88.8235294117024,0.04067258146667579,0.03535981998726879
88.84705882346708,0.02651901842334474,0.01695124380490136
88.87058823523176,0.03060358244837198,0.019634280743693236
88.89411764699645,0.041500854980463894,0.028351836897651885
88.91764705876113,0.03196419306033295,0.008970348835740992
88.94117647052582,0.03017217535052968,0.02013821178796843
88.9647058822905,0.033733403956498605,0.029262193130317905
88.98823529405519,0.031124628224788464,0.008290370956700686
89.01176470581987,0.03847542296658959,0.02238901761265066
89.03529411758456,0.03840988699677638,0.036955000973317616
89.05882352934924,0.024944313196636637,0.015775119651896652
89.08235294111392,0.033432381592824495,0.019227650290122224
89.10588235287861,0.043896455081138715,0.034467845193666594
89.1294117646433,0.036405959575803434,0.02169971927977439
89.15294117640798,0.027590438199974653,0.016903751838444975
89.17647058817266,0.034597336783650796,0.025754891679435194
89.19999999993735,0.04615849448561535,0.02621351977540511
89.22352941170203,0.04002107532069349,0.01637318257084121
89.24705882346672,0.02986263794863291,0.02037198935236612
89.2705882352314,0.04765004223013811,0.03061399722056245
89.29411764699609,0.0518670609082509,0.028406517725280557
89.31764705876077,0.04021642933189832,0.019776301633070925
89.34117647052545,0.04894938669492758,0.026858842666579664
89.36470588229014,0.05107572678132711,0.03772523105811065
89.38823529405482,0.040918026198919204,0.03351781093790767
89.41176470581951,0.051083771645846585,0.02592763396088288
89.43529411758419,0.049320730947143857,0.03794677360855559
89.45882352934888,0.03538596540685905,0.03917752805568617
89.48235294111356,0.044937711442420376,0.029596210045370972
89.50588235287825,0.0465704282333928,0.03960023932973663
89.52941176464293,0.03936750672392128,0.037670203894873716
89.55294117640761,0.038203110429186705,0.02746974037607389
89.5764705881723,0.03309367461169818,0.034638537544642634
89.59999999993698,0.036751408515517905,0.032220172091516834
89.62352941170167,0.04018042061127427,0.026818787018258832
89.64705882346635,0.028393698235170965,0.036990120806218205
89.67058823523104,0.027955118722436872,0.03401295297389723
89.69411764699572,0.03605976145054507,0.02705120844238645
89.7176470587604,0.03150701035734655,0.03539381183082843
89.74117647052509,0.028358437340900728,0.03750263789035294
89.76470588228977,0.03217626813221896,0.0296650622271248
89.78823529405446,0.03318203093325652,0.026990766024903252
89.81176470581914,0.033813953997196985,0.025665932963848406
89.83529411758383,0.028995952966577785,0.027647411229584955
89.85882352934851,0.026477241916572577,0.022218706705529105
89.8823529411132,0.033303479416566945,0.016097596563809186
89.90588235287788,0.030257522988596634,0.02384336348013045
89.92941176464257,0.023439960312624693,0.02050874608460041
89.95294117640725,0.021986705417987147,0.01756167464840981
89.97647058817194,0.025594554350517794,0.022359543445189107
89.99999999993662,0.03272775735192302,0.011299195309972932
90.0235294117013,0.03244309996823159,0.01378448982307529
90.04705882346599,0.025462763185155925,0.023906185101584043
90.07058823523067,0.03253079826568532,0.011517454652598196
90.09411764699536,0.04122398812493449,0.009695721858831134
90.11764705876004,0.04030315348245507,0.020064994704533594
90.14117647052473,0.044012185820198856,0.023368029025718575
90.16470588228941,0.039792385490834414,0.01907598406851582
90.1882352940541,0.04297224625493385,0.016373488201859413
90.21176470581878,0.05289544515910458,0.025477869305604126
90.23529411758346,0.041694842259401066,0.03944372960317522
90.25882352934815,0.04165504402909745,0.02746861449388066
90.28235294111283,0.0526166740435,0.01504050566539551
90.30588235287752,0.039932227433007686,0.04090597067915589
90.3294117646422,0.04146969466652846,0.04626701844611152
90.35294117640689,0.05328532369196309,0.024246427926873697
90.37647058817157,0.041376289163681995,0.022164141644811876
90.39999999993626,0.0434976646475104,0.03772624653206678
90.42352941170094,0.05954655849257668,0.03720311776940058
90.44705882346562,0.0424920802024576,0.03201609532068892
90.47058823523031,0.03478590975744167,0.02738485898585745
90.494117646995,0.058286859905112856,0.03153486280494411
90.51764705875968,0.04733790215108733,0.03919361583236445
90.54117647052436,0.031634559227717726,0.031304207872681004
90.56470588228905,0.04115821012962312,0.026296269545688256
90.58823529405373,0.043393317426657356,0.03568937527480428
90.61176470581842,0.03439066957795847,0.031743261447929556
90.6352941175831,0.034806052536661775,0.02734548608347776
90.65882352934779,0.032825814416831994,0.03302334144382006
90.68235294111247,0.027077838143158624,0.031865504669141925
90.70588235287715,0.029609798266808537,0.0317709233277808
90.72941176464184,0.03187950664733471,0.033988555286696344
90.75294117640652,0.026908960833961205,0.028980611768894916
90.77647058817121,0.02436987656127381,0.028935569807671115
90.79999999993589,0.027106642801384803,0.029345746866970508
90.82352941170058,0.031417797339239294,0.025243441757311212
90.84705882346526,0.026143802841171314,0.02317220701730985
90.87058823522995,0.024150024475705592,0.017388001303595538
90.89411764699463,0.03281460797032475,0.02067074018102238
90.91764705875931,0.02896860900019655,0.02279369837978885
90.941176470524,0.023604853978482204,0.017494306278215764
90.96470588228868,0.028570846203725495,0.026067504754546365
90.98823529405337,0.026708525651386338,0.023680126884971835
91.01176470581805,0.03067738583270476,0.018247163911564897
91.03529411758274,0.033654637298880616,0.03119423725738392
91.05882352934742,0.025751669169686735,0.031377961310153475
91.0823529411121,0.034621027791353794,0.017360553762299894
91.10588235287679,0.042546138212804716,0.024663599940981076
91.12941176464147,0.03475268625968648,0.038306494536383365
91.15294117640616,0.03600875665276308,0.02288861938529006
91.17647058817084,0.04138275870018719,0.019625650362030705
91.19999999993553,0.03837657607532602,0.033269980067770266
91.22352941170021,0.03515355409911482,0.025204338937992204
91.2470588234649,0.036445508061146444,0.02171058169801467
91.27058823522958,0.04141313506129226,0.03000538009748643
91.29411764699427,0.038522595509605684,0.025232192805875134
91.31764705875895,0.03392980484671292,0.02083556160089283
91.34117647052364,0.042330611987732254,0.033298700105295904
91.36470588228832,0.04464789613162772,0.03304455893170568
91.388235294053,0.03506675762133288,0.023695182433594728
91.41176470581769,0.04011385680526328,0.02714820203432391
91.43529411758237,0.04801187320789793,0.03439977354899465
91.45882352934706,0.03916926780710399,0.03171529016874662
91.48235294111174,0.039501544857573706,0.030220657962567406
91.50588235287643,0.047329382478869614,0.03679246280785927
91.52941176464111,0.04072428567554552,0.03584233540090011
91.5529411764058,0.03669628649382547,0.029450046130038793
91.57647058817048,0.040182356894175444,0.04131196426220894
91.59999999993516,0.037635667825006616,0.03761480370546948
91.62352941169985,0.038749963291971154,0.027581199169321582
91.64705882346453,0.039267044996206465,0.040801920200798536
91.67058823522922,0.03313312361143733,0.03350587982538703
91.6941176469939,0.036664798181968834,0.021833607190366474
91.71764705875859,0.037055389052979656,0.03488322185036179
91.74117647052327,0.03113771320055434,0.03625958727563839
91.76470588228796,0.033929314195280835,0.01986698275119742
91.78823529405264,0.03178367743991625,0.019977124065201763
91.81176470581732,0.02911294887107815,0.02680123204612121
91.83529411758201,0.03542241551619923,0.0191588884449292
91.8588235293467,0.030378431772447263,0.010242682148330937
91.88235294111138,0.02644686966894905,0.015053097796254626
91.90588235287606,0.03771888570303889,0.017434230319405226
91.92941176464075,0.03355285405676538,0.011801171330931594
91.95294117640543,0.02420028534114694,0.014252401737419576
91.97647058817012,0.03174556804809824,0.021269051740317197
91.9999999999348,0.03724278268789312,0.014006348197628492
92.02352941169949,0.03217473668593656,0.014662046491910668
92.04705882346417,0.027686357418215905,0.03176213753350384
92.07058823522885,0.033763752632087904,0.01488659469780231
92.09411764699354,0.03631292665582426,0.008632007667441205
92.11764705875822,0.03497192883698443,0.03572669454248151
92.14117647052291,0.04055635827415116,0.02834296949771894
92.16470588228759,0.04004245065283133,0.010928071538397305
92.18823529405228,0.037487036503345,0.01896445378597779
92.21176470581696,0.046417411162067844,0.03493352613319544
92.23529411758165,0.04710650911668259,0.023328501334874855
92.25882352934633,0.040111089035406805,0.01319167962839524
92.28235294111101,0.043558304378612266,0.022688210853061514
92.3058823528757,0.04396488983689136,0.02479134425769737
92.32941176464038,0.041114457642443064,0.019058347284949383
92.35294117640507,0.046109090138867936,0.026439904950194038
92.37647058816975,0.03724319716853647,0.021871273235895976
92.39999999993444,0.034035942151317486,0.021558903153870747
92.42352941169912,0.053548228780051915,0.037579909981261546
92.4470588234638,0.043047489421107206,0.043127438646673205
92.47058823522849,0.025754658458762975,0.032410639847885336
92.49411764699317,0.04639637869551928,0.033938714438359434
92.51764705875786,0.04706785123435278,0.05628295202631216
92.54117647052254,0.029611595034611655,0.05044748974769578
92.56470588228723,0.033857530843319716,0.03191296182526497
92.58823529405191,0.03598401965567865,0.04875482009257472
92.6117647058166,0.035669992022211515,0.04671659217956836
92.63529411758128,0.03896317278732429,0.03817016785420428
92.65882352934597,0.03333912419664277,0.04189760406005539
92.68235294111065,0.03371026786704934,0.0336036257819914
92.70588235287534,0.042737286148494785,0.036634863637435275
92.72941176464002,0.039561016179686936,0.03993339675946996
92.7529411764047,0.03610679039998178,0.031126889843729567
92.77647058816939,0.03545394769691927,0.032520409126755453
92.79999999993407,0.03398548828325452,0.035143900842862744
92.82352941169876,0.03750131244319316,0.030806367217299197
92.84705882346344,0.03127983811377451,0.026181083167372943
92.87058823522813,0.026574814679092576,0.026770332853776717
92.89411764699281,0.03356843468014945,0.03260035906659832
92.9176470587575,0.031243712282458227,0.02317738355179625
92.94117647052218,0.02467149765114269,0.022852773861594483
92.96470588228686,0.02826497285014323,0.026569834326359336
92.98823529405155,0.02762223180331383,0.016184679036823916
93.01176470581623,0.025167886560590214,0.020892359634955573
93.03529411758092,0.03184565430576669,0.023628265246224935
93.0588235293456,0.029619466346918172,0.011321880135776606
93.08235294111029,0.022069139657996138,0.012758115927295678
93.10588235287497,0.035604786926598124,0.018605601712525427
93.12941176463966,0.04293310062209555,0.010952994814701291
93.15294117640434,0.03033527533887677,0.009165289356022946
93.17647058816902,0.03194840126533969,0.01441737134114601
93.19999999993371,0.045682271176284824,0.013477056710579029
93.2235294116984,0.03820406310870395,0.010781353060405185
93.24705882346308,0.03147817984317837,0.01379519944946686
93.27058823522776,0.03909727082722909,0.01737336622667042
93.29411764699245,0.03988333356121877,0.017106991029776003
93.31764705875713,0.034089138163032745,0.016662737400944375
93.34117647052182,0.03481340116898108,0.018440005363161736
93.3647058822865,0.03723317264203993,0.0215806750423936
93.38823529405119,0.03641867372096593,0.023702537272687285
93.41176470581587,0.04175017343699344,0.023875010359765594
93.43529411758055,0.04212647737105024,0.024020661602888193
93.45882352934524,0.03645901696372097,0.027937965931975055
93.48235294110992,0.044814607723634034,0.029826005913532815
93.50588235287461,0.04712989484374501,0.030151355950503427
93.52941176463929,0.041098131521915465,0.02989130218859404
93.55294117640398,0.04547889856257044,0.030115873666484893
93.57647058816866,0.04047401723300264,0.03882443401422393
93.59999999993335,0.034815723096909876,0.04100570478955003
93.62352941169803,0.04596035930086121,0.031093063549514847
93.64705882346271,0.039397816025530615,0.03349009857031688
93.6705882352274,0.026173167209699304,0.0504081274123492
93.69411764699208,0.03526657662891904,0.0409183184268754
93.71764705875677,0.038244422402220486,0.0269708720442859
93.74117647052145,0.028189990253262336,0.04997735102330546
93.76470588228614,0.03155945108737871,0.048682288946932856
93.78823529405082,0.03652487728427299,0.026271470034100543
93.8117647058155,0.036325481083406524,0.03511017180485674
93.83529411758019,0.03304322614178785,0.041113583554735045
93.85882352934487,0.029634608768166284,0.027998745751440388
93.88235294110956,0.03810705598495603,0.024698717786755062
93.90588235287424,0.04351831954385096,0.028591117137030594
93.92941176463893,0.029873742577727857,0.024237662690725657
93.95294117640361,0.02942713052009041,0.021642550593411965
93.9764705881683,0.04250555944343759,0.02381346820729452
93.99999999993298,0.03941312352244032,0.019918356892110255
94.02352941169767,0.026933512318407266,0.019795201597774433
94.04705882346235,0.029282332093740947,0.024886905787637966
94.07058823522704,0.03669633643145135,0.017680629981744016
94.09411764699172,0.03185310239480348,0.01245874968901722
94.1176470587564,0.027427556496845258,0.02058559575980593
94.14117647052109,0.033659402334070346,0.021187424231181678
94.16470588228577,0.031578036994672626,0.010450478808770411
94.18823529405046,0.03433051924488868,0.013650597356795427
94.21176470581514,0.042196864670520064,0.02240086669683062
94.23529411757983,0.03410758659645831,0.015641851496034687
94.25882352934451,0.036026576032642074,0.018708297185711025
94.2823529411092,0.0509524832536435,0.023529187025289906
94.30588235287388,0.04241067609007388,0.019038272731766812
94.32941176463856,0.035248008804464145,0.022760178195857083
94.35294117640325,0.048550173521209154,0.028925025491439438
94.37647058816793,0.04404687515275158,0.03457019956356925
94.39999999993262,0.03303385740145066,0.024426527515173806
94.4235294116973,0.04630074320562385,0.02563354958684737
94.44705882346199,0.044840487172403264,0.049454275009824286
94.47058823522667,0.03331060385530993,0.04466046373969057
94.49411764699136,0.044012222793994665,0.022589335090362053
94.51764705875604,0.0469974822909564,0.04432660869529012
94.54117647052072,0.03665258592722128,0.05489804229252253
94.56470588228541,0.03781223977071822,0.025560280208496985
94.5882352940501,0.04161135395811861,0.03829093507639194
94.61176470581478,0.03624372355649204,0.051881112354567396
94.63529411757946,0.0353223222896982,0.03457648543893796
94.65882352934415,0.03387409925891585,0.0328359100654402
94.68235294110883,0.030187661803932293,0.040107018797580454
94.70588235287352,0.03665116864029205,0.038397852401862866
94.7294117646382,0.03374336207600961,0.039871511449938946
94.75294117640289,0.02264357151717423,0.036532750792287835
94.77647058816757,0.030903463889979547,0.0383329304618033
94.79999999993225,0.03741768105290456,0.034178008351282416
94.82352941169694,0.027785839438289904,0.030447463067730697
94.84705882346162,0.028007255076730252,0.03999966100771963
94.87058823522631,0.034481914895783665,0.02768995042517616
94.89411764699099,0.03217398446155244,0.017439342377164616
94.91764705875568,0.03087003566391152,0.03595745457647449
94.94117647052036,0.033326127495245134,0.02420568152046921
94.96470588228505,0.030714998957528872,0.011117985978221655
94.98823529404973,0.03167793817620913,0.027859933075989475
95.01176470581441,0.037520990331953254,0.023339089018197277
95.0352941175791,0.032218843718891624,0.01448007124599934
95.05882352934378,0.032853583338616515,0.019701448552929112
95.08235294110847,0.04410063341302923,0.019719292062105563
95.10588235287315,0.03793058720897972,0.019839189202250546
95.12941176463784,0.03150677254599106,0.0189227019099001
95.15294117640252,0.04090570869812634,0.016536445613670205
95.1764705881672,0.0423681698448413,0.017849413634494476
95.19999999993189,0.03619205605889382,0.014843475645641107
95.22352941169657,0.03343193610915501,0.011930704404836932
95.24705882346126,0.041637664008827596,0.014429553764383216
95.27058823522594,0.047394579373988555,0.011998562859397698
95.29411764699063,0.03649989116028613,0.011814374113229716
95.31764705875531,0.03535113530190398,0.013192970675332497
95.34117647052,0.04714941714920916,0.014814707226192051
95.36470588228468,0.04658346044993728,0.02070543398177481
95.38823529404937,0.037774139327305625,0.01523967415994374
95.41176470581405,0.04054286470996763,0.013340070165454293
95.43529411757874,0.043925764625270876,0.027816439507956824
95.45882352934342,0.04151743841507401,0.027341422501446118
95.4823529411081,0.041164618848937524,0.011972503784666343
95.50588235287279,0.04160709049356737,0.023675093905185872
95.52941176463747,0.039185713340234005,0.04578524469654476
95.55294117640216,0.03782837801814283,0.024832230763816215
95.57647058816684,0.03908036786193189,0.022937680560440456
95.59999999993153,0.03307825130827874,0.048043597512203
95.62352941169621,0.03199554588309186,0.04044604767080051
95.6470588234609,0.038597304775371225,0.029094153683188507
95.67058823522558,0.028519583236259763,0.04144656131380059
95.69411764699026,0.02444476571192578,0.035576800214474076
95.71764705875495,0.036005068494513605,0.033136672101601004
95.74117647051963,0.0315274028646733,0.03915338774165414
95.76470588228432,0.02414133905894221,0.02783814863420341
95.788235294049,0.032465960030189624,0.0276323849954623
95.81176470581369,0.034391404068763516,0.033887308575472154
95.83529411757837,0.02839705528869109,0.022454698630448185
95.85882352934306,0.030836424046218586,0.01942805602843117
95.88235294110774,0.03290454881093847,0.025188460776704828
95.90588235287242,0.031027952872737883,0.01922136178009258
95.92941176463711,0.02921439267434599,0.014828930019314672
95.9529411764018,0.02721953896334185,0.024803074548147626
95.97647058816648,0.031203682270289017,0.031749377494181705
95.99999999993116,0.03161689127173817,0.02299396484145689
96.02352941169585,0.023262523168425822,0.031063803267412888
96.04705882346053,0.02749062213882828,0.04578957884482963
96.07058823522522,0.04013682809750801,0.03431764564678194
96.0941176469899,0.033630956061772806,0.03304478957076058
96.11764705875459,0.025082242359584884,0.044654704537685455
96.14117647051927,0.038968724051895845,0.03521001733595307
96.16470588228395,0.05036167447450349,0.029540536581911896
96.18823529404864,0.03982253341596019,0.03583343026384477
96.21176470581332,0.03303155062255457,0.026335506295002663
96.23529411757801,0.04562908323269746,0.02530066606785435
96.25882352934269,0.048149105352259414,0.026978991884301945
96.28235294110738,0.04099093740381018,0.014218096553301206
96.30588235287206,0.03838315511528188,0.02084796687479111
96.32941176463675,0.04040316838414304,0.02185348769155912
96.35294117640143,0.04371796161167485,0.016531606311466506
96.37647058816611,0.041584368709714256,0.01969371346697181
96.3999999999308,0.03497548369124739,0.013808063892125147
96.42352941169548,0.034695858678169295,0.017380469062671718
96.44705882346017,0.04263251629031241,0.02815010584009758
96.47058823522485,0.04211830987153151,0.022565175428704794
96.49411764698954,0.036109060607867775,0.013221804817568517
96.51764705875422,0.04399167759861575,0.027485298867103162
96.5411764705189,0.04632563835127427,0.04306105174936293
96.56470588228359,0.038599726441189405,0.022828805834105678
96.58823529404827,0.042343556753611164,0.0295299755134172
96.61176470581296,0.04325542803883719,0.046538985049525056
96.63529411757764,0.038191591141501946,0.03251072015584423
96.65882352934233,0.03427225103462904,0.03499808103095635
96.68235294110701,0.03160880838339974,0.05530827364304836
96.7058823528717,0.034619063186814715,0.038649167892898725
96.72941176463638,0.03508540549743811,0.03345962503976026
96.75294117640107,0.026710718203160712,0.056632403917921896
96.77647058816575,0.026216058839759217,0.04470669566907899
96.79999999993044,0.03216600363554787,0.025725287155382845
96.82352941169512,0.028941379521030784,0.05014408313627224
96.8470588234598,0.025713161102751153,0.04441799940004597
96.87058823522449,0.027414655910600036,0.01731671853317636
96.89411764698917,0.02374314125827739,0.03044606265788448
96.91764705875386,0.025335786681809344,0.038460753167095095
96.94117647051854,0.028812247045971316,0.021880902023109938
96.96470588228323,0.02349184315883636,0.025793964402916154
96.98823529404791,0.024786721831222384,0.0335418600246617
97.0117647058126,0.02764175816162456,0.028948675991561153
97.03529411757728,0.02460287754448686,0.03727109310578876
97.05882352934196,0.028928744606936865,0.03497755424027965
97.08235294110665,0.03346222787437528,0.02182881665035641
97.10588235287133,0.026890879931462153,0.033919137880386405
97.12941176463602,0.03034264958425597,0.04268553800887736
97.1529411764007,0.04452491078921299,0.021822353740527226
97.17647058816539,0.03680961817912121,0.015410902465275017
97.19999999993007,0.027560902349604476,0.03373204166917634
97.22352941169476,0.041479242851067744,0.025821735709828424
97.24705882345944,0.04577927050336964,0.015020318354667885
97.27058823522412,0.036465547044319625,0.014772937241271072
97.29411764698881,0.03384868570902564,0.01881916367714196
97.3176470587535,0.040264058895080605,0.020697998441815958
97.34117647051818,0.05049430695191857,0.013552150998386834
97.36470588228286,0.046412796569775656,0.013230488407636534
97.38823529404755,0.03341923583384462,0.018408019800431764
97.41176470581223,0.04382332778387944,0.021638478493218913
97.43529411757692,0.052956847402744076,0.021394283298751333
97.4588235293416,0.04148608488005952,0.019378976711168585
97.48235294110629,0.03766438771502833,0.026683326329037464
97.50588235287097,0.04415575380393131,0.029880109922204523
97.52941176463565,0.042447236974065876,0.026255475750684522
97.55294117640034,0.03956655647971822,0.035805327664578425
97.57647058816502,0.03952586078825134,0.03319142634618095
97.59999999992971,0.035958043188090705,0.028695767493188334
97.62352941169439,0.03628785456134406,0.04025338370638559
97.64705882345908,0.03651370047691002,0.03461097105622748
97.67058823522376,0.03227465664621647,0.02835927469805238
97.69411764698845,0.032500657554869056,0.03814616658407799
97.71764705875313,0.027079519851964447,0.03461172706037675
97.74117647051781,0.02532660461845706,0.039286454029342416
97.7647058822825,0.03132001825550265,0.035178401494435504
97.78823529404718,0.02860069656442134,0.024903264003845498
97.81176470581187,0.02589024771986403,0.04235963396521585
97.83529411757655,0.02906371182135093,0.04301432815840255
97.85882352934124,0.032574196621573126,0.017658898434490238
97.88235294110592,0.03285954371120272,0.030212897818318506
97.9058823528706,0.030926210234784198,0.03378191344641577
97.92941176463529,0.033057445086212604,0.01704614613590298
97.95294117639997,0.034459651597781485,0.016466268910254832
97.97647058816466,0.02950440003579773,0.027063665130634088
97.99999999992934,0.02934720599164164,0.022621834137397687
98.02352941169403,0.0331296127579538,0.013588853574382909
98.04705882345871,0.025338363442127927,0.027768343027964753
98.0705882352234,0.023728669168760975,0.03411620398887423
98.09411764698808,0.030483471500961964,0.02104020593179389
98.11764705875277,0.02547843639903502,0.024362936681097607
98.14117647051745,0.027295868203218266,0.037456408920949966
98.16470588228214,0.03276274090310977,0.02814600380589891
98.18823529404682,0.02808685874863217,0.020031843575963958
98.2117647058115,0.03330634549175941,0.03429621922709995
98.23529411757619,0.04013851111024707,0.03215883099401487
98.25882352934087,0.033592720889319534,0.021443525331827265
98.28235294110556,0.035437787108686836,0.026585147928185927
98.30588235287024,0.04638646287833227,0.03239055415312699
98.32941176463493,0.04546821921929938,0.021378477359784178
98.35294117639961,0.03958321439443409,0.015749155916664027
98.3764705881643,0.04398423087916656,0.02201632151487639
98.39999999992898,0.04668256804543992,0.01879953266433016
98.42352941169366,0.04549439204707337,0.014189608486214252
98.44705882345835,0.04450950563667695,0.026503086808497042
98.47058823522303,0.04247845371451651,0.030017441269144386
98.49411764698772,0.041520853257882635,0.01633942269977161
98.5176470587524,0.04180700305766365,0.029273287539388706
98.54117647051709,0.03901120259528903,0.04641091710423561
98.56470588228177,0.035682007565919674,0.02887911159301088
98.58823529404646,0.0373739255608504,0.0273766269529333
98.61176470581114,0.03311171926623616,0.03743894884774785
98.63529411757582,0.02919282051810648,0.03337613750334655
98.65882352934051,0.03391382600715317,0.03545961349091118
98.6823529411052,0.031702984828070886,0.030141420331667335
98.70588235286988,0.026015086219054948,0.028777719379265525
98.72941176463456,0.025040445357824393,0.038311590793580284
98.75294117639925,0.027872098783655548,0.03187789216587937
98.77647058816393,0.02800928810461726,0.027528944482556793
98.79999999992862,0.025502097589184237,0.03477641541671729
98.8235294116933,0.022795945787219347,0.0342413126178806
98.84705882345798,0.023777734117751706,0.02759675707675165
98.87058823522267,0.02901766721332323,0.02625335878162574
98.89411764698735,0.02254251729602595,0.02613234533529399
98.91764705875204,0.019089203734978646,0.02130768181982967
98.94117647051672,0.03015673190081279,0.01712782721675329
98.96470588228141,0.02565806649563594,0.017763843903578
98.98823529404609,0.023006069971384695,0.016730623268989393
99.01176470581078,0.030174929412450705,0.011639652870167704
99.03529411757546,0.025362165812094235,0.020280417416569444
99.05882352934015,0.025629005142410205,0.023987822533158426
99.08235294110483,0.03581593180254443,0.01427430912763157
99.10588235286951,0.03116916224372067,0.02676137087224979
99.1294117646342,0.02452403309023702,0.036789118831091074
99.15294117639888,0.036121141199697615,0.02057539044969504
99.17647058816357,0.039367604404737015,0.021912098710522007
99.19999999992825,0.02845840174384416,0.03872318523335364
99.22352941169294,0.033580809829712226,0.025614298598466284
99.24705882345762,0.04464354008272615,0.01829346637408937
99.2705882352223,0.034621117552128135,0.031888032186650504
99.29411764698699,0.029451203166627787,0.023762860640705128
99.31764705875167,0.04134791732505079,0.014685126272352017
99.34117647051636,0.04148361812569513,0.028646671019057813
99.36470588228104,0.031474721540839815,0.0271967055813512
99.38823529404573,0.034786786377000944,0.017188184899769622
99.41176470581041,0.042373310202934486,0.020117326184605728
99.4352941175751,0.03937733742717701,0.028132656787493875
99.45882352933978,0.03994281651214172,0.026694365416944612
99.48235294110447,0.04473030072990812,0.0178640906889333
99.50588235286915,0.04143307901152555,0.021757140711211195
99.52941176463383,0.04296310660512612,0.03552177613036128
99.55294117639852,0.049672419045588,0.030451154198701636
99.5764705881632,0.04175135846732277,0.02320650215396136
99.59999999992789,0.037565641216179,0.03503599933062667
99.62352941169257,0.04073466404757009,0.04310907378271986
99.64705882345726,0.03686716984989659,0.033997290414527266
99.67058823522194,0.036745561654996366,0.033044573619830264
99.69411764698663,0.03323643146320895,0.04023112224251258
99.71764705875131,0.028050264929017518,0.037797973819111555
99.741176470516,0.03297713612288433,0.03945933346349653
99.76470588228068,0.03039009536507456,0.0339893109137841
99.78823529404536,0.028796597947382225,0.02726949633077847
99.81176470581005,0.03103205790249826,0.042247936135994264
99.83529411757473,0.026278541821752637,0.04617949674504025
99.85882352933942,0.03335403985035986,0.023152757774584344
99.8823529411041,0.03556739993295011,0.02665417680499331
99.90588235286879,0.0258352583595339,0.03741615203009772
99.92941176463347,0.03255064923800388,0.028740742678604794
99.95294117639816,0.04063524853166307,0.019506805868476834
99.97647058816284,0.02835516701811497,0.016857721072072316
99.99999999992752,0.026942706283973966,0.01584344972753038
100.02352941169221,0.03806104028929934,0.01976558550243188
100.0470588234569,0.02847084612810119,0.01819863728488211
100.07058823522158,0.023735731359688476,0.010951250851770447
100.09411764698626,0.03563397334771131,0.01866529591515949
100.11764705875095,0.026590895672599285,0.026191617704258378
100.14117647051563,0.019814856598574026,0.017190925755212777
100.16470588228032,0.034845746181510935,0.02253158493420928
100.188235294045,0.03108671761943803,0.026098493399621853
100.21176470580968,0.02159229831395771,0.017276895825797778
100.23529411757437,0.03137182111552519,0.023215870719927454
100.25882352933905,0.03350114870467211,0.02495351683722158
100.28235294110374,0.0282809668456281,0.014682150793508146
100.30588235286842,0.034816791891662945,0.01653740967503629
100.32941176463311,0.03677228008561676,0.022387342246437302
100.35294117639779,0.03298062545276868,0.02386323228581806
100.37647058816248,0.04095001946516073,0.01690359866685266
100.39999999992716,0.04042135619812828,0.015428857840089365
100.42352941169185,0.0330763123627655,0.030721842771143117
100.44705882345653,0.04189067263688804,0.026007132323149152
100.47058823522121,0.04620376135829341,0.0210196984227463
100.4941176469859,0.03955437059443752,0.03153449332675835
100.51764705875058,0.0336866386085192,0.02793010281576399
100.54117647051527,0.04106834024568518,0.03355724601571169
100.56470588227995,0.04748803702860448,0.03963615392018351
100.58823529404464,0.0344051225751408,0.0252913316903143
100.61176470580932,0.030116179332158887,0.03260544178501093
100.635294117574,0.040021269553597284,0.04292717956152515
100.65882352933869,0.040635738688188684,0.03220839344945646
100.68235294110337,0.035245835577490676,0.031020376801694952
100.70588235286806,0.03316221934186537,0.03509849858193214
100.72941176463274,0.04054013578552688,0.03469301297272993
100.75294117639743,0.0443220596898548,0.03926299597477436
100.77647058816211,0.03825876378532946,0.031104294843965142
100.7999999999268,0.03640364975738922,0.03133698012273675
100.82352941169148,0.039243089083129255,0.045080782280882616
100.84705882345617,0.045696614840522995,0.03635808918516632
100.87058823522085,0.03846134938441109,0.02914849784341146
100.89411764698553,0.02799317703096554,0.03764462747999207
100.91764705875022,0.038138604483941456,0.03362340299311069
100.9411764705149,0.04298905797376187,0.026781876422769895
100.96470588227959,0.028647728778159905,0.029579220027196543
100.98823529404427,0.02654817956896304,0.02897261691642785
101.01176470580896,0.03345697280506622,0.020161859886018985
101.03529411757364,0.031132312579874533,0.022768169744618524
101.05882352933833,0.025506218434243205,0.032126864843978795
101.08235294110301,0.02599402753808853,0.021123671504346193
101.1058823528677,0.028494746094089096,0.01879036588171229
101.12941176463238,0.025755764208383713,0.033448527429980085
101.15294117639706,0.027171895811293905,0.02682557293235622
101.17647058816175,0.036395133612422456,0.014356475914801131
101.19999999992643,0.03158051173049921,0.026132970870872164
101.22352941169112,0.027971986533645177,0.033751657054168716
101.2470588234558,0.043415425848987645,0.017319602322108538
101.27058823522049,0.045750970027330105,0.014678063035358164
101.29411764698517,0.03239436455293116,0.021994349184932746
101.31764705874986,0.03881900011446567,0.02078496720349436
101.34117647051454,0.05006468466983473,0.011860721950262993
101.36470588227922,0.04317719363498595,0.012948706673154023
101.38823529404391,0.03445723959194863,0.015373421339032991
101.4117647058086,0.041755166827723976,0.010702373397971627
101.43529411757328,0.04422990386166304,0.016473080020509404
101.45882352933796,0.03072477519030742,0.02176688501990671
101.48235294110265,0.035154963105506365,0.015331916039685695
101.50588235286733,0.043657218504684805,0.016561901878951835
101.52941176463202,0.028900583035417583,0.030482586710340497
101.5529411763967,0.03248773286738471,0.03363222825333427
101.57647058816138,0.0471972762761297,0.022387968635800552
101.59999999992607,0.03308770264524172,0.026191519410655863
101.62352941169075,0.02790946703097194,0.04589965441163708
101.64705882345544,0.03896660496517904,0.03749547739618611
101.67058823522012,0.03913968973080617,0.0248209362463627
101.69411764698481,0.02940837674684388,0.04012421563264578
101.71764705874949,0.027210681179348654,0.04683985411949702
101.74117647051418,0.030718632923066216,0.0408626571328518
101.76470588227886,0.029187393758930785,0.03577526588142931
101.78823529404355,0.026556525448076785,0.04365188074921336
101.81176470580823,0.028413206901326152,0.0518514480916247
101.83529411757291,0.027954655496737,0.04838850289407177
101.8588235293376,0.03057786071179506,0.03964956224748917
101.88235294110228,0.033216478573266976,0.044229340674961114
101.90588235286697,0.02784430847824933,0.044679990295812794
101.92941176463165,0.03182660580062758,0.03554729184726408
101.95294117639634,0.036582370202239534,0.03323264002509877
101.97647058816102,0.027010921164757538,0.03107516998387292
101.9999999999257,0.024378003659445622,0.024569075009011655
102.02352941169039,0.02940320720890904,0.02106377044006122
102.04705882345507,0.027097806066528025,0.024014610517678208
102.07058823521976,0.024118702275272862,0.0276962641777346
102.09411764698444,0.02629363287043242,0.014904355263498023
102.11764705874913,0.02534110301194743,0.02303119443238956
102.14117647051381,0.024399134873902405,0.046526874353766685
102.1647058822785,0.03146186023195766,0.019770203557289066
102.18823529404318,0.03187088334453027,0.01841040580866933
102.21176470580787,0.023860159909883837,0.05015371398343813
102.23529411757255,0.029353183952279014,0.02522987927899487
102.25882352933723,0.03866367385479473,0.013488766465056165
102.28235294110192,0.030880241518322984,0.03597418398578544
102.3058823528666,0.025782313444677192,0.024089422096951744
102.32941176463129,0.036474374410118617,0.013107260640440495
102.35294117639597,0.03867838979947079,0.018715453035616007
102.37647058816066,0.03144807896008866,0.018476665178000045
102.39999999992534,0.037171973425158246,0.015437693008581714
102.42352941169003,0.045892436296863306,0.014485306228388665
102.44705882345471,0.03628640791266288,0.014216115568377445
102.4705882352194,0.03853887240189273,0.014566894200516833
102.49411764698408,0.05082422169148251,0.01888512004503704
102.51764705874876,0.037089760888722074,0.019623873556994836
102.54117647051345,0.030669179394846587,0.02365142915205393
102.56470588227813,0.0506422667498095,0.027739980953102306
102.58823529404282,0.041657897260144745,0.025432671842573574
102.6117647058075,0.02740649029978769,0.0363840141071778
102.63529411757219,0.03898635898071615,0.04226383874867717
102.65882352933687,0.03775147750573587,0.02975820484406724
102.68235294110156,0.03343739309106251,0.030618101315024234
102.70588235286624,0.03723328109961726,0.04394774207699911
102.72941176463092,0.03033246486187154,0.03625419571758589
102.75294117639561,0.03247447874185474,0.02458978292858076
102.7764705881603,0.037854044876519805,0.03132092234107021
102.79999999992498,0.02973274868526716,0.03549643765552605
102.82352941168966,0.030750150849896938,0.03388492427190781
102.84705882345435,0.034274553663460654,0.03008669795544424
102.87058823521903,0.027581260253080032,0.024258178103953938
102.89411764698372,0.029030251759767003,0.03415969506562872
102.9176470587484,0.036648813531067616,0.036523639610477096
102.94117647051308,0.030807061513476758,0.022585538493333175
102.96470588227777,0.027825326794618115,0.024616245232488634
102.98823529404245,0.03852768461745453,0.035162110510210516
103.01176470580714,0.03890266902721399,0.02359264958758739
103.03529411757182,0.027965664716036374,0.02408364619965434
103.05882352933651,0.030907070426915602,0.04169114482608849
103.08235294110119,0.03965455317079151,0.029986971361483393
103.10588235286588,0.0340229848105133,0.025982106792028246
103.12941176463056,0.02546442574080936,0.034478094729587676
103.15294117639525,0.03324802902901452,0.03162400572685116
103.17647058815993,0.04128846793995149,0.03279759190218067
103.19999999992461,0.03301719577712539,0.02519694144341223
103.2235294116893,0.030033933181052012,0.019404221603456964
103.24705882345398,0.03749279136963001,0.03144363965812044
103.27058823521867,0.042506467730454606,0.025186603780896107
103.29411764698335,0.03897260477713009,0.010035119078265878
103.31764705874804,0.035014367155824684,0.01702071686175908
103.34117647051272,0.03804113667718001,0.02439085549317738
103.3647058822774,0.04187133625250444,0.01015210614993808
103.38823529404209,0.03837158276420457,0.013276037925742772
103.41176470580677,0.03241599474461881,0.02070760596763974
103.43529411757146,0.03611615781238579,0.013297755227626452
103.45882352933614,0.039011508485718986,0.023379946182601342
103.48235294110083,0.03382535212210895,0.026635744198493138
103.50588235286551,0.03291223451438943,0.011784533103494886
103.5294117646302,0.037862361003720875,0.02331074962922703
103.55294117639488,0.04229866646622446,0.034626816458171526
103.57647058815957,0.04033369515680217,0.016485423800989624
103.59999999992425,0.037528388570782514,0.01734346810636961
103.62352941168893,0.04021339311770557,0.030817957007968765
103.64705882345362,0.0419667877361113,0.026942337064742933
103.6705882352183,0.04002196233228254,0.024278320556465432
103.69411764698299,0.03988072467590648,0.030317799301883566
103.71764705874767,0.032918816458263604,0.03150423252223005
103.74117647051236,0.029939977898484793,0.033463754197808906
103.76470588227704,0.0390954799029276,0.031420913423557795
103.78823529404173,0.031824477275568086,0.030869204657187576
103.81176470580641,0.02320547057917091,0.0371862455602727
103.8352941175711,0.031008468146351102,0.03957587417472394
103.85882352933578,0.030269075280968005,0.029691265456585295
103.88235294110046,0.027341691894147188,0.028439256465474745
103.90588235286515,0.03058436019120335,0.03757298675299517
103.92941176462983,0.02646047998295696,0.03351586209358861
103.95294117639452,0.029557929755989545,0.025389169821557696
103.9764705881592,0.03556570094862506,0.022620341405358495
103.99999999992389,0.026147784887065536,0.03056236020285698
104.02352941168857,0.02735304806302877,0.02843665192628014
104.04705882345326,0.03675903876311829,0.027430548243140254
104.07058823521794,0.030914357706223316,0.03355065957652035
104.09411764698262,0.02767693807533446,0.026271551761592498
104.11764705874731,0.03550139600186752,0.03048097526624534
104.141176470512,0.034580496869775795,0.03682776290235375
104.16470588227668,0.030846539908921573,0.026033980216831627
104.18823529404136,0.03617343112875046,0.030231636529748515
104.21176470580605,0.037190302251169725,0.03661225938506723
104.23529411757073,0.028472235102701277,0.030867676020895744
104.25882352933542,0.031315521265160004,0.02560211561477476
104.2823529411001,0.0447372362799865,0.02750310567120864
104.30588235286478,0.033992997318742106,0.0365037822247389
104.32941176462947,0.024861117514307956,0.027508574901413427
104.35294117639415,0.04659496569488328,0.02108027884438133
104.37647058815884,0.04746695092678096,0.03243672127243487
104.39999999992352,0.034292147639303765,0.026705024695628892
104.42352941168821,0.046484785013402155,0.025371302892869246
104.44705882345289,0.048879412490472084,0.026261619191404885
104.47058823521758,0.038018622364652664,0.016205998817080243
104.49411764698226,0.04619439802735997,0.01798067201850618
104.51764705874695,0.044864726734322076,0.0240378820611182
104.54117647051163,0.03115525925636753,0.022037273224972165
104.56470588227631,0.03659812301015974,0.015307600652388838
104.588235294041,0.04030269778030032,0.013260837372063019
104.61176470580568,0.03408103437271616,0.03011307887437709
104.63529411757037,0.03289965705203228,0.029115973277149605
104.65882352933505,0.034966626423292846,0.012860100855507704
104.68235294109974,0.03982976203571196,0.02934282047108807
104.70588235286442,0.03738816892287563,0.03878072518610593
104.7294117646291,0.03119271384732107,0.021607420370752577
104.75294117639379,0.03888895414439125,0.030444488649700813
104.77647058815847,0.03489221416746404,0.03244668888433553
104.79999999992316,0.024812689821853997,0.026692285527522036
104.82352941168784,0.03285433075873886,0.041772441131550736
104.84705882345253,0.028781176604109095,0.02842060205498716
104.87058823521721,0.01881789865998716,0.01675111385810631
104.8941176469819,0.025369611728573237,0.043705373505156964
104.91764705874658,0.026911985052383482,0.03448303721935793
104.94117647051127,0.021854478404896308,0.016911685446712062
104.96470588227595,0.02364381130176563,0.023564521598920987
104.98823529404063,0.02645749656599079,0.0253587536382354
105.01176470580532,0.02494612593847651,0.02601257822817716
105.03529411757,0.027905709343865787,0.022884779346400014
105.05882352933469,0.02949444512965911,0.017816319096370208
105.08235294109937,0.026456361495519165,0.03012950806585131
105.10588235286406,0.029965361339742487,0.030699188587435696
105.12941176462874,0.03604655614025909,0.022585785272604
105.15294117639343,0.03127784961664529,0.029104538600377202
105.17647058815811,0.029528993421109227,0.031145133444412366
105.1999999999228,0.03914940257249344,0.028545387974718093
105.22352941168748,0.03982617510119032,0.03029168282989218
105.24705882345216,0.032768212652035486,0.023856213275840175
105.27058823521685,0.04231370256960596,0.03066376503022816
105.29411764698153,0.046440051549571586,0.03783943442040172
105.31764705874622,0.035903506157837786,0.017783309950035166
105.3411764705109,0.04401728739537671,0.02337599664279311
105.36470588227559,0.04731214359935391,0.04190777961609242
105.38823529404027,0.04043079207325753,0.02171066704504798
105.41176470580496,0.04320684871686096,0.008553677109534192
105.43529411756964,0.04132518990738567,0.03343021384157884
105.45882352933432,0.04066657074522197,0.029459027523873506
105.48235294109901,0.045200403054681905,0.009593978262788325
105.5058823528637,0.040052304024590625,0.018119445791644918
105.52941176462838,0.03807861063307069,0.03352546172325777
105.55294117639306,0.042018541377677465,0.02585396508724354
105.57647058815775,0.03783154559278578,0.017708263611454743
105.59999999992243,0.03522625511259238,0.0305278091011645
105.62352941168712,0.0359014703182001,0.03886102480880122
105.6470588234518,0.03360362555008452,0.032004624652993315
105.67058823521648,0.03488854749444172,0.03090892802340118
105.69411764698117,0.03710123540557873,0.03668792005815884
105.71764705874585,0.03583518169899759,0.03490515254432771
105.74117647051054,0.03301168545754169,0.03303121844713537
105.76470588227522,0.03144553411600164,0.03532134710277072
105.78823529403991,0.039457721080963175,0.03506589405397498
105.81176470580459,0.03854819991080134,0.03519754475717642
105.83529411756928,0.0249825597517345,0.04211561846146928
105.85882352933396,0.02943234027701713,0.04064041684560453
105.88235294109865,0.041434886058263634,0.03096199405975704
105.90588235286333,0.02970613268957562,0.04167445032007669
105.92941176462801,0.022256927363043858,0.04435139156931412
105.9529411763927,0.033852029855402185,0.027476421533214935
105.97647058815738,0.039816180436091884,0.023833972509678888
105.99999999992207,0.027348244706068985,0.029451443412503962
106.02352941168675,0.022538364552275095,0.026735584647678275
106.04705882345144,0.03483648905538864,0.018017106703130552
106.07058823521612,0.03392637629674889,0.02361830656804235
106.0941176469808,0.02134467875802055,0.02306151239788434
106.11764705874549,0.027001570386305723,0.01687694326169784
106.14117647051017,0.03473465057725288,0.02944214811619297
106.16470588227486,0.026066280224876243,0.03175987878816619
106.18823529403954,0.02434591913713768,0.02153056848676502
106.21176470580423,0.033000125902652715,0.025860662441237015
106.23529411756891,0.03150754186463886,0.03354489939004667
106.2588235293336,0.027918065262700596,0.03322771899097501
106.28235294109828,0.035017754403448065,0.03147188533422086
106.30588235286297,0.03494726680403066,0.02605422661095646
106.32941176462765,0.03366936864656268,0.028806239918205925
106.35294117639233,0.04200332945631303,0.03563862943479305
106.37647058815702,0.03964156647974228,0.020648148833460497
106.3999999999217,0.039554716476272435,0.019641303419452166
106.42352941168639,0.04573825771412184,0.03135021377860087
106.44705882345107,0.03880338629069923,0.020834107868419674
106.47058823521576,0.036852237213570234,0.014840033352752385
106.49411764698044,0.04659326871343828,0.0236213885438131
106.51764705874513,0.042039556270945626,0.02132687906876193
106.54117647050981,0.031006629003243847,0.01693949893864542
106.5647058822745,0.03587760959936072,0.02198661074590447
106.58823529403918,0.04384812453217012,0.014640432240233422
106.61176470580386,0.03572217828592421,0.02014436794016205
106.63529411756855,0.027281088107812806,0.033371259858172
106.65882352933323,0.03733668584258739,0.017651577332714236
106.68235294109792,0.040903066497224284,0.018598323926048276
106.7058823528626,0.030679934603539863,0.040195845968874495
106.72941176462729,0.03387907772593206,0.03062571068823504
106.75294117639197,0.038199251625495895,0.019967839450102488
106.77647058815666,0.03404348085511303,0.03378756638313263
106.79999999992134,0.03472191490231734,0.032824126088702506
106.82352941168602,0.03185329196526438,0.026822967636787952
106.84705882345071,0.03004948195993482,0.033737313351226185
106.8705882352154,0.03442905410233017,0.026471037724805236
106.89411764698008,0.029388359965979615,0.026000797175455562
106.91764705874476,0.029191788426071962,0.0413475849125093
106.94117647050945,0.03234680349206078,0.029211534756977915
106.96470588227413,0.027273169708289788,0.011735058944381864
106.98823529403882,0.03204711922620541,0.02985822061743744
107.0117647058035,0.03461674093585009,0.0312529677938331
107.03529411756818,0.028448939405941277,0.014450432490040438
107.05882352933287,0.03367128215444479,0.014192103923095218
107.08235294109755,0.03632642974385644,0.028400524594070983
107.10588235286224,0.029697154549592916,0.0339115929425518
107.12941176462692,0.029248973492634806,0.02543511008321169
107.15294117639161,0.03495340346041633,0.02769548200664984
107.17647058815629,0.03401810818427524,0.043796578245953066
107.19999999992098,0.03009964719100649,0.04053262761839469
107.22352941168566,0.034267597934819025,0.028493533777569986
107.24705882345035,0.03341716784717263,0.03965005643102697
107.27058823521503,0.03294820358256239,0.04007551202133341
107.29411764697971,0.042017943466850914,0.029927769228647823
107.3176470587444,0.037987835335870565,0.03810855997817494
107.34117647050908,0.03184054156265408,0.03533806699761251
107.36470588227377,0.04353400980939164,0.026438986121760433
107.38823529403845,0.046606849671995645,0.03652097823738933
107.41176470580314,0.03816048690655982,0.029730452383975543
107.43529411756782,0.03889499342738195,0.028578076439458783
107.4588235293325,0.0432461196057666,0.03903149817884792
107.48235294109719,0.04261505764820892,0.02204185074720029
107.50588235286187,0.039734349885588265,0.026982283724804365
107.52941176462656,0.039244825530008014,0.04842653713339231
107.55294117639124,0.03697325831658923,0.030964757636632523
107.57647058815593,0.03951952305791506,0.020831351628411682
107.59999999992061,0.040916014360937426,0.04428900633303979
107.6235294116853,0.035343220275647194,0.041533931574769506
107.64705882344998,0.0361243761879261,0.01942808380317451
107.67058823521467,0.03894530705843791,0.027334705627188864
107.69411764697935,0.03723394895932849,0.03578220650353954
107.71764705874403,0.03923472989123929,0.021685337366354664
107.74117647050872,0.03847093076592696,0.021361666218488
107.7647058822734,0.03690952219711071,0.028331894904794108
107.78823529403809,0.03962200597741505,0.02118957483472791
107.81176470580277,0.03652264903011529,0.026544109119489786
107.83529411756746,0.035827477830192786,0.03458891113271877
107.85882352933214,0.03649739481409629,0.019744065540136007
107.88235294109683,0.032628941158671834,0.019991983245564494
107.90588235286151,0.034847364357740246,0.04197048701402166
107.9294117646262,0.030807833273243265,0.030421560414967956
107.95294117639088,0.025922995846228924,0.010885336826530045
107.97647058815556,0.03626255282834772,0.02093667432539816
107.99999999992025,0.03478659594337269,0.0306380786444033
108.02352941168493,0.020613564951926497,0.018469373907765138
108.04705882344962,0.027794671029008306,0.010998462659317787
108.0705882352143,0.04023592197028746,0.016065066544433255
108.09411764697899,0.030855473921467785,0.017292683113758065
108.11764705874367,0.02115150104153733,0.017003971154351705
108.14117647050836,0.030847953651456077,0.021841445803964684
108.16470588227304,0.03752625033505979,0.0215739943482536
108.18823529403772,0.027462006682828673,0.016702634126460687
108.21176470580241,0.02584187990953603,0.023378810092939493
108.2352941175671,0.03586006358516952,0.03683806402914708
108.25882352933178,0.033832627873119296,0.02967405562533824
108.28235294109646,0.02865201238961294,0.019520353959497954
108.30588235286115,0.03325120794241921,0.03745646473962815
108.32941176462583,0.03804213939342643,0.04608155460478811
108.35294117639052,0.039284564406425575,0.02950851862978043
108.3764705881552,0.03526212149470532,0.03388180788063591
108.39999999991988,0.03529798256597244,0.04133651139192634
108.42352941168457,0.047330917595231906,0.03292320802035669
108.44705882344925,0.047086886810466216,0.03367427326422876
108.47058823521394,0.03455026921793564,0.03470526999978317
108.49411764697862,0.04105375160794854,0.027571832867630704
108.51764705874331,0.05369278299994737,0.03163317562800323
108.54117647050799,0.042535529606640296,0.029632656375964798
108.56470588227268,0.03312130385471608,0.027123629273962953
108.58823529403736,0.04511172667837099,0.03277489986231215
108.61176470580205,0.044891156559045825,0.028248332517180716
108.63529411756673,0.02914058928539918,0.030159564008133154
108.65882352933141,0.033435470435422825,0.03156527250562179
108.6823529410961,0.04278979886168171,0.01997746394738027
108.70588235286078,0.031992815642206573,0.03124498074916122
108.72941176462547,0.027315477647794607,0.03460862573503288
108.75294117639015,0.03685990583378608,0.017144867196447214
108.77647058815484,0.03700062714163415,0.023306928722505612
108.79999999991952,0.02441820653194446,0.028073353074088283
108.8235294116842,0.026183920651171647,0.02590178149150902
108.84705882344889,0.038984880006274945,0.023348368064222177
108.87058823521357,0.030724041987913106,0.01568106146086428
108.89411764697826,0.02166200413928978,0.025662695167517364
108.91764705874294,0.03516140911436366,0.0268365489754098
108.94117647050763,0.04156605169924885,0.0161830256530837
108.96470588227231,0.027985456321254213,0.014819526277167412
108.988235294037,0.030368070480131622,0.021781490351622662
109.01176470580168,0.04598143363540199,0.019743691164185936
109.03529411756637,0.03539135617029945,0.019390252844025648
109.05882352933105,0.02647861306004222,0.014752555848725842
109.08235294109573,0.03706757804498006,0.017046253667253694
109.10588235286042,0.03583187264891353,0.024175774685673383
109.1294117646251,0.028956879046752586,0.017354256870283045
109.15294117638979,0.03373064282117725,0.01696998588911658
109.17647058815447,0.033763885237402244,0.025845381434659545
109.19999999991916,0.03174506053573359,0.024606095932962105
109.22352941168384,0.04077527491261663,0.021809020610892894
109.24705882344853,0.04140279185779901,0.02568069037234104
109.27058823521321,0.03406528699160417,0.027186841612232386
109.2941176469779,0.04293601997576999,0.026571956681296905
109.31764705874258,0.048774395796722506,0.02705303585208674
109.34117647050726,0.038862366305305866,0.02667783834227403
109.36470588227195,0.04239441720789115,0.03141713214642984
109.38823529403663,0.053074814545673324,0.03142349896838615
109.41176470580132,0.04341098889548679,0.027580090518376562
109.435294117566,0.040415623568272475,0.03890795906980165
109.45882352933069,0.04659832684450213,0.03490743935679316
109.48235294109537,0.04416954512813882,0.025055611332539758
109.50588235286006,0.04449590414694794,0.04099325868369479
109.52941176462474,0.04080736626345275,0.041260258501905886
109.55294117638942,0.040000699289992135,0.02618120609969405
109.57647058815411,0.04658078029407668,0.0331490327130936
109.5999999999188,0.04320423437440469,0.04592898153052518
109.62352941168348,0.043254328195286136,0.03690780125450144
109.64705882344816,0.0433382573812231,0.032673950724465335
109.67058823521285,0.03658191950868837,0.042832067049588356
109.69411764697753,0.04117634242410492,0.04004057544373169
109.71764705874222,0.04791749597110537,0.03795576847974005
109.7411764705069,0.038899342862014144,0.03850762549791476
109.76470588227158,0.03392475876854475,0.0297784775663365
109.78823529403627,0.04074361280730871,0.03263082505794551
109.81176470580095,0.039059456295634225,0.039112155839054745
109.83529411756564,0.03592155593433021,0.026172547731886715
109.85882352933032,0.03669409977636581,0.02013022765796899
109.88235294109501,0.03193978463429667,0.02809854186592965
109.90588235285969,0.03744509284196469,0.034042286444508275
109.92941176462438,0.03496029354847123,0.02293579747111179
109.95294117638906,0.02611495976997441,0.014644290379720482
109.97647058815375,0.03712405444017764,0.02261508515262968
109.99999999991843,0.03591167694897705,0.024052534748848595
110.02352941168311,0.02378250595480703,0.015232873294935473
110.0470588234478,0.028429355247909176,0.010446424645319734
110.07058823521248,0.02955178859308671,0.011071450168229295
110.09411764697717,0.03032877239643625,0.0162631324573789
110.11764705874185,0.029729058560245214,0.014231806959869805
110.14117647050654,0.027154757808415763,0.013166237786937844
110.16470588227122,0.034345469407347166,0.017381977828116124
110.1882352940359,0.033417602055808016,0.017679605602735158
110.21176470580059,0.02937539702138961,0.015708218555129768
110.23529411756527,0.03489369857011154,0.021243258851093454
110.25882352932996,0.03345863420644243,0.020968164666722456
110.28235294109464,0.032644573409965634,0.012105130310925557
110.30588235285933,0.0352462412372087,0.019976487163915115
110.32941176462401,0.02992576415987192,0.027843784414873615
110.3529411763887,0.032011121426071085,0.015259142774696017
110.37647058815338,0.04247607390171397,0.014769049042336778
110.39999999991807,0.03932322757183977,0.03143136353362833
110.42352941168275,0.03143016528111604,0.0248396516074776
110.44705882344743,0.03943644437274619,0.015904987408597426
110.47058823521212,0.046146988009527073,0.03669728157878355
110.4941176469768,0.04038567001986887,0.03372616965637825
110.51764705874149,0.03942592291893811,0.015964174883685258
110.54117647050617,0.04318756610279448,0.04126605912853366
110.56470588227086,0.03790074232324167,0.035219606027624785
110.58823529403554,0.0425533790990321,0.018117031152241395
110.61176470580023,0.04868021946877503,0.037571160391626196
110.63529411756491,0.03485399570124236,0.032713753860199424
110.6588235293296,0.03500962871127726,0.025879173602876206
110.68235294109428,0.04725181382480348,0.03898176917040632
110.70588235285896,0.0351320147326704,0.039181848103003944
110.72941176462365,0.029516298077677226,0.03397942125514611
110.75294117638833,0.03891322228468706,0.03999315837021346
110.77647058815302,0.03348177895270495,0.04140325708140404
110.7999999999177,0.03015081988238712,0.03547217995873876
110.82352941168239,0.030183083151529986,0.040797088839339316
110.84705882344707,0.02856612691428949,0.04345773263438116
110.87058823521176,0.030844867321333253,0.025099282171151316
110.89411764697644,0.02447173945484803,0.03489515631680125
110.91764705874112,0.020971771856072255,0.054716647691117434
110.94117647050581,0.02512111049168935,0.02803308059588679
110.9647058822705,0.022477270682012492,0.022480390838355086
110.98823529403518,0.020134442793878535,0.049971514102116234
111.01176470579986,0.021735364346475473,0.03139298740672027
111.03529411756455,0.021159721161466777,0.015086310520829004
111.05882352932923,0.02234494677129956,0.02286698059217687
111.08235294109392,0.02567230979156492,0.020865368115449347
111.1058823528586,0.02197128596558093,0.010787383323090406
111.12941176462328,0.024341838922763048,0.010822285766203619
111.15294117638797,0.03748776734443791,0.0175641645036808
111.17647058815265,0.029756081998086263,0.009778187455349079
111.19999999991734,0.024894414147051288,0.013125937512019691
111.22352941168202,0.05067718472813634,0.022499917262277007
111.24705882344671,0.04921855989472448,0.01583016544885258
111.27058823521139,0.028411102592174744,0.01535332003391899
111.29411764697608,0.04059353000486035,0.020983784426702647
111.31764705874076,0.056109431632006185,0.022218247632773868
111.34117647050545,0.039180347997567665,0.020739761424897522
111.36470588227013,0.03335380890663437,0.015913474448801066
111.38823529403481,0.05011427128743482,0.01974886117335553
111.4117647057995,0.045875270664482944,0.025289703315875968
111.43529411756418,0.034202697497495965,0.0194459392714872
111.45882352932887,0.042157080347462586,0.0202335943315087
111.48235294109355,0.046980288354932356,0.02190259201311573
111.50588235285824,0.039574746692665204,0.024885769103853702
111.52941176462292,0.037943297794402996,0.029730750121202486
111.5529411763876,0.04304639803850866,0.02352158791481986
111.57647058815229,0.045624163903151445,0.020926208563009936
111.59999999991697,0.040436439414870504,0.03562207441767205
111.62352941168166,0.040426688392202405,0.03584501471696231
111.64705882344634,0.04479170029004962,0.023296246910159486
111.67058823521103,0.042102190773485655,0.03439439483587398
111.69411764697571,0.03942988925429413,0.04211507151174139
111.7176470587404,0.042955105044488906,0.03529864887955059
111.74117647050508,0.044916270162426324,0.04048871448023377
111.76470588226977,0.03605569934183636,0.03987674280793491
111.78823529403445,0.03537779990358586,0.035575747444674316
111.81176470579913,0.04382839324327136,0.048417598699551936
111.83529411756382,0.03492098848446232,0.043777598087508106
111.8588235293285,0.02789860447941164,0.02934151624225557
111.88235294109319,0.03230131737675482,0.048299093023891036
111.90588235285787,0.03064974162643211,0.061362051427093695
111.92941176462256,0.030577037889363962,0.035967442366810064
111.95294117638724,0.030047790766396392,0.031891565457654855
111.97647058815193,0.02814935004995981,0.054881482569912904
111.99999999991661,0.03562383967319769,0.046548922255507386
112.0235294116813,0.035488065383182596,0.023490953957044057
112.04705882344598,0.02723759689654536,0.027896112228442307
112.07058823521066,0.031012190649045677,0.03078835003208258
112.09411764697535,0.03756062920451453,0.01611468253055273
112.11764705874003,0.03167533899419586,0.017203276618261862
112.14117647050472,0.027324226520023493,0.018596870668519304
112.1647058822694,0.035757446788919886,0.011581016600281276
112.18823529403409,0.03735352498217806,0.016731466679053654
112.21176470579877,0.0290191184595527,0.019513207898001032
112.23529411756346,0.03195514941510171,0.013935342455729059
112.25882352932814,0.04393508133167191,0.02083911435918374
112.28235294109282,0.03714736312813974,0.024985211479995956
112.30588235285751,0.025489503161298575,0.017875896894394453
112.3294117646222,0.037789425369387314,0.019566434283739408
112.35294117638688,0.04352734865226495,0.025369771464510735
112.37647058815156,0.029500520250302205,0.021948724124458453
112.39999999991625,0.03680640643383989,0.018287607150976496
112.42352941168093,0.04670203104038547,0.02016589425740067
112.44705882344562,0.04094804532286594,0.023354577421735367
112.4705882352103,0.041467296002530046,0.01590748348846201
112.49411764697498,0.046822477232270066,0.017124128846180742
112.51764705873967,0.043142918391477124,0.036914202214930976
112.54117647050435,0.04198350748572057,0.01939642881318827
112.56470588226904,0.043696912527365586,0.018477515090416775
112.58823529403372,0.043779643259463305,0.03592381145356247
112.61176470579841,0.043781727025552754,0.027131875074525975
112.63529411756309,0.03889341877867364,0.02433151001511415
112.65882352932778,0.04333316064755504,0.028954693934079182
112.68235294109246,0.04916424706992729,0.023530649909418493
112.70588235285715,0.03954609073667734,0.030667508636257505
112.72941176462183,0.039530096833265756,0.03130231680155897
112.75294117638651,0.04575586900257024,0.027788427633371783
112.7764705881512,0.04472134571466421,0.03366347597597602
112.79999999991588,0.04161586724606539,0.03700221164881605
112.82352941168057,0.03408078072142052,0.041677692330168055
112.84705882344525,0.038913161700594626,0.03439246296406789
112.87058823520994,0.045428316021871015,0.027908255161618656
112.89411764697462,0.030639083833166818,0.04877395792254101
112.9176470587393,0.030088910396897903,0.0440329143950976
112.94117647050399,0.04136202494494408,0.02237520336001495
112.96470588226867,0.032912944028980796,0.03620725143035158
112.98823529403336,0.03076817761971466,0.04490400929120252
113.01176470579804,0.036922585682427934,0.029232909301256094
113.03529411756273,0.03300454539194929,0.03009582258459427
113.05882352932741,0.03271441598066434,0.02739228230573881
113.0823529410921,0.0313469710949663,0.022685173548644362
113.10588235285678,0.027192713625600932,0.028126154999921313
113.12941176462147,0.02993066908818034,0.021902299640977452
113.15294117638615,0.030316968454199206,0.014055131157080685
113.17647058815083,0.02837606513721266,0.019954049903801077
113.19999999991552,0.02802161242620031,0.022267960282096825
113.2235294116802,0.028353610597792074,0.016256963225027357
113.24705882344489,0.034336933993251814,0.012886317003104443
113.27058823520957,0.03592582617841936,0.02102996974327533
113.29411764697426,0.030106550300105835,0.024270581483530493
113.31764705873894,0.03854530656261329,0.013830119675761829
113.34117647050363,0.044104600266008084,0.017640728243839575
113.36470588226831,0.03774752111110901,0.02992008785692909
113.388235294033,0.044406625444410056,0.020130276938872153
113.41176470579768,0.04733480559606316,0.012597383806735325
113.43529411756236,0.04256753866324712,0.024397904459796813
113.45882352932705,0.04698163057883093,0.02318581706084393
113.48235294109173,0.04510988904752877,0.01047406968091617
113.50588235285642,0.03930080035800639,0.014219614221942282
113.5294117646211,0.04051733460978825,0.02377721031346126
113.55294117638579,0.04196819089202174,0.02202127223704862
113.57647058815047,0.04180530036589623,0.017110902714673484
113.59999999991516,0.03791914880222212,0.021647123113740053
113.62352941167984,0.036264478376454634,0.03494607832677364
113.64705882344452,0.045874894858099854,0.0324348932303345
113.67058823520921,0.04434267854470206,0.024294232568739773
113.6941176469739,0.03758926688238548,0.030604894760530774
113.71764705873858,0.04837978876566103,0.036184715580923545
113.74117647050326,0.05355111284873961,0.024838786886050096
113.76470588226795,0.03983731328395049,0.021028100320451357
113.78823529403263,0.0409442817399599,0.027889417926017752
113.81176470579732,0.05499321941833222,0.022797631422750726
113.835294117562,0.043157870638835055,0.022299576036422204
113.85882352932668,0.03048229303214128,0.022681867619209345
113.88235294109137,0.04000042581871576,0.014782128232723457
113.90588235285605,0.03887109105689671,0.02827902342932256
113.92941176462074,0.029323408395778645,0.03497837541236374
113.95294117638542,0.032591219262887536,0.018109397130802108
113.97647058815011,0.029615453947111132,0.030875102507152506
113.99999999991479,0.0306032415060735,0.054399070845405136
114.02352941167948,0.03641316073536939,0.03228582896043631
114.04705882344416,0.0298674616965412,0.026932552298602565
114.07058823520885,0.028116971705591826,0.04240313077533796
114.09411764697353,0.0358727799464416,0.03995158264980705
114.11764705873821,0.03255766447650774,0.029789001971092965
114.1411764705029,0.026108033576433775,0.02949296949648858
114.16470588226758,0.03090773826461247,0.02834474233355347
114.18823529403227,0.03530340268782769,0.033208708248403544
114.21176470579695,0.028702855446477618,0.03428622200909333
114.23529411756164,0.03128389183870749,0.027563690025409534
114.25882352932632,0.04217663439678275,0.0240691699993215
114.282352941091,0.03234387726352232,0.027975921798132897
114.30588235285569,0.029119013969787708,0.02742869814668973
114.32941176462037,0.04189509018392828,0.01856960812103406
114.35294117638506,0.03696195981016322,0.014166423387663904
114.37647058814974,0.030861140377585285,0.020095366642327857
114.39999999991443,0.04408868813505,0.023555792159372205
114.42352941167911,0.04220815415269706,0.012764187855962207
114.4470588234438,0.03867241151308811,0.012776491439604692
114.47058823520848,0.051079519234405686,0.027487960993019478
114.49411764697317,0.044637808847897816,0.02305706794149074
114.51764705873785,0.0375709671100729,0.013323695961979489
114.54117647050253,0.048266301705101856,0.02898709070963725
114.56470588226722,0.04305664028412596,0.024559642637335753
114.5882352940319,0.033833186412810266,0.020678060697535514
114.61176470579659,0.03911416097694544,0.04262707258563061
114.63529411756127,0.03710055924245391,0.033146576826903563
114.65882352932596,0.031121381347895504,0.02787147863238471
114.68235294109064,0.03401101380790356,0.04593491205318006
114.70588235285533,0.034573686450359534,0.041149679346608854
114.72941176462001,0.02883027656313408,0.04081267904921612
114.7529411763847,0.03319615657912016,0.03870120164462571
114.77647058814938,0.04072352169849296,0.029632094966348055
114.79999999991406,0.035378069680735175,0.041266538885233996
114.82352941167875,0.0323444838212782,0.03274831476397976
114.84705882344343,0.04089889484888912,0.01836960649883932
114.87058823520812,0.04234799494790274,0.02837581497453958
114.8941176469728,0.03805196063454928,0.026168066508123936
114.91764705873749,0.03828578998459141,0.024662486839998946
114.94117647050217,0.04098531670962231,0.018592256441401313
114.96470588226686,0.0395082045375292,0.015081271254924361
114.98823529403154,0.03722171421903269,0.035568425833415594
115.01176470579622,0.04069070858821289,0.02659505898264676
115.03529411756091,0.03882643476146102,0.010445318819033414
115.0588235293256,0.033749377910194264,0.03178317961356774
115.08235294109028,0.03539964112884915,0.03077666687263689
115.10588235285496,0.03373656844631411,0.014402468122209593
115.12941176461965,0.03318825330381547,0.03209418779655536
115.15294117638433,0.030975748434535537,0.032607489679732427
115.17647058814902,0.025875776198433623,0.01665762788258801
115.1999999999137,0.031753103073232834,0.028190367886049
115.22352941167838,0.031299210867661464,0.034718143806736323
115.24705882344307,0.029461838941403404,0.026219873723145746
115.27058823520775,0.03509273783438568,0.022819317198730257
115.29411764697244,0.03382588531125243,0.021517847295437095
115.31764705873712,0.03357211654856095,0.03205203660080412
115.34117647050181,0.03905953226785651,0.027263273969136265
115.36470588226649,0.04121628070444051,0.012276919312320667
115.38823529403118,0.04303506256591473,0.024383375838573
115.41176470579586,0.04475123541806624,0.024610515605223454
115.43529411756055,0.04511950389768818,0.014528621309500198
115.45882352932523,0.05118684830346726,0.019161763080667204
115.48235294108991,0.04931520577825569,0.0175336687083703
115.5058823528546,0.04061847811833372,0.017629508005956508
115.52941176461928,0.04258662604247775,0.02042833101103789
115.55294117638397,0.04156117186718331,0.014646115976181562
115.57647058814865,0.03763364516916713,0.02100763716246042
115.59999999991334,0.03633655106067424,0.02600949859243741
115.62352941167802,0.032267937589043456,0.01782388620165642
115.6470588234427,0.037844398244038346,0.025915017588834806
115.67058823520739,0.040312784104578586,0.03387400569387129
115.69411764697207,0.03140832473539544,0.02330239569354827
115.71764705873676,0.03719188706314501,0.024109796158670316
115.74117647050144,0.04166054731245471,0.03574991993061316
115.76470588226613,0.035407623929899504,0.030484959306538724
115.78823529403081,0.03441462440822056,0.024313692254618987
115.8117647057955,0.03551373924621559,0.028330028956892933
115.83529411756018,0.03511015517769151,0.029987319575410298
115.85882352932487,0.033646915953016075,0.030642379173142928
115.88235294108955,0.03246107765017844,0.02538558156756763
115.90588235285423,0.030908944656401097,0.0267477651793787
115.92941176461892,0.03266860103508142,0.03702418443617419
115.9529411763836,0.03755820912711503,0.029404991900063737
115.97647058814829,0.03184651413642413,0.03178999634465431
115.99999999991297,0.02930755877316463,0.039471360300534095
116.02352941167766,0.04297383588142854,0.027330896850131372
116.04705882344234,0.04063473761394626,0.03576521630027594
116.07058823520703,0.032026695811047834,0.03502242458669953
116.09411764697171,0.038449711247542956,0.014902650153968302
116.1176470587364,0.04419489163762268,0.036033599413052626
116.14117647050108,0.04365746865735094,0.0426727902771941
116.16470588226576,0.03813855733397966,0.011355468771884338
116.18823529403045,0.031086974094363447,0.02921196727042096
116.21176470579513,0.04015092884993389,0.050732674545457226
116.23529411755982,0.04669847664893246,0.022701597447917436
116.2588235293245,0.036017778302740645,0.02225017481935386
116.28235294108919,0.030903111620223096,0.03168327508894119
116.30588235285387,0.04047803895652291,0.026291908154545685
116.32941176461856,0.04221375957020004,0.024763094264685724
116.35294117638324,0.031603820704156405,0.018616338031486247
116.37647058814792,0.036255757049400754,0.01707649948438932
116.39999999991261,0.04762236610879342,0.023084424744216767
116.4235294116773,0.037728634321596496,0.017486422568590874
116.44705882344198,0.036035926936097425,0.015266614536341077
116.47058823520666,0.052284514751925366,0.018935100514624666
116.49411764697135,0.04365087740421455,0.016105615926589805
116.51764705873603,0.034563394253773534,0.02089985988840424
116.54117647050072,0.04595852444277346,0.019160993578456062
116.5647058822654,0.04612748326678817,0.013185134841681904
116.58823529403008,0.03637216585698703,0.023266273190283987
116.61176470579477,0.0351476404072018,0.024982672097338374
116.63529411755945,0.03802858204960354,0.018356586564446564
116.65882352932414,0.03746234344098579,0.022738603403227708
116.68235294108882,0.03418295878615952,0.024612799241843408
116.70588235285351,0.034661180737552595,0.03144424711170095
116.72941176461819,0.03316690597514127,0.030006747769469856
116.75294117638288,0.030099046348044105,0.0213040190271887
116.77647058814756,0.03762907832752393,0.032825049063609724
116.79999999991225,0.03386967495577418,0.037168374473376724
116.82352941167693,0.024888918755868895,0.029202282404969207
116.84705882344161,0.03626273869553123,0.029889181151092896
116.8705882352063,0.037954772873834,0.031670258962682586
116.89411764697098,0.026215875859323473,0.03583565657682668
116.91764705873567,0.029919619912895244,0.03725059749917883
116.94117647050035,0.041637974708977114,0.023382305686724596
116.96470588226504,0.03549848066455085,0.02498953606160063
116.98823529402972,0.027834226852349635,0.03383519860464433
117.0117647057944,0.042352439390472445,0.028722167882868098
117.03529411755909,0.04963242348271172,0.021105312429780875
117.05882352932377,0.03423297035331088,0.01972804554914896
117.08235294108846,0.038662230316431644,0.021863809285367408
117.10588235285314,0.047789595731538306,0.02551440176121173
117.12941176461783,0.03942059259636993,0.019162469485124508
117.15294117638251,0.038301278036779664,0.01391157684239352
117.1764705881472,0.038901780788233725,0.022589557131510767
117.19999999991188,0.034972684123898555,0.02569913973925071
117.22352941167657,0.034806372767238594,0.019239307485416274
117.24705882344125,0.031801184785356255,0.024014779186854854
117.27058823520593,0.03353344582091695,0.02677556875191006
117.29411764697062,0.034751164601431676,0.020744024435806138
117.3176470587353,0.027545371207590978,0.022526199573280562
117.34117647049999,0.029720172208433468,0.026466813023555393
117.36470588226467,0.035966400207249526,0.020197149356658665
117.38823529402936,0.03478340402257048,0.0170008878076605
117.41176470579404,0.03201809104738102,0.02355611419270155
117.43529411755873,0.038104005742980236,0.01831217940606392
117.45882352932341,0.049684565136294226,0.017268232747252837
117.4823529410881,0.044819666288835915,0.02563067601314939
117.50588235285278,0.03637117503838545,0.01716699293554439
117.52941176461746,0.04763566854852507,0.022017198365438303
117.55294117638215,0.054377780019111505,0.032498124034470464
117.57647058814683,0.036825349210869954,0.019312926141831614
117.59999999991152,0.034947529070311185,0.02272262452943809
117.6235294116762,0.043490095366142824,0.0355364094368366
117.64705882344089,0.03525920832253898,0.02674703872485758
117.67058823520557,0.030455631129668245,0.022557679948671257
117.69411764697026,0.03396339145880772,0.03336141926064975
117.71764705873494,0.030105004009823445,0.03848832925294035
117.74117647049962,0.03167329449699515,0.037412027056417094
117.76470588226431,0.04121822268328536,0.03333673775576021
117.788235294029,0.03568815017126404,0.04675814867710707
117.81176470579368,0.028384049993280695,0.04469286935639674
117.83529411755836,0.039272733194943704,0.030458535488914702
117.85882352932305,0.04149413331568161,0.04148103338421768
117.88235294108773,0.0293961232814603,0.0328714677976571
117.90588235285242,0.027119870336569613,0.025120071528583754
117.9294117646171,0.031495768696538314,0.03500800344635185
117.95294117638178,0.02780856663173208,0.020248770378403697
117.97647058814647,0.023578730777708876,0.01993665738535339
117.99999999991115,0.026252231274994528,0.03808182446385472
118.02352941167584,0.02941420459817336,0.024423062651550677
118.04705882344052,0.030984747007465563,0.01734890505459556
118.07058823520521,0.03403424754194552,0.03165837942880116
118.09411764696989,0.03386000745682627,0.024223230354958738
118.11764705873458,0.0365373268426367,0.013978596143878799
118.14117647049926,0.046610836298734845,0.014151556296863339
118.16470588226395,0.04276652999434275,0.014987889410831743
118.18823529402863,0.03549308856381731,0.013223511652137497
118.21176470579331,0.04956412041489046,0.01082881329411955
118.235294117558,0.051555701473080605,0.016406970706131747
118.25882352932268,0.03983028606552297,0.019483322094476015
118.28235294108737,0.04014331510088881,0.01899456419751905
118.30588235285205,0.04410093624738164,0.023132196752566943
118.32941176461674,0.04188776895454321,0.02963980342944924
118.35294117638142,0.03822221444128003,0.0280488921012791
118.3764705881461,0.036178581187515976,0.019890794532637306
118.39999999991079,0.038635748846622256,0.030232014161024327
118.42352941167547,0.03728357394108555,0.03933725957654321
118.44705882344016,0.03748341024833974,0.016882486560738114
118.47058823520484,0.04162222920284319,0.022516583602689003
118.49411764696953,0.03845523552900892,0.03384884755787579
118.51764705873421,0.038215422410710555,0.018890693012432375
118.5411764704989,0.04707721248849252,0.02072001596483471
118.56470588226358,0.04659807408944469,0.02484500250534443
118.58823529402827,0.03848581780514662,0.016531844267045504
118.61176470579295,0.0420744326219451,0.021973388427361046
118.63529411755763,0.045802368117325944,0.025151225060060022
118.65882352932232,0.03927092026312523,0.018324635873380204
118.682352941087,0.03816312431630319,0.01968252806155034
118.70588235285169,0.03600376395711412,0.026517116490734686
118.72941176461637,0.03053900935516743,0.031410358877794115
118.75294117638106,0.032931783777249854,0.026763570648578486
118.77647058814574,0.035370247615869176,0.02535265494120748
118.79999999991043,0.0284671155739965,0.0390128027840641
118.82352941167511,0.02479649503097804,0.03289195488626281
118.8470588234398,0.03390725754120404,0.02316836333465023
118.87058823520448,0.031259962631821084,0.040419592338739097
118.89411764696916,0.024132561480612318,0.030433459298140612
118.91764705873385,0.03212612581365225,0.024030415374095636
118.94117647049853,0.035017698769086676,0.039274984028503275
118.96470588226322,0.02889797831080004,0.027379398547153204
118.9882352940279,0.03031808845752835,0.02393853001027886
119.01176470579259,0.039369174799049014,0.03955996568620637
119.03529411755727,0.04080993458872505,0.03783681776954044
119.05882352932196,0.03284870812683584,0.023767073825448584
119.08235294108664,0.03311358021474133,0.02959117768841149
119.10588235285132,0.0435077479736793,0.039897369119590034
119.12941176461601,0.03858778321340971,0.03192442278464571
119.1529411763807,0.029304479537611238,0.01671926681655205
119.17647058814538,0.037845896660329136,0.03174252953057551
119.19999999991006,0.041566640268117544,0.0321031951445208
119.22352941167475,0.02932471298671623,0.02045925218879245
119.24705882343943,0.032109620632987654,0.025469275954105947
119.27058823520412,0.04135205266390466,0.02604824199186052
119.2941176469688,0.03315361218185493,0.02473704599545108
119.31764705873348,0.030054861563505956,0.0249217403777097
119.34117647049817,0.04127088388854188,0.02468930892866263
119.36470588226285,0.04121164159144948,0.027656362107316635
119.38823529402754,0.034769633808071604,0.022219713340223136
119.41176470579222,0.03513437077127668,0.02116556633654079
119.43529411755691,0.044515944706595666,0.02656225826958297
119.45882352932159,0.05134822386170907,0.018501409536084815
119.48235294108628,0.040016936467804624,0.01779687466468671
119.50588235285096,0.038255425731979306,0.020193359291746323
119.52941176461565,0.055595162574910026,0.012228284221026394
119.55294117638033,0.051485770981558994,0.017575618189101246
119.57647058814501,0.0392325172917924,0.01704271831610832
119.5999999999097,0.049153486415758695,0.01623723355038803
119.62352941167438,0.05284058105946053,0.02899319806024273
119.64705882343907,0.04249904554737333,0.01994120610508994
119.67058823520375,0.04188314241742209,0.026399792551208973
119.69411764696844,0.0454001337710653,0.0477560097442321
119.71764705873312,0.03485884783233589,0.03271974205997036
119.7411764704978,0.031714084046632944,0.031069752784427158
119.76470588226249,0.03970968161180864,0.05145477675041911
119.78823529402717,0.031819096067818964,0.04894046917794191
119.81176470579186,0.023605331546834137,0.034617915186754694
119.83529411755654,0.034663365545856396,0.0345829515671851
119.85882352932123,0.03733284936519477,0.0478754640779618
119.88235294108591,0.025489976510954363,0.037512478322454954
119.9058823528506,0.03122100699964948,0.02466964991733655
119.92941176461528,0.03762818671584847,0.04154478138094262
119.95294117637997,0.027642622293360637,0.03432326870399565
119.97647058814465,0.032035586073350344,0.019425057686719177
119.99999999990933,0.03555277088546633,0.04556028546667048
