step,i,j,E,chi
0,1,1,3.0321238659361947e-197,0.0
0,2,1,3.3531483185233715e-188,0.0
0,3,1,1.4995259568075784e-179,0.0
0,4,1,2.711756005835986e-171,0.0
0,5,1,1.98309094939434e-163,0.0
0,6,1,5.864487341089497e-156,0.0
0,7,1,7.0131458808272555e-149,0.0
0,8,1,3.3914942984538204e-142,0.0
0,9,1,6.632308341577685e-136,0.0
0,10,1,5.244857885592762e-130,0.0
0,11,1,1.6772513122007522e-124,0.0
0,12,1,2.168992021445553e-119,0.0
0,13,1,1.1342614383328952e-114,0.0
0,14,1,2.3986328630265253e-110,0.0
0,15,1,2.05120841931648e-106,0.0
0,16,1,7.093346911515718e-103,0.0
0,17,1,9.91945950827922e-100,0.0
0,18,1,5.609449164310023e-97,0.0
0,19,1,1.282767130602579e-94,0.0
0,20,1,1.1862352588453052e-92,0.0
0,21,1,4.4359764606881073e-91,0.0
0,22,1,6.708154185065277e-90,0.0
0,23,1,4.102156626514365e-89,0.0
0,24,1,1.0144177492688324e-88,0.0
0,25,1,1.0144177492688324e-88,0.0
0,26,1,4.102156626514365e-89,0.0
0,27,1,6.708154185065277e-90,0.0
0,28,1,4.4359764606881073e-91,0.0
0,29,1,1.1862352588453052e-92,0.0
0,30,1,1.282767130602579e-94,0.0
0,31,1,5.609449164310023e-97,0.0
0,32,1,9.919459508279503e-100,0.0
0,33,1,7.093346911515718e-103,0.0
0,34,1,2.05120841931648e-106,0.0
0,35,1,2.3986328630265253e-110,0.0
0,36,1,1.1342614383328952e-114,0.0
0,37,1,2.168992021445553e-119,0.0
0,38,1,1.6772513122007522e-124,0.0
0,39,1,5.24485788559306e-130,0.0
0,40,1,6.632308341577685e-136,0.0
0,41,1,3.3914942984538204e-142,0.0
0,42,1,7.013145880828053e-149,0.0
0,43,1,5.864487341090164e-156,0.0
0,44,1,1.98309094939434e-163,0.0
0,45,1,2.711756005835986e-171,0.0
0,46,1,1.4995259568076637e-179,0.0
0,47,1,3.353148318523562e-188,0.0
0,48,1,3.0321238659361947e-197,0.0
0,1,2,3.994127748579995e-189,0.0
0,2,2,4.41700383502774e-180,0.0
0,3,2,1.9752815183728872e-171,0.0
0,4,2,3.5721165721387075e-163,0.0
0,5,2,2.6122674861398475e-155,0.0
0,6,2,7.7251169991404e-148,0.0
0,7,2,9.238211170111435e-141,0.0
0,8,2,4.467515868591849e-134,0.0
0,9,2,8.736545060653348e-128,0.0
0,10,2,6.908897309093857e-122,0.0
0,11,2,2.2093939111997418e-116,0.0
0,12,2,2.857149510490129e-111,0.0
0,13,2,1.4941292919742738e-106,0.0
0,14,2,3.1596486490872126e-102,0.0
0,15,2,2.7019966294099597e-98,0.0
0,16,2,9.343857633217853e-95,0.0
0,17,2,1.306661278519436e-91,0.0
0,18,2,7.389162696525205e-89,0.0
0,19,2,1.6897514804277834e-86,0.0
0,20,2,1.562592879837793e-84,0.0
0,21,2,5.843381555987985e-83,0.0
0,22,2,8.836454563524357e-82,0.0
0,23,2,5.403650489035653e-81,0.0
0,24,2,1.336262718856909e-80,0.0
0,25,2,1.336262718856909e-80,0.0
0,26,2,5.403650489035653e-81,0.0
0,27,2,8.836454563524357e-82,0.0
0,28,2,5.843381555987985e-83,0.0
0,29,2,1.562592879837793e-84,0.0
0,30,2,1.6897514804277834e-86,0.0
0,31,2,7.389162696525205e-89,0.0
0,32,2,1.306661278519473e-91,0.0
0,33,2,9.343857633217853e-95,0.0
0,34,2,2.7019966294099597e-98,0.0
0,35,2,3.1596486490873026e-102,0.0
0,36,2,1.4941292919743161e-106,0.0
0,37,2,2.857149510490129e-111,0.0
0,38,2,2.2093939111997418e-116,0.0
0,39,2,6.908897309093857e-122,0.0
0,40,2,8.736545060653348e-128,0.0
0,41,2,4.467515868591849e-134,0.0
0,42,2,9.23821117011196e-141,0.0
0,43,2,7.725116999140839e-148,0.0
0,44,2,2.6122674861398475e-155,0.0
0,45,2,3.5721165721387075e-163,0.0
0,46,2,1.9752815183731117e-171,0.0
0,47,2,4.41700383502774e-180,0.0
0,48,2,3.994127748579995e-189,0.0
0,1,3,2.12761166466598e-181,0.0
0,2,3,2.3528713836506465e-172,0.0
0,3,3,1.0522026995714938e-163,0.0
0,4,3,1.9028126702084013e-155,0.0
0,5,3,1.3915155259404947e-147,0.0
0,6,3,4.1150534166372193e-140,0.0
0,7,3,4.921055880890002e-133,0.0
0,8,3,2.3797783827708423e-126,0.0
0,9,3,4.6538259039246986e-120,0.0
0,10,3,3.680265487260054e-114,0.0
0,11,3,1.1769108434205483e-108,0.0
0,12,3,1.5219604902157523e-103,0.0
0,13,3,7.959001589905778e-99,0.0
0,14,3,1.6830972230254466e-94,0.0
0,15,3,1.4393128884434056e-90,0.0
0,16,3,4.9773321598138255e-87,0.0
0,17,3,6.960387731548182e-84,0.0
0,18,3,3.936095622086958e-81,0.0
0,19,3,9.001051509739303e-79,0.0
0,20,3,8.323696805763834e-77,0.0
0,21,3,3.1126813017019177e-75,0.0
0,22,3,4.707046190580371e-74,0.0
0,23,3,2.878443188587886e-73,0.0
0,24,3,7.118070143622738e-73,0.0
0,25,3,7.118070143622738e-73,0.0
0,26,3,2.878443188587886e-73,0.0
0,27,3,4.707046190580371e-74,0.0
0,28,3,3.1126813017019177e-75,0.0
0,29,3,8.323696805763834e-77,0.0
0,30,3,9.001051509739303e-79,0.0
0,31,3,3.936095622086958e-81,0.0
0,32,3,6.960387731548381e-84,0.0
0,33,3,4.9773321598138255e-87,0.0
0,34,3,1.4393128884434056e-90,0.0
0,35,3,1.6830972230254466e-94,0.0
0,36,3,7.959001589906004e-99,0.0
0,37,3,1.5219604902157523e-103,0.0
0,38,3,1.1769108434205483e-108,0.0
0,39,3,3.680265487260263e-114,0.0
0,40,3,4.6538259039246986e-120,0.0
0,41,3,2.3797783827708423e-126,0.0
0,42,3,4.921055880890561e-133,0.0
0,43,3,4.115053416637687e-140,0.0
0,44,3,1.3915155259404947e-147,0.0
0,45,3,1.9028126702084013e-155,0.0
0,46,3,1.0522026995715536e-163,0.0
0,47,3,2.3528713836507804e-172,0.0
0,48,3,2.12761166466598e-181,0.0
0,1,4,4.583087754896459e-174,0.0
0,2,4,5.0683196592403e-165,0.0
0,3,4,2.2665495720679168e-156,0.0
0,4,4,4.0988482971414576e-148,0.0
0,5,4,2.9974632465118583e-140,0.0
0,6,4,8.86423553590345e-133,0.0
0,7,4,1.060044524262853e-125,0.0
0,8,4,5.126280019317635e-119,0.0
0,9,4,1.0024805216061699e-112,0.0
0,10,4,7.92765896594108e-107,0.0
0,11,4,2.535183353552551e-101,0.0
0,12,4,3.2784547114425103e-96,0.0
0,13,4,1.7144483334850122e-91,0.0
0,14,4,3.6255593072992334e-87,0.0
0,15,4,3.1004235331287433e-83,0.0
0,16,4,1.0721669960987143e-79,0.0
0,17,4,1.4993369472242532e-76,0.0
0,18,4,8.478742595406786e-74,0.0
0,19,4,1.938916280662282e-71,0.0
0,20,4,1.793007320814628e-69,0.0
0,21,4,6.705026013741489e-68,0.0
0,22,4,1.013944702224017e-66,0.0
0,23,4,6.200453752848425e-66,0.0
0,24,4,1.5333033116667024e-65,0.0
0,25,4,1.5333033116667024e-65,0.0
0,26,4,6.200453752848425e-66,0.0
0,27,4,1.013944702224017e-66,0.0
0,28,4,6.705026013741489e-68,0.0
0,29,4,1.793007320814628e-69,0.0
0,30,4,1.938916280662282e-71,0.0
0,31,4,8.478742595406786e-74,0.0
0,32,4,1.4993369472242958e-76,0.0
0,33,4,1.0721669960987143e-79,0.0
0,34,4,3.1004235331287433e-83,0.0
0,35,4,3.6255593072993366e-87,0.0
0,36,4,1.714448333485061e-91,0.0
0,37,4,3.2784547114425103e-96,0.0
0,38,4,2.535183353552551e-101,0.0
0,39,4,7.92765896594108e-107,0.0
0,40,4,1.0024805216061699e-112,0.0
0,41,4,5.126280019317635e-119,0.0
0,42,4,1.0600445242629133e-125,0.0
0,43,4,8.864235535903954e-133,0.0
0,44,4,2.9974632465118583e-140,0.0
0,45,4,4.0988482971414576e-148,0.0
0,46,4,2.2665495720679168e-156,0.0
0,47,4,5.068319659240876e-165,0.0
0,48,4,4.583087754896459e-174,0.0
0,1,5,3.9922651921240105e-167,0.0
0,2,5,4.4149440814274794e-158,0.0
0,3,5,1.9743603977738427e-149,0.0
0,4,5,3.57045080949871e-141,0.0
0,5,5,2.6110493238833205e-133,0.0
0,6,5,7.721514593947714e-126,0.0
0,7,5,9.233903173236561e-119,0.0
0,8,5,4.465432560032871e-112,0.0
0,9,5,8.732471002578343e-106,0.0
0,10,5,6.905675526492406e-100,0.0
0,11,5,2.2083636184419978e-94,0.0
0,12,5,2.8558171539401877e-89,0.0
0,13,5,1.4934325440647958e-84,0.0
0,14,5,3.158175230017818e-80,0.0
0,15,5,2.7007366243266848e-76,0.0
0,16,5,9.339500370892983e-73,0.0
0,17,5,1.3060519513888492e-69,0.0
0,18,5,7.385716954788571e-67,0.0
0,19,5,1.688963509254353e-64,0.0
0,20,5,1.5618642057342597e-62,0.0
0,21,5,5.840656648642091e-61,0.0
0,22,5,8.832333915279654e-60,0.0
0,23,5,5.401130638710778e-59,0.0
0,24,5,1.3356395878729834e-58,0.0
0,25,5,1.3356395878729834e-58,0.0
0,26,5,5.401130638710778e-59,0.0
0,27,5,8.832333915279654e-60,0.0
0,28,5,5.840656648642091e-61,0.0
0,29,5,1.5618642057342597e-62,0.0
0,30,5,1.688963509254353e-64,0.0
0,31,5,7.385716954788571e-67,0.0
0,32,5,1.3060519513888863e-69,0.0
0,33,5,9.339500370892983e-73,0.0
0,34,5,2.7007366243266848e-76,0.0
0,35,5,3.158175230017818e-80,0.0
0,36,5,1.4934325440648383e-84,0.0
0,37,5,2.8558171539401877e-89,0.0
0,38,5,2.2083636184419978e-94,0.0
0,39,5,6.905675526492799e-100,0.0
0,40,5,8.732471002578343e-106,0.0
0,41,5,4.465432560032871e-112,0.0
0,42,5,9.233903173237611e-119,0.0
0,43,5,7.721514593948592e-126,0.0
0,44,5,2.6110493238833205e-133,0.0
0,45,5,3.57045080949871e-141,0.0
0,46,5,1.974360397773955e-149,0.0
0,47,5,4.41494408142773e-158,0.0
0,48,5,3.9922651921240105e-167,0.0
0,1,6,1.4062935678133776e-160,0.0
0,2,6,1.555184128603435e-151,0.0
0,3,6,6.954774280557288e-143,0.0
0,4,6,1.2577075334318456e-134,0.0
0,5,6,9.197539974710485e-127,0.0
0,6,6,2.7199386274909797e-119,0.0
0,7,6,3.252684381777097e-112,0.0
0,8,6,1.5729689247767195e-105,0.0
0,9,6,3.0760526195177906e-99,0.0
0,10,6,2.4325556061434277e-93,0.0
0,11,6,7.779061266107367e-88,0.0
0,12,6,1.0059745786327615e-82,0.0
0,13,6,5.2606840468033035e-78,0.0
0,14,6,1.1124815858333972e-73,0.0
0,15,6,9.513467568841439e-70,0.0
0,16,6,3.289881474830011e-66,0.0
0,17,6,4.600627388410214e-63,0.0
0,18,6,2.6016523821362534e-60,0.0
0,19,6,5.9494507629944525e-58,0.0
0,20,6,5.501737686802976e-56,0.0
0,21,6,2.0573978634975797e-54,0.0
0,22,6,3.111229784619865e-53,0.0
0,23,6,1.9025728278580718e-52,0.0
0,24,6,4.704851183353741e-52,0.0
0,25,6,4.704851183353741e-52,0.0
0,26,6,1.9025728278580718e-52,0.0
0,27,6,3.111229784619865e-53,0.0
0,28,6,2.0573978634976087e-54,0.0
0,29,6,5.501737686802976e-56,0.0
0,30,6,5.9494507629944525e-58,0.0
0,31,6,2.6016523821362534e-60,0.0
0,32,6,4.6006273884103445e-63,0.0
0,33,6,3.289881474830011e-66,0.0
0,34,6,9.513467568841439e-70,0.0
0,35,6,1.1124815858333972e-73,0.0
0,36,6,5.260684046803453e-78,0.0
0,37,6,1.0059745786327615e-82,0.0
0,38,6,7.779061266107367e-88,0.0
0,39,6,2.4325556061435656e-93,0.0
0,40,6,3.0760526195177906e-99,0.0
0,41,6,1.5729689247767195e-105,0.0
0,42,6,3.252684381777467e-112,0.0
0,43,6,2.719938627491289e-119,0.0
0,44,6,9.197539974710485e-127,0.0
0,45,6,1.2577075334318456e-134,0.0
0,46,6,6.954774280557683e-143,0.0
0,47,6,1.5551841286035236e-151,0.0
0,48,6,1.4062935678133776e-160,0.0
0,1,7,2.003217001357693e-154,0.0
0,2,7,2.21530650353746e-145,0.0
0,3,7,9.906837660560513e-137,0.0
0,4,7,1.7915612866122898e-128,0.0
0,5,7,1.3101580544561697e-120,0.0
0,6,7,3.874459377433845e-113,0.0
0,7,7,4.633337450130035e-106,0.0
0,8,7,2.240640336298629e-99,0.0
0,9,7,4.38173155699638e-93,0.0
0,10,7,3.4650921105692963e-87,0.0
0,11,7,1.1081006227667292e-81,0.0
0,12,7,1.4329763180131496e-76,0.0
0,13,7,7.49366416978859e-72,0.0
0,14,7,1.5846919003575396e-67,0.0
0,15,7,1.3551608577290101e-63,0.0
0,16,7,4.68632343464262e-60,0.0
0,17,7,6.553436076440862e-57,0.0
0,18,7,3.7059646739488983e-54,0.0
0,19,7,8.474788756732929e-52,0.0
0,20,7,7.837036820377694e-50,0.0
0,21,7,2.930692760775124e-48,0.0
0,22,7,4.431840223355085e-47,0.0
0,23,7,2.7101498025141644e-46,0.0
0,24,7,6.701899301158243e-46,0.0
0,25,7,6.701899301158243e-46,0.0
0,26,7,2.7101498025141644e-46,0.0
0,27,7,4.431840223355085e-47,0.0
0,28,7,2.930692760775166e-48,0.0
0,29,7,7.837036820377805e-50,0.0
0,30,7,8.474788756732929e-52,0.0
0,31,7,3.7059646739488983e-54,0.0
0,32,7,6.553436076441047e-57,0.0
0,33,7,4.68632343464262e-60,0.0
0,34,7,1.3551608577290101e-63,0.0
0,35,7,1.5846919003575844e-67,0.0
0,36,7,7.493664169788803e-72,0.0
0,37,7,1.4329763180131496e-76,0.0
0,38,7,1.1081006227667292e-81,0.0
0,39,7,3.4650921105692963e-87,0.0
0,40,7,4.38173155699638e-93,0.0
0,41,7,2.240640336298629e-99,0.0
0,42,7,4.633337450130298e-106,0.0
0,43,7,3.8744593774340657e-113,0.0
0,44,7,1.3101580544561697e-120,0.0
0,45,7,1.7915612866122898e-128,0.0
0,46,7,9.906837660560513e-137,0.0
0,47,7,2.2153065035377116e-145,0.0
0,48,7,2.003217001357693e-154,0.0
0,1,8,1.1539192099912345e-148,0.0
0,2,8,1.2760897739577325e-139,0.0
0,3,8,5.706665967310329e-131,0.0
0,4,8,1.0319985219261797e-122,0.0
0,5,8,7.546943472111332e-115,0.0
0,6,8,2.231816673341792e-107,0.0
0,7,8,2.668955528259636e-100,0.0
0,8,8,1.2906828990488816e-93,0.0
0,9,8,2.524022216872415e-87,0.0
0,10,8,1.9960075958147536e-81,0.0
0,11,8,6.383025874617025e-76,0.0
0,12,8,8.254417268310553e-71,0.0
0,13,8,4.3165982681268135e-66,0.0
0,14,8,9.128349172859886e-62,0.0
0,15,8,7.806174494835046e-58,0.0
0,16,8,2.699477206813612e-54,0.0
0,17,8,3.77499580670988e-51,0.0
0,18,8,2.1347581544687833e-48,0.0
0,19,8,4.8817584617067256e-46,0.0
0,20,8,4.514392265198456e-44,0.0
0,21,8,1.6881759055303928e-42,0.0
0,22,8,2.552886465058755e-41,0.0
0,23,8,1.5611358714286687e-40,0.0
0,24,8,3.86051553166356e-40,0.0
0,25,8,3.86051553166356e-40,0.0
0,26,8,1.5611358714286687e-40,0.0
0,27,8,2.552886465058755e-41,0.0
0,28,8,1.688175905530417e-42,0.0
0,29,8,4.514392265198521e-44,0.0
0,30,8,4.8817584617067256e-46,0.0
0,31,8,2.1347581544687833e-48,0.0
0,32,8,3.774995806709987e-51,0.0
0,33,8,2.699477206813612e-54,0.0
0,34,8,7.806174494835046e-58,0.0
0,35,8,9.128349172859886e-62,0.0
0,36,8,4.3165982681269363e-66,0.0
0,37,8,8.254417268310553e-71,0.0
0,38,8,6.383025874617025e-76,0.0
0,39,8,1.9960075958147536e-81,0.0
0,40,8,2.524022216872415e-87,0.0
0,41,8,1.2906828990488816e-93,0.0
0,42,8,2.668955528259712e-100,0.0
0,43,8,2.231816673341919e-107,0.0
0,44,8,7.546943472111332e-115,0.0
0,45,8,1.0319985219261797e-122,0.0
0,46,8,5.706665967310977e-131,0.0
0,47,8,1.2760897739577325e-139,0.0
0,48,8,1.1539192099912345e-148,0.0
0,1,9,2.6879315705873426e-143,0.0
0,2,9,2.9725148525348847e-134,0.0
0,3,9,1.3293068945828806e-125,0.0
0,4,9,2.403930347867182e-117,0.0
0,5,9,1.7579798866749993e-109,0.0
0,6,9,5.198778600872778e-102,0.0
0,7,9,6.217046880567129e-95,0.0
0,8,9,3.0065079790091545e-88,0.0
0,9,9,5.879440209376849e-82,0.0
0,10,9,4.649486537244855e-76,0.0
0,11,9,1.4868577120220427e-70,0.0
0,12,9,1.9227783522609476e-65,0.0
0,13,9,1.0055054688385436e-60,0.0
0,14,9,2.1263514565512723e-56,0.0
0,15,9,1.8183649850442834e-52,0.0
0,16,9,6.288143871294032e-49,0.0
0,17,9,8.793449593205894e-46,0.0
0,18,9,4.972691146210175e-43,0.0
0,19,9,1.1371535004866178e-40,0.0
0,20,9,1.0515794681790501e-38,0.0
0,21,9,3.932425488621768e-37,0.0
0,22,9,5.946676393062544e-36,0.0
0,23,9,3.6364992960133296e-35,0.0
0,24,9,8.992658659681896e-35,0.0
0,25,9,8.992658659681896e-35,0.0
0,26,9,3.6364992960133296e-35,0.0
0,27,9,5.946676393062544e-36,0.0
0,28,9,3.932425488621824e-37,0.0
0,29,9,1.0515794681790651e-38,0.0
0,30,9,1.1371535004866178e-40,0.0
0,31,9,4.972691146210175e-43,0.0
0,32,9,8.79344959320602e-46,0.0
0,33,9,6.288143871294032e-49,0.0
0,34,9,1.8183649850442834e-52,0.0
0,35,9,2.126351456551333e-56,0.0
0,36,9,1.0055054688385436e-60,0.0
0,37,9,1.9227783522609476e-65,0.0
0,38,9,1.4868577120220427e-70,0.0
0,39,9,4.649486537244988e-76,0.0
0,40,9,5.879440209376849e-82,0.0
0,41,9,3.0065079790091545e-88,0.0
0,42,9,6.217046880567483e-95,0.0
0,43,9,5.198778600873073e-102,0.0
0,44,9,1.7579798866749993e-109,0.0
0,45,9,2.403930347867182e-117,0.0
0,46,9,1.3293068945829562e-125,0.0
0,47,9,2.972514852535054e-134,0.0
0,48,9,2.6879315705873426e-143,0.0
0,1,10,2.5319575025673398e-138,0.0
0,2,10,2.8000271155429662e-129,0.0
0,3,10,1.2521704800015289e-120,0.0
0,4,10,2.264436173351551e-112,0.0
0,5,10,1.6559686310973952e-104,0.0
0,6,10,4.897106245822076e-97,0.0
0,7,10,5.856286917908342e-90,0.0
0,8,10,2.8320477043681582e-83,0.0
0,9,10,5.538270732753101e-77,0.0
0,10,10,4.379688251695301e-71,0.0
0,11,10,1.4005790104178854e-65,0.0
0,12,10,1.8112042464373822e-60,0.0
0,13,10,9.47158455801668e-56,0.0
0,14,10,2.002964503420498e-51,0.0
0,15,10,1.712849730502029e-47,0.0
0,16,10,5.923258324863568e-44,0.0
0,17,10,8.283187308261603e-41,0.0
0,18,10,4.68413809092815e-38,0.0
0,19,10,1.071167275474405e-35,0.0
0,20,10,9.905588941089778e-34,0.0
0,21,10,3.7042364947657444e-32,0.0
0,22,10,5.601605365818262e-31,0.0
0,23,10,3.425482172378918e-30,0.0
0,24,10,8.470836761827415e-30,0.0
0,25,10,8.470836761827415e-30,0.0
0,26,10,3.425482172378918e-30,0.0
0,27,10,5.601605365818262e-31,0.0
0,28,10,3.704236494765797e-32,0.0
0,29,10,9.905588941089918e-34,0.0
0,30,10,1.071167275474405e-35,0.0
0,31,10,4.68413809092815e-38,0.0
0,32,10,8.28318730826172e-41,0.0
0,33,10,5.923258324863568e-44,0.0
0,34,10,1.712849730502029e-47,0.0
0,35,10,2.0029645034205546e-51,0.0
0,36,10,9.47158455801722e-56,0.0
0,37,10,1.8112042464373822e-60,0.0
0,38,10,1.4005790104178854e-65,0.0
0,39,10,4.3796882516954254e-71,0.0
0,40,10,5.538270732753101e-77,0.0
0,41,10,2.8320477043681582e-83,0.0
0,42,10,5.856286917908674e-90,0.0
0,43,10,4.897106245822355e-97,0.0
0,44,10,1.6559686310973952e-104,0.0
0,45,10,2.264436173351551e-112,0.0
0,46,10,1.2521704800016001e-120,0.0
0,47,10,2.800027115543125e-129,0.0
0,48,10,2.5319575025673398e-138,0.0
0,1,11,9.644728677572505e-134,0.0
0,2,11,1.0665859040633573e-124,0.0
0,3,11,4.769765892766709e-116,0.0
0,4,11,8.625686836177367e-108,0.0
0,5,11,6.30791319732301e-100,0.0
0,6,11,1.8654049682235318e-92,0.0
0,7,11,2.2307759243183066e-85,0.0
0,8,11,1.078783181900808e-78,0.0
0,9,11,2.1096372473149444e-72,0.0
0,10,11,1.6683101843977187e-66,0.0
0,11,11,5.33508344167962e-61,0.0
0,12,11,6.899236467769812e-56,0.0
0,13,11,3.6079145529152425e-51,0.0
0,14,11,7.62968934775226e-47,0.0
0,15,11,6.524584594881311e-43,0.0
0,16,11,2.256286662495559e-39,0.0
0,17,11,3.155230452829078e-36,0.0
0,18,11,1.7842811709705195e-33,0.0
0,19,11,4.080288760680112e-31,0.0
0,20,11,3.773235436673082e-29,0.0
0,21,11,1.4110172036202017e-27,0.0
0,22,11,2.1337626661336328e-26,0.0
0,23,11,1.3048341494261475e-25,0.0
0,24,11,3.226709854213236e-25,0.0
0,25,11,3.226709854213259e-25,0.0
0,26,11,1.3048341494261475e-25,0.0
0,27,11,2.1337626661336328e-26,0.0
0,28,11,1.4110172036202118e-27,0.0
0,29,11,3.773235436673136e-29,0.0
0,30,11,4.080288760680112e-31,0.0
0,31,11,1.7842811709705195e-33,0.0
0,32,11,3.1552304528291226e-36,0.0
0,33,11,2.256286662495559e-39,0.0
0,34,11,6.524584594881311e-43,0.0
0,35,11,7.629689347752476e-47,0.0
0,36,11,3.607914552915345e-51,0.0
0,37,11,6.899236467769812e-56,0.0
0,38,11,5.33508344167962e-61,0.0
0,39,11,1.668310184397766e-66,0.0
0,40,11,2.1096372473149444e-72,0.0
0,41,11,1.078783181900808e-78,0.0
0,42,11,2.2307759243184331e-85,0.0
0,43,11,1.8654049682236377e-92,0.0
0,44,11,6.30791319732301e-100,0.0
0,45,11,8.625686836177367e-108,0.0
0,46,11,4.7697658927669803e-116,0.0
0,47,11,1.066585904063418e-124,0.0
0,48,11,9.644728677572505e-134,0.0
0,1,12,1.4856585830053146e-129,0.0
0,2,12,1.6429518712837817e-120,0.0
0,3,12,7.347271109858132e-112,0.0
0,4,12,1.3286870072646366e-103,0.0
0,5,12,9.716608621917876e-96,0.0
0,6,12,2.873439984129994e-88,0.0
0,7,12,3.436251562402109e-81,0.0
0,8,12,1.6617403630230443e-74,0.0
0,9,12,3.2496514814245704e-68,0.0
0,10,12,2.5698383307860427e-62,0.0
0,11,12,8.218077222443748e-57,0.0
0,12,12,1.0627473532107126e-51,0.0
0,13,12,5.557573884636966e-47,0.0
0,14,12,1.175265146806145e-42,0.0
0,15,12,1.0050365778013436e-38,0.0
0,16,12,3.475547895558557e-35,0.0
0,17,12,4.8602665355488526e-32,0.0
0,18,12,2.748478184058562e-29,0.0
0,19,12,6.285211560736647e-27,0.0
0,20,12,5.8122315303993465e-25,0.0
0,21,12,2.173508337462312e-23,0.0
0,22,12,3.286813890793347e-22,0.0
0,23,12,2.0099456587112245e-21,0.0
0,24,12,4.970372262443378e-21,0.0
0,25,12,4.970372262443413e-21,0.0
0,26,12,2.0099456587112245e-21,0.0
0,27,12,3.286813890793347e-22,0.0
0,28,12,2.1735083374623276e-23,0.0
0,29,12,5.812231530399388e-25,0.0
0,30,12,6.285211560736647e-27,0.0
0,31,12,2.748478184058562e-29,0.0
0,32,12,4.8602665355489216e-32,0.0
0,33,12,3.475547895558557e-35,0.0
0,34,12,1.0050365778013436e-38,0.0
0,35,12,1.1752651468061617e-42,0.0
0,36,12,5.557573884637045e-47,0.0
0,37,12,1.0627473532107126e-51,0.0
0,38,12,8.218077222443748e-57,0.0
0,39,12,2.5698383307861157e-62,0.0
0,40,12,3.2496514814245704e-68,0.0
0,41,12,1.6617403630230443e-74,0.0
0,42,12,3.436251562402304e-81,0.0
0,43,12,2.873439984130157e-88,0.0
0,44,12,9.716608621917876e-96,0.0
0,45,12,1.3286870072646366e-103,0.0
0,46,12,7.347271109858549e-112,0.0
0,47,12,1.6429518712838752e-120,0.0
0,48,12,1.4856585830053146e-129,0.0
0,1,13,9.254296649385768e-126,0.0
0,2,13,1.0234090235434118e-116,0.0
0,3,13,4.5766791369081146e-108,0.0
0,4,13,8.27650703874239e-100,0.0
0,5,13,6.052560099730921e-92,0.0
0,6,13,1.7898907812017918e-84,0.0
0,7,13,2.140471012933305e-77,0.0
0,8,13,1.0351125386133374e-70,0.0
0,9,13,2.02423619802231e-64,0.0
0,10,13,1.600774668292097e-58,0.0
0,11,13,5.119111845348097e-53,0.0
0,12,13,6.619945781934953e-48,0.0
0,13,13,3.4618611548872758e-43,0.0
0,14,13,7.320828913616605e-39,0.0
0,15,13,6.260460337827142e-35,0.0
0,16,13,2.1649490409555456e-31,0.0
0,17,13,3.0275023366449074e-28,0.0
0,18,13,1.712050988066901e-25,0.0
0,19,13,3.915112997869591e-23,0.0
0,20,13,3.620489619386298e-21,0.0
0,21,13,1.353897265150963e-19,0.0
0,22,13,2.0473849863400865e-18,0.0
0,23,13,1.2520126486417874e-17,0.0
0,24,13,3.0960881524665544e-17,0.0
0,25,13,3.0960881524665766e-17,0.0
0,26,13,1.2520126486417874e-17,0.0
0,27,13,2.0473849863400865e-18,0.0
0,28,13,1.3538972651509727e-19,0.0
0,29,13,3.620489619386324e-21,0.0
0,30,13,3.915112997869591e-23,0.0
0,31,13,1.712050988066901e-25,0.0
0,32,13,3.0275023366449504e-28,0.0
0,33,13,2.1649490409555456e-31,0.0
0,34,13,6.260460337827142e-35,0.0
0,35,13,7.320828913616708e-39,0.0
0,36,13,3.461861154887374e-43,0.0
0,37,13,6.619945781934953e-48,0.0
0,38,13,5.119111845348097e-53,0.0
0,39,13,1.600774668292142e-58,0.0
0,40,13,2.02423619802231e-64,0.0
0,41,13,1.0351125386133374e-70,0.0
0,42,13,2.1404710129334268e-77,0.0
0,43,13,1.7898907812018935e-84,0.0
0,44,13,6.052560099730921e-92,0.0
0,45,13,8.27650703874239e-100,0.0
0,46,13,4.576679136908375e-108,0.0
0,47,13,1.02340902354347e-116,0.0
0,48,13,9.254296649385768e-126,0.0
0,1,14,2.3311124091978148e-122,0.0
0,2,14,2.577917657983814e-113,0.0
0,3,14,1.1528432611538732e-104,0.0
0,4,14,2.084811952089952e-96,0.0
0,5,14,1.5246105123326015e-88,0.0
0,6,14,4.508648003460193e-81,0.0
0,7,14,5.391742591381293e-74,0.0
0,8,14,2.6073982444013065e-67,0.0
0,9,14,5.0989527342097246e-61,0.0
0,10,14,4.032273694006719e-55,0.0
0,11,14,1.2894794276510128e-49,0.0
0,12,14,1.6675322118088541e-44,0.0
0,13,14,8.720260223788301e-40,0.0
0,14,14,1.844081270863358e-35,0.0
0,15,14,1.576979573241606e-31,0.0
0,16,14,5.453401555900357e-28,0.0
0,17,14,7.626131442735624e-25,0.0
0,18,14,4.312573342596516e-22,0.0
0,19,14,9.861979617166564e-20,0.0
0,20,14,9.119837626648203e-18,0.0
0,21,14,3.4104014979700207e-16,0.0
0,22,14,5.157263408429262e-15,0.0
0,23,14,3.15375909406926e-14,0.0
0,24,14,7.798895783899694e-14,0.0
0,25,14,7.798895783899694e-14,0.0
0,26,14,3.15375909406926e-14,0.0
0,27,14,5.157263408429262e-15,0.0
0,28,14,3.410401497970045e-16,0.0
0,29,14,9.119837626648334e-18,0.0
0,30,14,9.861979617166564e-20,0.0
0,31,14,4.312573342596516e-22,0.0
0,32,14,7.626131442735732e-25,0.0
0,33,14,5.453401555900357e-28,0.0
0,34,14,1.576979573241606e-31,0.0
0,35,14,1.8440812708634104e-35,0.0
0,36,14,8.72026022378855e-40,0.0
0,37,14,1.6675322118088541e-44,0.0
0,38,14,1.2894794276510128e-49,0.0
0,39,14,4.0322736940068335e-55,0.0
0,40,14,5.0989527342097246e-61,0.0
0,41,14,2.6073982444013065e-67,0.0
0,42,14,5.3917425913816e-74,0.0
0,43,14,4.508648003460448e-81,0.0
0,44,14,1.5246105123326015e-88,0.0
0,45,14,2.084811952089952e-96,0.0
0,46,14,1.1528432611539387e-104,0.0
0,47,14,2.5779176579839602e-113,0.0
0,48,14,2.3311124091978148e-122,0.0
0,1,15,2.3745341210482178e-119,0.0
0,2,15,2.625936619779637e-110,0.0
0,3,15,1.1743173126397929e-101,0.0
0,4,15,2.123645816767125e-93,0.0
0,5,15,1.55300948532485e-85,0.0
0,6,15,4.592630746492656e-78,0.0
0,7,15,5.492174767989813e-71,0.0
0,8,15,2.655966342104906e-64,0.0
0,9,15,5.1939311039744895e-58,0.0
0,10,15,4.107382996223356e-52,0.0
0,11,15,1.3134986057582751e-46,0.0
0,12,15,1.698593392263665e-41,0.0
0,13,15,8.882692813998939e-37,0.0
0,14,15,1.8784310367761194e-32,0.0
0,15,15,1.6063540265511795e-28,0.0
0,16,15,5.554982256183575e-25,0.0
0,17,15,7.768183658121595e-22,0.0
0,18,15,4.392903796107631e-19,0.0
0,19,15,1.0045679054191572e-16,0.0
0,20,15,9.289713159027043e-15,0.0
0,21,15,3.473927165181495e-13,0.0
0,22,15,5.253327933148965e-12,0.0
0,23,15,3.2125042743051514e-11,0.0
0,24,15,7.944166086671927e-11,0.0
0,25,15,7.944166086671927e-11,0.0
0,26,15,3.2125042743051514e-11,0.0
0,27,15,5.253327933148965e-12,0.0
0,28,15,3.4739271651815195e-13,0.0
0,29,15,9.289713159027109e-15,0.0
0,30,15,1.0045679054191572e-16,0.0
0,31,15,4.392903796107631e-19,0.0
0,32,15,7.768183658121706e-22,0.0
0,33,15,5.554982256183575e-25,0.0
0,34,15,1.6063540265511795e-28,0.0
0,35,15,1.8784310367761728e-32,0.0
0,36,15,8.882692813999191e-37,0.0
0,37,15,1.698593392263665e-41,0.0
0,38,15,1.3134986057582751e-46,0.0
0,39,15,4.107382996223473e-52,0.0
0,40,15,5.1939311039744895e-58,0.0
0,41,15,2.655966342104906e-64,0.0
0,42,15,5.492174767990126e-71,0.0
0,43,15,4.592630746492917e-78,0.0
0,44,15,1.55300948532485e-85,0.0
0,45,15,2.123645816767125e-93,0.0
0,46,15,1.1743173126398596e-101,0.0
0,47,15,2.625936619779786e-110,0.0
0,48,15,2.3745341210482178e-119,0.0
0,1,16,9.781129565930504e-117,0.0
0,2,16,1.0816701298293927e-107,0.0
0,3,16,4.837222461715846e-99,0.0
0,4,16,8.747675892219266e-91,0.0
0,5,16,6.397123064450145e-83,0.0
0,6,16,1.8917865185315071e-75,0.0
0,7,16,2.262324745231585e-68,0.0
0,8,16,1.0940399080645735e-61,0.0
0,9,16,2.139472860556851e-55,0.0
0,10,16,1.6919043153283448e-49,0.0
0,11,16,5.410535032412502e-44,0.0
0,12,16,6.99680914344134e-39,0.0
0,13,16,3.6589396015807653e-34,0.0
0,14,16,7.737592476987102e-30,0.0
0,15,16,6.61685874428071e-26,0.0
0,16,16,2.2881962698514385e-22,0.0
0,17,16,3.1998534019164645e-19,0.0
0,18,16,1.8095154253427828e-16,0.0
0,19,16,4.137994376910617e-14,0.0
0,20,16,3.826598541302876e-12,0.0
0,21,16,1.4309725602193103e-10,0.0
0,22,16,2.163939473894251e-9,0.0
0,23,16,1.323287808734974e-8,0.0
0,24,16,3.2723437030547044e-8,0.0
0,25,16,3.2723437030547044e-8,0.0
0,26,16,1.323287808734974e-8,0.0
0,27,16,2.163939473894251e-9,0.0
0,28,16,1.4309725602193256e-10,0.0
0,29,16,3.826598541302931e-12,0.0
0,30,16,4.137994376910617e-14,0.0
0,31,16,1.8095154253427828e-16,0.0
0,32,16,3.199853401916533e-19,0.0
0,33,16,2.2881962698514385e-22,0.0
0,34,16,6.61685874428071e-26,0.0
0,35,16,7.737592476987211e-30,0.0
0,36,16,3.658939601580869e-34,0.0
0,37,16,6.99680914344134e-39,0.0
0,38,16,5.410535032412502e-44,0.0
0,39,16,1.6919043153283929e-49,0.0
0,40,16,2.139472860556851e-55,0.0
0,41,16,1.0940399080645735e-61,0.0
0,42,16,2.2623247452317133e-68,0.0
0,43,16,1.8917865185316146e-75,0.0
0,44,16,6.397123064450145e-83,0.0
0,45,16,8.747675892219266e-91,0.0
0,46,16,4.837222461716122e-99,0.0
0,47,16,1.0816701298294542e-107,0.0
0,48,16,9.781129565930504e-117,0.0
0,1,17,1.629277304759285e-114,0.0
0,2,17,1.8017761464949498e-105,0.0
0,3,17,8.057532334912371e-97,0.0
0,4,17,1.4571312755355068e-88,0.0
0,5,17,1.065591387416506e-80,0.0
0,6,17,3.151215633446785e-73,0.0
0,7,17,3.7684342473490105e-66,0.0
0,8,17,1.8223809230778962e-59,0.0
0,9,17,3.563795523162657e-53,0.0
0,10,17,2.8182647865032427e-47,0.0
0,11,17,9.01251933684626e-42,0.0
0,12,17,1.165483216053967e-36,0.0
0,13,17,6.094824950591884e-32,0.0
0,14,17,1.2888781128247807e-27,0.0
0,15,17,1.102193535847394e-23,0.0
0,16,17,3.81152935984964e-20,0.0
0,17,17,5.330108850064374e-17,0.0
0,18,17,3.014173767201661e-14,0.0
0,19,17,6.892803413018259e-12,0.0
0,20,17,6.374100369231336e-10,0.0
0,21,17,2.383621544304528e-8,0.0
0,22,17,3.604550425309916e-7,0.0
0,23,17,2.204247249669693e-6,0.0
0,24,17,5.450858505473385e-6,0.0
0,25,17,5.450858505473385e-6,0.0
0,26,17,2.204247249669693e-6,0.0
0,27,17,3.604550425309916e-7,0.0
0,28,17,2.3836215443045534e-8,0.0
0,29,17,6.374100369231405e-10,0.0
0,30,17,6.892803413018259e-12,0.0
0,31,17,3.014173767201661e-14,0.0
0,32,17,5.33010885006445e-17,0.0
0,33,17,3.81152935984964e-20,0.0
0,34,17,1.102193535847394e-23,0.0
0,35,17,1.2888781128248082e-27,0.0
0,36,17,6.094824950592058e-32,0.0
0,37,17,1.165483216053967e-36,0.0
0,38,17,9.01251933684626e-42,0.0
0,39,17,2.818264786503323e-47,0.0
0,40,17,3.563795523162657e-53,0.0
0,41,17,1.8223809230778962e-59,0.0
0,42,17,3.768434247349225e-66,0.0
0,43,17,3.1512156334469645e-73,0.0
0,44,17,1.065591387416506e-80,0.0
0,45,17,1.4571312755355068e-88,0.0
0,46,17,8.057532334912828e-97,0.0
0,47,17,1.8017761464950524e-105,0.0
0,48,17,1.629277304759285e-114,0.0
0,1,18,1.097479465440173e-112,0.0
0,2,18,1.2136745023833018e-103,0.0
0,3,18,5.4275452397544916e-95,0.0
0,4,18,9.815220826310392e-87,0.0
0,5,18,7.177812290291903e-79,0.0
0,6,18,2.1226555103784194e-71,0.0
0,7,18,2.538413314446841e-64,0.0
0,8,18,1.2275538580483278e-57,0.0
0,9,18,2.400568886753367e-51,0.0
0,10,18,1.898380172807552e-45,0.0
0,11,18,6.0708234719640385e-40,0.0
0,12,18,7.85068258913324e-35,0.0
0,13,18,4.105467626160218e-30,0.0
0,14,18,8.68186930578662e-26,0.0
0,15,18,7.424363974136998e-22,0.0
0,16,18,2.56744213654608e-18,0.0
0,17,18,3.590355671449503e-15,0.0
0,18,18,2.0303442545410863e-12,0.0
0,19,18,4.6429850725877057e-10,0.0
0,20,18,4.2935872521218065e-8,0.0
0,21,18,1.6056049455874857e-6,0.0
0,22,18,2.4280213456392788e-5,0.0
0,23,18,0.0001484778610859508,0.0
0,24,18,0.00036716925113375,0.0
0,25,18,0.00036716925113375,0.0
0,26,18,0.0001484778610859508,0.0
0,27,18,2.4280213456392788e-5,0.0
0,28,18,1.6056049455874972e-6,0.0
0,29,18,4.293587252121852e-8,0.0
0,30,18,4.6429850725877057e-10,0.0
0,31,18,2.0303442545410863e-12,0.0
0,32,18,3.590355671449554e-15,0.0
0,33,18,2.56744213654608e-18,0.0
0,34,18,7.424363974136998e-22,0.0
0,35,18,8.681869305786805e-26,0.0
0,36,18,4.105467626160335e-30,0.0
0,37,18,7.85068258913324e-35,0.0
0,38,18,6.0708234719640385e-40,0.0
0,39,18,1.898380172807606e-45,0.0
0,40,18,2.400568886753367e-51,0.0
0,41,18,1.2275538580483278e-57,0.0
0,42,18,2.5384133144469854e-64,0.0
0,43,18,2.12265551037854e-71,0.0
0,44,18,7.177812290291903e-79,0.0
0,45,18,9.815220826310392e-87,0.0
0,46,18,5.4275452397548e-95,0.0
0,47,18,1.2136745023833707e-103,0.0
0,48,18,1.097479465440173e-112,0.0
0,1,19,2.989463099265589e-111,0.0
0,2,19,3.305970866561327e-102,0.0
0,3,19,1.4784282280246108e-93,0.0
0,4,19,2.673602686463968e-85,0.0
0,5,19,1.955189655113689e-77,0.0
0,6,19,5.781976356326778e-70,0.0
0,7,19,6.91447373111436e-63,0.0
0,8,19,3.343777333933899e-56,0.0
0,9,19,6.538994423295273e-50,0.0
0,10,19,5.171064838748129e-44,0.0
0,11,19,1.6536530589493517e-38,0.0
0,12,19,2.138475173642391e-33,0.0
0,13,19,1.1183028348246452e-28,0.0
0,14,19,2.3648850606864716e-24,0.0
0,15,19,2.02234873955461e-20,0.0
0,16,19,6.993546365467493e-17,0.0
0,17,19,9.779896691490806e-14,0.0
0,18,19,5.530526464403796e-11,0.0
0,19,19,1.2647191115667256e-8,0.0
0,20,19,1.1695454045281476e-6,0.0
0,21,19,4.373564051065966e-5,0.0
0,22,19,0.000661377314618528,0.0
0,23,19,0.004044440928070731,0.0
0,24,19,0.010001452983989228,0.0
0,25,19,0.010001452983989245,0.0
0,26,19,0.004044440928070731,0.0
0,27,19,0.000661377314618528,0.0
0,28,19,4.3735640510660055e-5,0.0
0,29,19,1.1695454045281601e-6,0.0
0,30,19,1.2647191115667256e-8,0.0
0,31,19,5.530526464403796e-11,0.0
0,32,19,9.77989669149098e-14,0.0
0,33,19,6.993546365467493e-17,0.0
0,34,19,2.02234873955461e-20,0.0
0,35,19,2.364885060686522e-24,0.0
0,36,19,1.118302834824677e-28,0.0
0,37,19,2.138475173642391e-33,0.0
0,38,19,1.6536530589493517e-38,0.0
0,39,19,5.171064838748276e-44,0.0
0,40,19,6.538994423295273e-50,0.0
0,41,19,3.343777333933899e-56,0.0
0,42,19,6.914473731114753e-63,0.0
0,43,19,5.781976356327106e-70,0.0
0,44,19,1.955189655113689e-77,0.0
0,45,19,2.673602686463968e-85,0.0
0,46,19,1.4784282280246949e-93,0.0
0,47,19,3.3059708665615145e-102,0.0
0,48,19,2.989463099265589e-111,0.0
0,1,20,3.2929519218434e-110,0.0
0,2,20,3.641591401906193e-101,0.0
0,3,20,1.6285175341275078e-92,0.0
0,4,20,2.9450255153843707e-84,0.0
0,5,20,2.153679546657333e-76,0.0
0,6,20,6.368959750430549e-69,0.0
0,7,20,7.616427701349557e-62,0.0
0,8,20,3.6832359632400865e-55,0.0
0,9,20,7.202829918992236e-49,0.0
0,10,20,5.696028796246291e-43,0.0
0,11,20,1.8215311036510994e-37,0.0
0,12,20,2.3555721208233235e-32,0.0
0,13,20,1.231832388245027e-27,0.0
0,14,20,2.6049670281728442e-23,0.0
0,15,20,2.2276565882983953e-19,0.0
0,16,20,7.703527750626747e-16,0.0
0,17,20,1.0772746990449913e-12,0.0
0,18,20,6.091982789230039e-10,0.0
0,19,20,1.3931127733434312e-7,0.0
0,20,20,1.2882770784058866e-5,0.0
0,21,20,0.00048175661210874126,0.0
0,22,20,0.007285200141027797,0.0
0,23,20,0.044550305806231344,0.0
0,24,20,0.1101679556872422,0.0
0,25,20,0.11016795568724236,0.0
0,26,20,0.044550305806231344,0.0
0,27,20,0.007285200141027797,0.0
0,28,20,0.0004817566121087455,0.0
0,29,20,1.2882770784059003e-5,0.0
0,30,20,1.3931127733434312e-7,0.0
0,31,20,6.091982789230039e-10,0.0
0,32,20,1.0772746990450103e-12,0.0
0,33,20,7.703527750626747e-16,0.0
0,34,20,2.2276565882983953e-19,0.0
0,35,20,2.6049670281728994e-23,0.0
0,36,20,1.2318323882450621e-27,0.0
0,37,20,2.3555721208233235e-32,0.0
0,38,20,1.8215311036510994e-37,0.0
0,39,20,5.6960287962464536e-43,0.0
0,40,20,7.202829918992236e-49,0.0
0,41,20,3.6832359632400865e-55,0.0
0,42,20,7.61642770134999e-62,0.0
0,43,20,6.36895975043091e-69,0.0
0,44,20,2.153679546657333e-76,0.0
0,45,20,2.9450255153843707e-84,0.0
0,46,20,1.6285175341276004e-92,0.0
0,47,20,3.6415914019064005e-101,0.0
0,48,20,3.2929519218434e-110,0.0
0,1,21,1.4668070265209082e-109,0.0
0,2,21,1.6221044165880023e-100,0.0
0,3,21,7.254041415015624e-92,0.0
0,4,21,1.3118272667737376e-83,0.0
0,5,21,9.593314348005752e-76,0.0
0,6,21,2.836978837009771e-68,0.0
0,7,21,3.392648886010462e-61,0.0
0,8,21,1.6406545007163916e-54,0.0
0,9,21,3.208416577821942e-48,0.0
0,10,21,2.537229592141291e-42,0.0
0,11,21,8.113797848485198e-37,0.0
0,12,21,1.0492621272059898e-31,0.0
0,13,21,5.4870536997163086e-27,0.0
0,14,21,1.160352179888586e-22,0.0
0,15,21,9.92283645174677e-19,0.0
0,16,21,3.4314465870770297e-15,0.0
0,17,21,4.798594499879139e-12,0.0
0,18,21,2.713602680140236e-9,0.0
0,19,21,6.205458364336801e-7,0.0
0,20,21,5.738479988659467e-5,0.0
0,21,21,0.0021459286393663477,0.0
0,22,21,0.0324510743250962,0.0
0,23,21,0.19844414112689254,0.0
0,24,21,0.49073030926316163,0.0
0,25,21,0.49073030926316225,0.0
0,26,21,0.19844414112689254,0.0
0,27,21,0.0324510743250962,0.0
0,28,21,0.0021459286393663646,0.0
0,29,21,5.7384799886595285e-5,0.0
0,30,21,6.205458364336801e-7,0.0
0,31,21,2.713602680140236e-9,0.0
0,32,21,4.7985944998792246e-12,0.0
0,33,21,3.4314465870770297e-15,0.0
0,34,21,9.92283645174677e-19,0.0
0,35,21,1.1603521798886108e-22,0.0
0,36,21,5.487053699716465e-27,0.0
0,37,21,1.0492621272059898e-31,0.0
0,38,21,8.113797848485198e-37,0.0
0,39,21,2.537229592141363e-42,0.0
0,40,21,3.208416577821942e-48,0.0
0,41,21,1.6406545007163916e-54,0.0
0,42,21,3.392648886010655e-61,0.0
0,43,21,2.8369788370099323e-68,0.0
0,44,21,9.593314348005752e-76,0.0
0,45,21,1.3118272667737376e-83,0.0
0,46,21,7.254041415016036e-92,0.0
0,47,21,1.6221044165880945e-100,0.0
0,48,21,1.4668070265209082e-109,0.0
0,1,22,2.6421408907975313e-109,0.0
0,2,22,2.921876109617439e-100,0.0
0,3,22,1.3066612785195104e-91,0.0
0,4,22,2.36297781544391e-83,0.0
0,5,22,1.728031544630684e-75,0.0
0,6,22,5.110213992749711e-68,0.0
0,7,22,6.1111354034812174e-61,0.0
0,8,22,2.9552901408547585e-54,0.0
0,9,22,5.779280083681272e-48,0.0
0,10,22,4.5702794802111565e-42,0.0
0,11,22,1.4615281143011484e-36,0.0
0,12,22,1.8900225601125654e-31,0.0
0,13,22,9.88376022741631e-27,0.0
0,14,22,2.0901276628605936e-22,0.0
0,15,22,1.787387943187122e-18,0.0
0,16,22,6.181021210273398e-15,0.0
0,17,22,8.643647403679815e-12,0.0
0,18,22,4.8879780863758135e-9,0.0
0,19,22,1.1177813437016578e-6,0.0
0,20,22,0.0001033665121241109,0.0
0,21,22,0.003865434037530827,0.0
0,22,22,0.05845370854815984,0.0
0,23,22,0.35745491419834174,0.0
0,24,22,0.8839462812863947,0.0
0,25,22,0.8839462812863959,0.0
0,26,22,0.35745491419834174,0.0
0,27,22,0.05845370854815984,0.0
0,28,22,0.003865434037530858,0.0
0,29,22,0.00010336651212411201,0.0
0,30,22,1.1177813437016578e-6,0.0
0,31,22,4.8879780863758135e-9,0.0
0,32,22,8.643647403679969e-12,0.0
0,33,22,6.181021210273398e-15,0.0
0,34,22,1.787387943187122e-18,0.0
0,35,22,2.0901276628606383e-22,0.0
0,36,22,9.883760227416591e-27,0.0
0,37,22,1.8900225601125654e-31,0.0
0,38,22,1.4615281143011484e-36,0.0
0,39,22,4.5702794802112215e-42,0.0
0,40,22,5.779280083681272e-48,0.0
0,41,22,2.9552901408547585e-54,0.0
0,42,22,6.111135403481565e-61,0.0
0,43,22,5.110213992750002e-68,0.0
0,44,22,1.728031544630684e-75,0.0
0,45,22,2.36297781544391e-83,0.0
0,46,22,1.3066612785195845e-91,0.0
0,47,22,2.921876109617605e-100,0.0
0,48,22,2.6421408907975313e-109,0.0
0,1,23,1.9245728816670303e-109,0.0
0,2,23,2.1283359807746934e-100,0.0
0,3,23,9.517905994043856e-92,0.0
0,4,23,1.7212265399713098e-83,0.0
0,5,23,1.258722674875046e-75,0.0
0,6,23,3.722352318234172e-68,0.0
0,7,23,4.4514376635627084e-61,0.0
0,8,23,2.152675234828322e-54,0.0
0,9,23,4.2097095440107753e-48,0.0
0,10,23,3.329056364817341e-42,0.0
0,11,23,1.064597798086737e-36,0.0
0,12,23,1.3767192270483204e-31,0.0
0,13,23,7.199471068646554e-27,0.0
0,14,23,1.5224786207178454e-22,0.0
0,15,23,1.301958717060776e-18,0.0
0,16,23,4.502343475979524e-15,0.0
0,17,23,6.296155307142794e-12,0.0
0,18,23,3.560472533462075e-9,0.0
0,19,23,8.142077771909431e-7,0.0
0,20,23,7.529363282611405e-5,0.0
0,21,23,0.002815636951994265,0.0
0,22,23,0.042578509986535784,0.0
0,23,23,0.26037522702927846,0.0
0,24,23,0.6438790027206716,0.0
0,25,23,0.6438790027206723,0.0
0,26,23,0.26037522702927846,0.0
0,27,23,0.042578509986535784,0.0
0,28,23,0.0028156369519942875,0.0
0,29,23,7.529363282611485e-5,0.0
0,30,23,8.142077771909431e-7,0.0
0,31,23,3.560472533462075e-9,0.0
0,32,23,6.296155307142906e-12,0.0
0,33,23,4.502343475979524e-15,0.0
0,34,23,1.301958717060776e-18,0.0
0,35,23,1.5224786207178778e-22,0.0
0,36,23,7.199471068646758e-27,0.0
0,37,23,1.3767192270483204e-31,0.0
0,38,23,1.064597798086737e-36,0.0
0,39,23,3.329056364817436e-42,0.0
0,40,23,4.2097095440107753e-48,0.0
0,41,23,2.152675234828322e-54,0.0
0,42,23,4.451437663562961e-61,0.0
0,43,23,3.722352318234383e-68,0.0
0,44,23,1.258722674875046e-75,0.0
0,45,23,1.7212265399713098e-83,0.0
0,46,23,9.517905994044397e-92,0.0
0,47,23,2.1283359807748142e-100,0.0
0,48,23,1.9245728816670303e-109,0.0
0,1,24,5.669022106967761e-110,0.0
0,2,24,6.269226715704139e-101,0.0
0,3,24,2.803594501733667e-92,0.0
0,4,24,5.070045098912954e-84,0.0
0,5,24,3.7076936593989556e-76,0.0
0,6,24,1.0964561427111745e-68,0.0
0,7,24,1.3112155306203604e-61,0.0
0,8,24,6.340920425311767e-55,0.0
0,9,24,1.2400120928773662e-48,0.0
0,10,24,9.806068820394038e-43,0.0
0,11,24,3.135879399461984e-37,0.0
0,12,24,4.055264317381494e-32,0.0
0,13,24,2.120676282795756e-27,0.0
0,14,24,4.484613204546009e-23,0.0
0,15,24,3.835049750354856e-19,0.0
0,16,24,1.3262103473255573e-15,0.0
0,17,24,1.8545955814454706e-12,0.0
0,18,24,1.0487728314016618e-9,0.0
0,19,24,2.398330524413495e-7,0.0
0,20,24,2.2178493372276305e-5,0.0
0,21,24,0.0008293740537497715,0.0
0,22,24,0.012541926403241158,0.0
0,23,24,0.07669612994116215,0.0
0,24,24,0.1896610066267845,0.0
0,25,24,0.1896610066267847,0.0
0,26,24,0.07669612994116215,0.0
0,27,24,0.012541926403241158,0.0
0,28,24,0.0008293740537497781,0.0
0,29,24,2.2178493372276542e-5,0.0
0,30,24,2.398330524413495e-7,0.0
0,31,24,1.0487728314016618e-9,0.0
0,32,24,1.8545955814455037e-12,0.0
0,33,24,1.3262103473255573e-15,0.0
0,34,24,3.835049750354856e-19,0.0
0,35,24,4.4846132045461045e-23,0.0
0,36,24,2.1206762827958162e-27,0.0
0,37,24,4.055264317381494e-32,0.0
0,38,24,3.135879399461984e-37,0.0
0,39,24,9.806068820394317e-43,0.0
0,40,24,1.2400120928773662e-48,0.0
0,41,24,6.340920425311767e-55,0.0
0,42,24,1.3112155306203976e-61,0.0
0,43,24,1.0964561427112366e-68,0.0
0,44,24,3.7076936593989556e-76,0.0
0,45,24,5.070045098912954e-84,0.0
0,46,24,2.803594501733826e-92,0.0
0,47,24,6.269226715704317e-101,0.0
0,48,24,5.669022106967761e-110,0.0
0,1,25,6.752698167173214e-111,0.0
0,2,25,7.467636384888107e-102,0.0
0,3,25,3.3395226012763006e-93,0.0
0,4,25,6.039222215209777e-85,0.0
0,5,25,4.416447088377081e-77,0.0
0,6,25,1.3060519513888122e-69,0.0
0,7,25,1.5618642057342152e-62,0.0
0,8,25,7.553034884370201e-56,0.0
0,9,25,1.477049697258016e-49,0.0
0,10,25,1.1680572363488005e-43,0.0
0,11,25,3.735326247395705e-38,0.0
0,12,25,4.830458482377033e-33,0.0
0,13,25,2.526059446902073e-28,0.0
0,14,25,5.341880626924648e-24,0.0
0,15,25,4.568148250543875e-20,0.0
0,16,25,1.5797253940259457e-16,0.0
0,17,25,2.2091154254420402e-13,0.0
0,18,25,1.2492536177769643e-10,0.0
0,19,25,2.856789377585454e-8,0.0
0,20,25,2.641807858917306e-6,0.0
0,21,25,9.879151195712492e-5,0.0
0,22,25,0.0014939409626202357,0.0
0,23,25,0.009135716995112977,0.0
0,24,25,0.02259161293900738,0.0
0,25,25,0.022591612939007407,0.0
0,26,25,0.009135716995112977,0.0
0,27,25,0.0014939409626202357,0.0
0,28,25,9.879151195712563e-5,0.0
0,29,25,2.6418078589173343e-6,0.0
0,30,25,2.856789377585454e-8,0.0
0,31,25,1.2492536177769643e-10,0.0
0,32,25,2.2091154254420795e-13,0.0
0,33,25,1.5797253940259457e-16,0.0
0,34,25,4.568148250543875e-20,0.0
0,35,25,5.3418806269247615e-24,0.0
0,36,25,2.526059446902145e-28,0.0
0,37,25,4.830458482377033e-33,0.0
0,38,25,3.735326247395705e-38,0.0
0,39,25,1.1680572363488338e-43,0.0
0,40,25,1.477049697258016e-49,0.0
0,41,25,7.553034884370201e-56,0.0
0,42,25,1.5618642057343041e-62,0.0
0,43,25,1.3060519513888863e-69,0.0
0,44,25,4.416447088377081e-77,0.0
0,45,25,6.039222215209777e-85,0.0
0,46,25,3.3395226012764905e-93,0.0
0,47,25,7.46763638488853e-102,0.0
0,48,25,6.752698167173214e-111,0.0
0,1,26,3.252684381777282e-112,0.0
0,2,26,3.597060558103815e-103,0.0
0,3,26,1.6086033669577076e-94,0.0
0,4,26,2.9090125593039733e-86,0.0
0,5,26,2.1273434872513839e-78,0.0
0,6,26,6.291077549895296e-71,0.0
0,7,26,7.523290961153123e-64,0.0
0,8,26,3.6381958729980867e-57,0.0
0,9,26,7.11475081876998e-51,0.0
0,10,26,5.626375465977984e-45,0.0
0,11,26,1.7992566889500684e-39,0.0
0,12,26,2.3267672378475475e-34,0.0
0,13,26,1.2167690465305113e-29,0.0
0,14,26,2.5731124439981736e-25,0.0
0,15,26,2.200415907884093e-21,0.0
0,16,26,7.609325916008321e-18,0.0
0,17,26,1.0641013508955401e-14,0.0
0,18,26,6.0174875743380926e-12,0.0
0,19,26,1.3760772302354641e-9,0.0
0,20,26,1.272523508325894e-7,0.0
0,21,26,4.758654985606023e-6,0.0
0,22,26,7.19611378461258e-5,0.0
0,23,26,0.0004400552675491745,0.0
0,24,26,0.0010882077763092243,0.0
0,25,26,0.0010882077763092262,0.0
0,26,26,0.0004400552675491745,0.0
0,27,26,7.19611378461258e-5,0.0
0,28,26,4.758654985606065e-6,0.0
0,29,26,1.272523508325912e-7,0.0
0,30,26,1.3760772302354641e-9,0.0
0,31,26,6.0174875743380926e-12,0.0
0,32,26,1.0641013508955553e-14,0.0
0,33,26,7.609325916008321e-18,0.0
0,34,26,2.200415907884093e-21,0.0
0,35,26,2.573112443998228e-25,0.0
0,36,26,1.2167690465305458e-29,0.0
0,37,26,2.3267672378475475e-34,0.0
0,38,26,1.7992566889500684e-39,0.0
0,39,26,5.626375465978144e-45,0.0
0,40,26,7.11475081876998e-51,0.0
0,41,26,3.6381958729980867e-57,0.0
0,42,26,7.52329096115355e-64,0.0
0,43,26,6.291077549895654e-71,0.0
0,44,26,2.1273434872513839e-78,0.0
0,45,26,2.9090125593039733e-86,0.0
0,46,26,1.608603366957799e-94,0.0
0,47,26,3.5970605581040195e-103,0.0
0,48,26,3.252684381777282e-112,0.0
0,1,27,6.3358065656507675e-114,0.0
0,2,27,7.006606613527072e-105,0.0
0,3,27,3.133350358552073e-96,0.0
0,4,27,5.666378507566081e-88,0.0
0,5,27,4.1437887147713475e-80,0.0
0,6,27,1.22542016892108e-72,0.0
0,7,27,1.4654393317106496e-65,0.0
0,8,27,7.086732862371671e-59,0.0
0,9,27,1.3858610199954311e-52,0.0
0,10,27,1.0959448392186508e-46,0.0
0,11,27,3.5047182588652226e-41,0.0
0,12,27,4.532240270493233e-36,0.0
0,13,27,2.3701080120402176e-31,0.0
0,14,27,5.012088725292552e-27,0.0
0,15,27,4.286124296116514e-23,0.0
0,16,27,1.482197823093999e-19,0.0
0,17,27,2.0727311765299192e-16,0.0
0,18,27,1.172128396342612e-13,0.0
0,19,27,2.6804196555352105e-11,0.0
0,20,27,2.478710459632939e-9,0.0
0,21,27,9.269241636348041e-8,0.0
0,22,27,1.4017094686206635e-6,0.0
0,23,27,8.571704863242185e-6,0.0
0,24,27,2.1196873611711538e-5,0.0
0,25,27,2.1196873611711538e-5,0.0
0,26,27,8.571704863242185e-6,0.0
0,27,27,1.4017094686206635e-6,0.0
0,28,27,9.269241636348108e-8,0.0
0,29,27,2.478710459632965e-9,0.0
0,30,27,2.6804196555352105e-11,0.0
0,31,27,1.172128396342612e-13,0.0
0,32,27,2.0727311765299486e-16,0.0
0,33,27,1.482197823093999e-19,0.0
0,34,27,4.286124296116514e-23,0.0
0,35,27,5.012088725292658e-27,0.0
0,36,27,2.370108012040285e-31,0.0
0,37,27,4.532240270493233e-36,0.0
0,38,27,3.5047182588652226e-41,0.0
0,39,27,1.0959448392186819e-46,0.0
0,40,27,1.3858610199954311e-52,0.0
0,41,27,7.086732862371671e-59,0.0
0,42,27,1.4654393317107329e-65,0.0
0,43,27,1.2254201689211497e-72,0.0
0,44,27,4.1437887147713475e-80,0.0
0,45,27,5.666378507566081e-88,0.0
0,46,27,3.1333503585522515e-96,0.0
0,47,27,7.00660661352747e-105,0.0
0,48,27,6.3358065656507675e-114,0.0
0,1,28,4.990652073406966e-116,0.0
0,2,28,5.519034626612724e-107,0.0
0,3,28,2.4681090405120662e-98,0.0
0,4,28,4.463350222970188e-90,0.0
0,5,28,3.2640213249644706e-82,0.0
0,6,28,9.652513288483814e-75,0.0
0,7,28,1.1543120459049071e-67,0.0
0,8,28,5.582149279149401e-61,0.0
0,9,28,1.0916289980175074e-54,0.0
0,10,28,8.632648941397031e-49,0.0
0,11,28,2.760631857061193e-43,0.0
0,12,28,3.5700007676594907e-38,0.0
0,13,28,1.8669106043441923e-33,0.0
0,14,28,3.9479726424399703e-29,0.0
0,15,28,3.3761376525068792e-25,0.0
0,16,28,1.1675125435688831e-21,0.0
0,17,28,1.632669816633163e-18,0.0
0,18,28,9.232739274617645e-16,0.0
0,19,28,2.111340012180998e-13,0.0
0,20,28,1.9524556765681463e-11,0.0
0,21,28,7.301289821905849e-10,0.0
0,22,28,1.104112664015232e-8,0.0
0,23,28,6.751847015073447e-8,0.0
0,24,28,1.669656738157811e-7,0.0
0,25,28,1.669656738157811e-7,0.0
0,26,28,6.751847015073447e-8,0.0
0,27,28,1.104112664015232e-8,0.0
0,28,28,7.301289821905928e-10,0.0
0,29,28,1.952455676568174e-11,0.0
0,30,28,2.111340012180998e-13,0.0
0,31,28,9.232739274617645e-16,0.0
0,32,28,1.6326698166331978e-18,0.0
0,33,28,1.1675125435688831e-21,0.0
0,34,28,3.3761376525068792e-25,0.0
0,35,28,3.9479726424400264e-29,0.0
0,36,28,1.8669106043442453e-33,0.0
0,37,28,3.5700007676594907e-38,0.0
0,38,28,2.760631857061193e-43,0.0
0,39,28,8.632648941397277e-49,0.0
0,40,28,1.0916289980175074e-54,0.0
0,41,28,5.582149279149401e-61,0.0
0,42,28,1.1543120459049727e-67,0.0
0,43,28,9.652513288484364e-75,0.0
0,44,28,3.2640213249644706e-82,0.0
0,45,28,4.463350222970188e-90,0.0
0,46,28,2.4681090405122065e-98,0.0
0,47,28,5.519034626613039e-107,0.0
0,48,28,4.990652073406966e-116,0.0
0,1,29,1.5896740209125108e-118,0.0
0,2,29,1.7579798866749993e-109,0.0
0,3,29,7.861675718465114e-101,0.0
0,4,29,1.4217123917527757e-92,0.0
0,5,29,1.0396897695290485e-84,0.0
0,6,29,3.074618183258669e-77,0.0
0,7,29,3.676833897476165e-70,0.0
0,8,29,1.7780838173839423e-63,0.0
0,9,29,3.477169382073307e-57,0.0
0,10,29,2.749760462549701e-51,0.0
0,11,29,8.793449593206144e-46,0.0
0,12,29,1.1371535004866663e-40,0.0
0,13,29,5.9466763930627134e-36,0.0
0,14,29,1.2575490041475569e-31,0.0
0,15,29,1.075402219644338e-27,0.0
0,16,29,3.71888148542849e-24,0.0
0,17,29,5.200548453496566e-21,0.0
0,18,29,2.9409074306993288e-18,0.0
0,19,29,6.725258177306271e-16,0.0
0,20,29,6.219163388612141e-14,0.0
0,21,29,2.325682211124881e-12,0.0
0,22,29,3.516933643797819e-11,0.0
0,23,29,2.1506680159553087e-10,0.0
0,24,29,5.318363014392445e-10,0.0
0,25,29,5.318363014392445e-10,0.0
0,26,29,2.1506680159553087e-10,0.0
0,27,29,3.516933643797819e-11,0.0
0,28,29,2.325682211124906e-12,0.0
0,29,29,6.219163388612229e-14,0.0
0,30,29,6.725258177306271e-16,0.0
0,31,29,2.9409074306993288e-18,0.0
0,32,29,5.2005484534966764e-21,0.0
0,33,29,3.71888148542849e-24,0.0
0,34,29,1.075402219644338e-27,0.0
0,35,29,1.2575490041475746e-31,0.0
0,36,29,5.9466763930628824e-36,0.0
0,37,29,1.1371535004866663e-40,0.0
0,38,29,8.793449593206144e-46,0.0
0,39,29,2.749760462549779e-51,0.0
0,40,29,3.477169382073307e-57,0.0
0,41,29,1.7780838173839423e-63,0.0
0,42,29,3.676833897476374e-70,0.0
0,43,29,3.074618183258844e-77,0.0
0,44,29,1.0396897695290485e-84,0.0
0,45,29,1.4217123917527757e-92,0.0
0,46,29,7.861675718465561e-101,0.0
0,47,29,1.7579798866750993e-109,0.0
0,48,29,1.5896740209125108e-118,0.0
0,1,30,2.0476430840171384e-121,0.0
0,2,30,2.264436173351551e-112,0.0
0,3,30,1.0126545255146355e-103,0.0
0,4,30,1.831293402381353e-95,0.0
0,5,30,1.3392139130999586e-87,0.0
0,6,30,3.960384692787039e-80,0.0
0,7,30,4.736092684540155e-73,0.0
0,8,30,2.2903318438702772e-66,0.0
0,9,30,4.4789068346677164e-60,0.0
0,10,30,3.541938736981966e-54,0.0
0,11,30,1.1326753791854205e-48,0.0
0,12,30,1.464755962609803e-43,0.0
0,13,30,7.659853925368824e-39,0.0
0,14,30,1.6198361974094157e-34,0.0
0,15,30,1.3852147601477836e-30,0.0
0,16,30,4.790253758783918e-27,0.0
0,17,30,6.698774046635056e-24,0.0
0,18,30,3.7881532200856975e-21,0.0
0,19,30,8.662737274329133e-19,0.0
0,20,30,8.01084167794021e-17,0.0
0,21,30,2.995687815605232e-15,0.0
0,22,30,4.530126779411238e-14,0.0
0,23,30,2.7702537947748866e-13,0.0
0,24,30,6.850529795072396e-13,0.0
0,25,30,6.850529795072396e-13,0.0
0,26,30,2.7702537947748866e-13,0.0
0,27,30,4.530126779411238e-14,0.0
0,28,30,2.995687815605253e-15,0.0
0,29,30,8.010841677940323e-17,0.0
0,30,30,8.662737274329133e-19,0.0
0,31,30,3.7881532200856975e-21,0.0
0,32,30,6.698774046635152e-24,0.0
0,33,30,4.790253758783918e-27,0.0
0,34,30,1.3852147601477836e-30,0.0
0,35,30,1.6198361974094616e-34,0.0
0,36,30,7.659853925369042e-39,0.0
0,37,30,1.464755962609803e-43,0.0
0,38,30,1.1326753791854205e-48,0.0
0,39,30,3.541938736982067e-54,0.0
0,40,30,4.4789068346677164e-60,0.0
0,41,30,2.2903318438702772e-66,0.0
0,42,30,4.736092684540425e-73,0.0
0,43,30,3.9603846927872636e-80,0.0
0,44,30,1.3392139130999586e-87,0.0
0,45,30,1.831293402381353e-95,0.0
0,46,30,1.0126545255146931e-103,0.0
0,47,30,2.2644361733516798e-112,0.0
0,48,30,2.0476430840171384e-121,0.0
0,1,31,1.0665859040633573e-124,0.0
0,2,31,1.1795101021266257e-115,0.0
0,3,31,5.274762242651017e-107,0.0
0,4,31,9.538926702754828e-99,0.0
0,5,31,6.975760050114631e-91,0.0
0,6,31,2.0629036969217392e-83,0.0
0,7,31,2.4669581027559485e-76,0.0
0,8,31,1.1929987600705465e-69,0.0
0,9,31,2.3329939347133648e-63,0.0
0,10,31,1.84494161087371e-57,0.0
0,11,31,5.8999324772397375e-52,0.0
0,12,31,7.62968934775226e-47,0.0
0,13,31,3.989900528931486e-42,0.0
0,14,31,8.437478526087027e-38,0.0
0,15,31,7.215371413145195e-34,0.0
0,16,31,2.4951697763567977e-30,0.0
0,17,31,3.489288747836661e-27,0.0
0,18,31,1.9731909620934168e-24,0.0
0,19,31,4.512287097064494e-22,0.0
0,20,31,4.17272467065506e-20,0.0
0,21,31,1.560407876762664e-18,0.0
0,22,31,2.359673619027856e-17,0.0
0,23,31,1.4429827498981567e-16,0.0
0,24,31,3.568335991668975e-16,0.0
0,25,31,3.5683359916690004e-16,0.0
0,26,31,1.4429827498981567e-16,0.0
0,27,31,2.359673619027856e-17,0.0
0,28,31,1.560407876762675e-18,0.0
0,29,31,4.1727246706550894e-20,0.0
0,30,31,4.512287097064494e-22,0.0
0,31,31,1.9731909620934168e-24,0.0
0,32,31,3.489288747836735e-27,0.0
0,33,31,2.4951697763567977e-30,0.0
0,34,31,7.215371413145195e-34,0.0
0,35,31,8.437478526087267e-38,0.0
0,36,31,3.9899005289316e-42,0.0
0,37,31,7.62968934775226e-47,0.0
0,38,31,5.8999324772397375e-52,0.0
0,39,31,1.8449416108737623e-57,0.0
0,40,31,2.3329939347133648e-63,0.0
0,41,31,1.1929987600705465e-69,0.0
0,42,31,2.4669581027560887e-76,0.0
0,43,31,2.0629036969218562e-83,0.0
0,44,31,6.975760050114631e-91,0.0
0,45,31,9.538926702754828e-99,0.0
0,46,31,5.2747622426513165e-107,0.0
0,47,31,1.1795101021266927e-115,0.0
0,48,31,1.0665859040633573e-124,0.0
0,1,32,2.2466365476653867e-128,0.0
0,2,32,2.484497960907609e-119,0.0
0,3,32,1.1110660275406443e-110,0.0
0,4,32,2.009261633241804e-102,0.0
0,5,32,1.4693610159881004e-94,0.0
0,6,32,4.345261663558403e-87,0.0
0,7,32,5.196354287166305e-80,0.0
0,8,32,2.51291021706093e-73,0.0
0,9,32,4.9141746757017166e-67,0.0
0,10,32,3.886150412739106e-61,0.0
0,11,32,1.2427507134331667e-55,0.0
0,12,32,1.607103456992157e-50,0.0
0,13,32,8.404251655396398e-46,0.0
0,14,32,1.7772546547477126e-41,0.0
0,15,32,1.5198323041768474e-37,0.0
0,16,32,5.25577882741291e-34,0.0
0,17,32,7.349772387186604e-31,0.0
0,18,32,4.156292441212249e-28,0.0
0,19,32,9.504596926701661e-26,0.0
0,20,32,8.7893489991986e-24,0.0
0,21,32,3.28681389079344e-22,0.0
0,22,32,4.970372262443519e-21,0.0
0,23,32,3.039471805525854e-20,0.0
0,24,32,7.516276019298546e-20,0.0
0,25,32,7.5162760192986e-20,0.0
0,26,32,3.039471805525854e-20,0.0
0,27,32,4.970372262443519e-21,0.0
0,28,32,3.2868138907934635e-22,0.0
0,29,32,8.789348999198662e-24,0.0
0,30,32,9.504596926701661e-26,0.0
0,31,32,4.156292441212249e-28,0.0
0,32,32,7.349772387186812e-31,0.0
0,33,32,5.25577882741291e-34,0.0
0,34,32,1.5198323041768474e-37,0.0
0,35,32,1.777254654747738e-41,0.0
0,36,32,8.404251655396636e-46,0.0
0,37,32,1.607103456992157e-50,0.0
0,38,32,1.2427507134331667e-55,0.0
0,39,32,3.886150412739216e-61,0.0
0,40,32,4.9141746757017166e-67,0.0
0,41,32,2.51291021706093e-73,0.0
0,42,32,5.1963542871666e-80,0.0
0,43,32,4.3452616635586495e-87,0.0
0,44,32,1.4693610159881004e-94,0.0
0,45,32,2.009261633241804e-102,0.0
0,46,32,1.1110660275407076e-110,0.0
0,47,32,2.48449796090775e-119,0.0
0,48,32,2.2466365476653867e-128,0.0
0,1,33,1.9136618468203122e-132,0.0
0,2,33,2.1162697460932993e-123,0.0
0,3,33,9.463945863482646e-115,0.0
0,4,33,1.7114683422248803e-106,0.0
0,5,33,1.2515865632220438e-98,0.0
0,6,33,3.701249082164029e-91,0.0
0,7,33,4.426201003559968e-84,0.0
0,8,33,2.140471012933366e-77,0.0
0,9,33,4.18584331999463e-71,0.0
0,10,33,3.310182852492021e-65,0.0
0,11,33,1.0585622440251729e-59,0.0
0,12,33,1.3689141542430444e-54,0.0
0,13,33,7.158654906028748e-50,0.0
0,14,33,1.513847190106786e-45,0.0
0,15,33,1.294577486104984e-41,0.0
0,16,33,4.476818214231216e-38,0.0
0,17,33,6.26046033782732e-35,0.0
0,18,33,3.540287046981712e-32,0.0
0,19,33,8.095917662754695e-30,0.0
0,20,33,7.486676852841601e-28,0.0
0,21,33,2.7996741827005983e-26,0.0
0,22,33,4.233711844942668e-25,0.0
0,23,33,2.588990744749116e-24,0.0
0,24,33,6.402286414884838e-24,0.0
0,25,33,6.4022864148848825e-24,0.0
0,26,33,2.588990744749116e-24,0.0
0,27,33,4.233711844942668e-25,0.0
0,28,33,2.7996741827006184e-26,0.0
0,29,33,7.486676852841654e-28,0.0
0,30,33,8.095917662754695e-30,0.0
0,31,33,3.540287046981712e-32,0.0
0,32,33,6.260460337827409e-35,0.0
0,33,33,4.476818214231216e-38,0.0
0,34,33,1.294577486104984e-41,0.0
0,35,33,1.5138471901068074e-45,0.0
0,36,33,7.158654906028951e-50,0.0
0,37,33,1.3689141542430444e-54,0.0
0,38,33,1.0585622440251729e-59,0.0
0,39,33,3.310182852492021e-65,0.0
0,40,33,4.18584331999463e-71,0.0
0,41,33,2.140471012933366e-77,0.0
0,42,33,4.426201003560219e-84,0.0
0,43,33,3.701249082164239e-91,0.0
0,44,33,1.2515865632220438e-98,0.0
0,45,33,1.7114683422248803e-106,0.0
0,46,33,9.463945863483723e-115,0.0
0,47,33,2.1162697460932993e-123,0.0
0,48,33,1.9136618468203122e-132,0.0
0,1,34,6.591632341968622e-137,0.0
0,2,34,7.289517803710572e-128,0.0
0,3,34,3.259868076485195e-119,0.0
0,4,34,5.895174267914552e-111,0.0
0,5,34,4.311105685999846e-103,0.0
0,6,34,1.2748999096268039e-95,0.0
0,7,34,1.5246105123326015e-88,0.0
0,8,34,7.372879372257626e-82,0.0
0,9,34,1.4418190053972204e-75,0.0
0,10,34,1.1401966541043315e-69,0.0
0,11,34,3.6462309865755456e-64,0.0
0,12,34,4.715242051504659e-59,0.0
0,13,34,2.4658077017095313e-54,0.0
0,14,34,5.214465719576699e-50,0.0
0,15,34,4.459188461521097e-46,0.0
0,16,34,1.5420456743218954e-42,0.0
0,17,34,2.1564234510398213e-39,0.0
0,18,34,1.2194563338090518e-36,0.0
0,19,34,2.7886490391392796e-34,0.0
0,20,34,2.5787952745704576e-32,0.0
0,21,34,9.64351299594941e-31,0.0
0,22,34,1.458307379126033e-29,0.0
0,23,34,8.917811239484092e-29,0.0
0,24,34,2.2052756219717196e-28,0.0
0,25,34,2.2052756219717196e-28,0.0
0,26,34,8.917811239484092e-29,0.0
0,27,34,1.458307379126033e-29,0.0
0,28,34,9.643512995949547e-31,0.0
0,29,34,2.5787952745704943e-32,0.0
0,30,34,2.7886490391392796e-34,0.0
0,31,34,1.2194563338090518e-36,0.0
0,32,34,2.156423451039852e-39,0.0
0,33,34,1.5420456743218954e-42,0.0
0,34,34,4.459188461521097e-46,0.0
0,35,34,5.214465719576848e-50,0.0
0,36,34,2.4658077017096014e-54,0.0
0,37,34,4.715242051504659e-59,0.0
0,38,34,3.6462309865755456e-64,0.0
0,39,34,1.140196654104364e-69,0.0
0,40,34,1.4418190053972204e-75,0.0
0,41,34,7.372879372257626e-82,0.0
0,42,34,1.5246105123326883e-88,0.0
0,43,34,1.2748999096268764e-95,0.0
0,44,34,4.311105685999846e-103,0.0
0,45,34,5.895174267914552e-111,0.0
0,46,34,3.259868076485381e-119,0.0
0,47,34,7.289517803710986e-128,0.0
0,48,34,6.591632341968622e-137,0.0
0,1,35,9.181553147809035e-142,0.0
0,2,35,1.0153645055494144e-132,0.0
0,3,35,4.540704099730765e-124,0.0
0,4,35,8.211449463257973e-116,0.0
0,5,35,6.004983883856228e-108,0.0
0,6,35,1.775821324840282e-100,0.0
0,7,35,2.1236458167672454e-93,0.0
0,8,35,1.0269760250091714e-86,0.0
0,9,35,2.0083246669096465e-80,0.0
0,10,35,1.5881917612362017e-74,0.0
0,11,35,5.078873009842545e-69,0.0
0,12,35,6.567909624604937e-64,0.0
0,13,35,3.434649156836938e-59,0.0
0,14,35,7.263283456646952e-55,0.0
0,15,35,6.21124991982235e-51,0.0
0,16,35,2.147931434978431e-47,0.0
0,17,35,3.0037046209088007e-44,0.0
0,18,35,1.698593392263713e-41,0.0
0,19,35,3.88433820867448e-39,0.0
0,20,35,3.5920307205293988e-37,0.0
0,21,35,1.343254940663897e-35,0.0
0,22,35,2.0312914939197527e-34,0.0
0,23,35,1.2421711893141601e-33,0.0
0,24,35,3.0717513171635702e-33,0.0
0,25,35,3.0717513171635702e-33,0.0
0,26,35,1.2421711893141601e-33,0.0
0,27,35,2.0312914939197527e-34,0.0
0,28,35,1.3432549406639161e-35,0.0
0,29,35,3.59203072052945e-37,0.0
0,30,35,3.88433820867448e-39,0.0
0,31,35,1.698593392263713e-41,0.0
0,32,35,3.003704620908843e-44,0.0
0,33,35,2.147931434978431e-47,0.0
0,34,35,6.21124991982235e-51,0.0
0,35,35,7.26328345664716e-55,0.0
0,36,35,3.4346491568371336e-59,0.0
0,37,35,6.567909624604937e-64,0.0
0,38,35,5.078873009842545e-69,0.0
0,39,35,1.5881917612362469e-74,0.0
0,40,35,2.0083246669096465e-80,0.0
0,41,35,1.0269760250091714e-86,0.0
0,42,35,2.1236458167673663e-93,0.0
0,43,35,1.775821324840383e-100,0.0
0,44,35,6.004983883856228e-108,0.0
0,45,35,8.211449463257973e-116,0.0
0,46,35,4.540704099731023e-124,0.0
0,47,35,1.0153645055494721e-132,0.0
0,48,35,9.181553147809035e-142,0.0
0,1,36,5.171716714106987e-147,0.0
0,2,36,5.719269386916584e-138,0.0
0,3,36,2.557653907606628e-129,0.0
0,4,36,4.62528395278199e-121,0.0
0,5,36,3.3824424931302653e-113,0.0
0,6,36,1.000271378828339e-105,0.0
0,7,36,1.1961913620289814e-98,0.0
0,8,36,5.7846738868951474e-92,0.0
0,9,36,1.1312341256434109e-85,0.0
0,10,36,8.945847989512008e-80,0.0
0,11,36,2.8607896737054977e-74,0.0
0,12,36,3.69952310197322e-69,0.0
0,13,36,1.9346435363985025e-64,0.0
0,14,36,4.091208082915969e-60,0.0
0,15,36,3.498626486032776e-56,0.0
0,16,36,1.2098707837556717e-52,0.0
0,17,36,1.691904315328369e-49,0.0
0,18,36,9.56771005495792e-47,0.0
0,19,36,2.1879410284566586e-44,0.0
0,20,36,2.023292248695543e-42,0.0
0,21,36,7.56618615184533e-41,0.0
0,22,36,1.1441707085075548e-39,0.0
0,23,36,6.99680914344144e-39,0.0
0,24,36,1.7302331504061836e-38,0.0
0,25,36,1.7302331504061836e-38,0.0
0,26,36,6.99680914344144e-39,0.0
0,27,36,1.1441707085075548e-39,0.0
0,28,36,7.566186151845437e-41,0.0
0,29,36,2.0232922486955716e-42,0.0
0,30,36,2.1879410284566586e-44,0.0
0,31,36,9.56771005495792e-47,0.0
0,32,36,1.6919043153283929e-49,0.0
0,33,36,1.2098707837556717e-52,0.0
0,34,36,3.498626486032776e-56,0.0
0,35,36,4.091208082916085e-60,0.0
0,36,36,1.9346435363985025e-64,0.0
0,37,36,3.69952310197322e-69,0.0
0,38,36,2.8607896737054977e-74,0.0
0,39,36,8.945847989512263e-80,0.0
0,40,36,1.1312341256434109e-85,0.0
0,41,36,5.7846738868951474e-92,0.0
0,42,36,1.1961913620290494e-98,0.0
0,43,36,1.000271378828396e-105,0.0
0,44,36,3.3824424931302653e-113,0.0
0,45,36,4.62528395278199e-121,0.0
0,46,36,2.5576539076067735e-129,0.0
0,47,36,5.71926938691691e-138,0.0
0,48,36,5.171716714106987e-147,0.0
0,1,37,1.1780092545371683e-152,0.0
0,2,37,1.3027303387675644e-143,0.0
0,3,37,5.825802416527338e-135,0.0
0,4,37,1.0535432627964945e-126,0.0
0,5,37,7.704498873610959e-119,0.0
0,6,37,2.278409677959005e-111,0.0
0,7,37,2.724674556949002e-104,0.0
0,8,37,1.3176281203984383e-97,0.0
0,9,37,2.5767155138664706e-91,0.0
0,10,37,2.0376776811039118e-85,0.0
0,11,37,6.516282498066523e-80,0.0
0,12,37,8.426742399889984e-75,0.0
0,13,37,4.406714667667971e-70,0.0
0,14,37,9.318919133304597e-66,0.0
0,15,37,7.969141788979333e-62,0.0
0,16,37,2.755833427942153e-58,0.0
0,17,37,3.85380532505111e-55,0.0
0,18,37,2.17932489587543e-52,0.0
0,19,37,4.983673550550398e-50,0.0
0,20,37,4.608637953999298e-48,0.0
0,21,37,1.7234194758023492e-46,0.0
0,22,37,2.606182352787561e-45,0.0
0,23,37,1.5937272628876764e-44,0.0
0,24,37,3.9411104210826873e-44,0.0
0,25,37,3.9411104210826873e-44,0.0
0,26,37,1.5937272628876764e-44,0.0
0,27,37,2.606182352787561e-45,0.0
0,28,37,1.7234194758023737e-46,0.0
0,29,37,4.608637953999364e-48,0.0
0,30,37,4.983673550550398e-50,0.0
0,31,37,2.17932489587543e-52,0.0
0,32,37,3.8538053250512194e-55,0.0
0,33,37,2.755833427942153e-58,0.0
0,34,37,7.969141788979333e-62,0.0
0,35,37,9.318919133304862e-66,0.0
0,36,37,4.406714667668096e-70,0.0
0,37,37,8.426742399889984e-75,0.0
0,38,37,6.516282498066523e-80,0.0
0,39,37,2.0376776811039118e-85,0.0
0,40,37,2.5767155138664706e-91,0.0
0,41,37,1.3176281203984383e-97,0.0
0,42,37,2.724674556949157e-104,0.0
0,43,37,2.2784096779591345e-111,0.0
0,44,37,7.704498873610959e-119,0.0
0,45,37,1.0535432627964945e-126,0.0
0,46,37,5.825802416527338e-135,0.0
0,47,37,1.3027303387677126e-143,0.0
0,48,37,1.1780092545371683e-152,0.0
0,1,38,1.0850707977991763e-158,0.0
0,2,38,1.199952073856235e-149,0.0
0,3,38,5.366178620052494e-141,0.0
0,4,38,9.704244888361957e-133,0.0
0,5,38,7.096656250562697e-125,0.0
0,6,38,2.0986556747787746e-117,0.0
0,7,38,2.5097127071495392e-110,0.0
0,8,38,1.2136745023833362e-103,0.0
0,9,38,2.373426819495594e-97,0.0
0,10,38,1.8769161095951074e-91,0.0
0,11,38,6.002183617513306e-86,0.0
0,12,38,7.76191873152047e-81,0.0
0,13,38,4.0590490963489706e-76,0.0
0,14,38,8.583707623395234e-72,0.0
0,15,38,7.3404202941851594e-68,0.0
0,16,38,2.5384133144469132e-64,0.0
0,17,38,3.5497612624944304e-61,0.0
0,18,38,2.0073881375068167e-58,0.0
0,19,38,4.590489093900264e-56,0.0
0,20,38,4.245041745005919e-54,0.0
0,21,38,1.5874511497672538e-52,0.0
0,22,38,2.4005688867532988e-51,0.0
0,23,38,1.467990939761557e-50,0.0
0,24,38,3.6301784662116267e-50,0.0
0,25,38,3.6301784662116267e-50,0.0
0,26,38,1.467990939761557e-50,0.0
0,27,38,2.4005688867532988e-51,0.0
0,28,38,1.5874511497672762e-52,0.0
0,29,38,4.245041745005979e-54,0.0
0,30,38,4.590489093900264e-56,0.0
0,31,38,2.0073881375068167e-58,0.0
0,32,38,3.549761262494531e-61,0.0
0,33,38,2.5384133144469132e-64,0.0
0,34,38,7.3404202941851594e-68,0.0
0,35,38,8.583707623395234e-72,0.0
0,36,38,4.059049096349086e-76,0.0
0,37,38,7.76191873152047e-81,0.0
0,38,38,6.002183617513306e-86,0.0
0,39,38,1.8769161095952142e-91,0.0
0,40,38,2.373426819495594e-97,0.0
0,41,38,1.2136745023833362e-103,0.0
0,42,38,2.5097127071498246e-110,0.0
0,43,38,2.098655674779013e-117,0.0
0,44,38,7.096656250562697e-125,0.0
0,45,38,9.704244888361957e-133,0.0
0,46,38,5.366178620052799e-141,0.0
0,47,38,1.1999520738563032e-149,0.0
0,48,38,1.0850707977991763e-158,0.0
0,1,39,4.0416885851464165e-165,0.0
0,2,39,4.469600149100494e-156,0.0
0,3,39,1.9988025591061004e-147,0.0
0,4,39,3.614652230279361e-139,0.0
0,5,39,2.6433735585533413e-131,0.0
0,6,39,7.817105300511445e-124,0.0
0,7,39,9.348216928385936e-117,0.0
0,8,39,4.520713664320725e-110,0.0
0,9,39,8.840577134222512e-104,0.0
0,10,39,6.99116631911439e-98,0.0
0,11,39,2.235702689820814e-92,0.0
0,12,39,2.891171562229019e-87,0.0
0,13,39,1.5119209209701055e-82,0.0
0,14,39,3.197272766908586e-78,0.0
0,15,39,2.7341711686794583e-74,0.0
0,16,39,9.455121396864449e-71,0.0
0,17,39,1.3222205964549424e-67,0.0
0,18,39,7.477150558079479e-65,0.0
0,19,39,1.7098725178750876e-62,0.0
0,20,39,1.581199752040176e-60,0.0
0,21,39,5.912962734326208e-59,0.0
0,22,39,8.941676328519429e-58,0.0
0,23,39,5.467995485978187e-57,0.0
0,24,39,1.3521745215787803e-56,0.0
0,25,39,1.3521745215787803e-56,0.0
0,26,39,5.467995485978187e-57,0.0
0,27,39,8.941676328519429e-58,0.0
0,28,39,5.912962734326208e-59,0.0
0,29,39,1.581199752040176e-60,0.0
0,30,39,1.7098725178750876e-62,0.0
0,31,39,7.477150558079479e-65,0.0
0,32,39,1.32222059645498e-67,0.0
0,33,39,9.455121396864449e-71,0.0
0,34,39,2.7341711686794583e-74,0.0
0,35,39,3.197272766908677e-78,0.0
0,36,39,1.5119209209701055e-82,0.0
0,37,39,2.891171562229019e-87,0.0
0,38,39,2.235702689820814e-92,0.0
0,39,39,6.99116631911439e-98,0.0
0,40,39,8.840577134222512e-104,0.0
0,41,39,4.520713664320725e-110,0.0
0,42,39,9.348216928386467e-117,0.0
0,43,39,7.817105300511888e-124,0.0
0,44,39,2.6433735585533413e-131,0.0
0,45,39,3.614652230279361e-139,0.0
0,46,39,1.9988025591063274e-147,0.0
0,47,39,4.469600149100494e-156,0.0
0,48,39,4.0416885851464165e-165,0.0
0,1,40,6.087837043001422e-172,0.0
0,2,40,6.732383453563726e-163,0.0
0,3,40,3.010717922625733e-154,0.0
0,4,40,5.44460892556996e-146,0.0
0,5,40,3.981609945752054e-138,0.0
0,6,40,1.177459920895158e-130,0.0
0,7,40,1.4080852619815576e-123,0.0
0,8,40,6.809373737401847e-117,0.0
0,9,40,1.3316214702196902e-110,0.0
0,10,40,1.0530519705971908e-104,0.0
0,11,40,3.3675513007729674e-99,0.0
0,12,40,4.354858362639409e-94,0.0
0,13,40,2.2773472015130356e-89,0.0
0,14,40,4.8159266051568036e-85,0.0
0,15,40,4.1183748257511587e-81,0.0
0,16,40,1.4241878629008686e-77,0.0
0,17,40,1.991609040760868e-74,0.0
0,18,40,1.1262538709900305e-71,0.0
0,19,40,2.5755139303372814e-69,0.0
0,20,40,2.3816991883618496e-67,0.0
0,21,40,8.906463922086908e-66,0.0
0,22,40,1.3468496454512457e-64,0.0
0,23,40,8.236227202867412e-64,0.0
0,24,40,2.0367274636948753e-63,0.0
0,25,40,2.0367274636948753e-63,0.0
0,26,40,8.236227202867412e-64,0.0
0,27,40,1.3468496454512457e-64,0.0
0,28,40,8.906463922086908e-66,0.0
0,29,40,2.3816991883618496e-67,0.0
0,30,40,2.5755139303372814e-69,0.0
0,31,40,1.1262538709900305e-71,0.0
0,32,40,1.9916090407609245e-74,0.0
0,33,40,1.4241878629008686e-77,0.0
0,34,40,4.1183748257511587e-81,0.0
0,35,40,4.8159266051568036e-85,0.0
0,36,40,2.2773472015131005e-89,0.0
0,37,40,4.354858362639409e-94,0.0
0,38,40,3.3675513007729674e-99,0.0
0,39,40,1.0530519705972508e-104,0.0
0,40,40,1.3316214702196902e-110,0.0
0,41,40,6.809373737401847e-117,0.0
0,42,40,1.4080852619817178e-123,0.0
0,43,40,1.177459920895292e-130,0.0
0,44,40,3.981609945752054e-138,0.0
0,45,40,5.44460892556996e-146,0.0
0,46,40,3.010717922625904e-154,0.0
0,47,40,6.732383453564108e-163,0.0
0,48,40,6.087837043001422e-172,0.0
0,1,41,3.708161059095279e-179,0.0
0,2,41,4.100760579013932e-170,0.0
0,3,41,1.8338577201956104e-161,0.0
0,4,41,3.316364524410348e-153,0.0
0,5,41,2.4252375431626587e-145,0.0
0,6,41,7.172023489571682e-138,0.0
0,7,41,8.576784988633222e-131,0.0
0,8,41,4.147656113575818e-124,0.0
0,9,41,8.111036557721976e-118,0.0
0,10,41,6.414242501877113e-112,0.0
0,11,41,2.05120841931648e-106,0.0
0,12,41,2.6525868028579505e-101,0.0
0,13,41,1.387154444351975e-96,0.0
0,14,41,2.9334279768925826e-92,0.0
0,15,41,2.5085423686175998e-88,0.0
0,16,41,8.674867505062904e-85,0.0
0,17,41,1.2131085371908218e-81,0.0
0,18,41,6.860122433568652e-79,0.0
0,19,41,1.5687707138306703e-76,0.0
0,20,41,1.450716259712461e-74,0.0
0,21,41,5.425014246740742e-73,0.0
0,22,41,8.203792861801518e-72,0.0
0,23,41,5.016766508664092e-71,0.0
0,24,41,1.2405906096887703e-70,0.0
0,25,41,1.2405906096887703e-70,0.0
0,26,41,5.016766508664092e-71,0.0
0,27,41,8.203792861801518e-72,0.0
0,28,41,5.425014246740742e-73,0.0
0,29,41,1.450716259712461e-74,0.0
0,30,41,1.5687707138306703e-76,0.0
0,31,41,6.860122433568652e-79,0.0
0,32,41,1.2131085371908562e-81,0.0
0,33,41,8.674867505062904e-85,0.0
0,34,41,2.5085423686175998e-88,0.0
0,35,41,2.933427976892666e-92,0.0
0,36,41,1.3871544443520143e-96,0.0
0,37,41,2.6525868028579505e-101,0.0
0,38,41,2.05120841931648e-106,0.0
0,39,41,6.414242501877113e-112,0.0
0,40,41,8.111036557721976e-118,0.0
0,41,41,4.147656113575818e-124,0.0
0,42,41,8.57678498863371e-131,0.0
0,43,41,7.172023489572089e-138,0.0
0,44,41,2.4252375431626587e-145,0.0
0,45,41,3.316364524410348e-153,0.0
0,46,41,1.8338577201956104e-161,0.0
0,47,41,4.1007605790143984e-170,0.0
0,48,41,3.708161059095279e-179,0.0
0,1,42,9.133759200288412e-187,0.0
0,2,42,1.010079094997267e-177,0.0
0,3,42,4.5170677748134886e-169,0.0
0,4,42,8.168705324178998e-161,0.0
0,5,42,5.973725350579193e-153,0.0
0,6,42,1.7665774082785537e-145,0.0
0,7,42,2.1125913235802584e-138,0.0
0,8,42,1.0216301714858809e-131,0.0
0,9,42,1.9978704700881604e-125,0.0
0,10,42,1.5799245375467846e-119,0.0
0,11,42,5.0524352834373725e-114,0.0
0,12,42,6.533720819850072e-109,0.0
0,13,42,3.416770325346223e-104,0.0
0,14,42,7.225474930925425e-100,0.0
0,15,42,6.178917682789414e-96,0.0
0,16,42,2.136750524665322e-92,0.0
0,17,42,2.9880690417526708e-89,0.0
0,18,42,1.6897514804279274e-86,0.0
0,19,42,3.864118551552413e-84,0.0
0,20,42,3.573332650062921e-82,0.0
0,21,42,1.336262718857061e-80,0.0
0,22,42,2.0207177448496262e-79,0.0
0,23,42,1.2357051520677584e-78,0.0
0,24,42,3.055761525579784e-78,0.0
0,25,42,3.055761525579784e-78,0.0
0,26,42,1.2357051520677584e-78,0.0
0,27,42,2.0207177448496262e-79,0.0
0,28,42,1.336262718857061e-80,0.0
0,29,42,3.573332650062921e-82,0.0
0,30,42,3.864118551552413e-84,0.0
0,31,42,1.6897514804279274e-86,0.0
0,32,42,2.988069041752756e-89,0.0
0,33,42,2.136750524665322e-92,0.0
0,34,42,6.178917682789414e-96,0.0
0,35,42,7.22547493092563e-100,0.0
0,36,42,3.41677032534632e-104,0.0
0,37,42,6.533720819850072e-109,0.0
0,38,42,5.0524352834373725e-114,0.0
0,39,42,1.5799245375467846e-119,0.0
0,40,42,1.9978704700881604e-125,0.0
0,41,42,1.0216301714858809e-131,0.0
0,42,42,2.1125913235803787e-138,0.0
0,43,42,1.766577408278654e-145,0.0
0,44,42,5.973725350579193e-153,0.0
0,45,42,8.168705324178998e-161,0.0
0,46,42,4.5170677748134886e-169,0.0
0,47,42,1.0100790949973819e-177,0.0
0,48,42,9.133759200288412e-187,0.0
0,1,43,9.097790369679308e-195,0.0
0,2,43,1.0061013939136254e-185,0.0
0,3,43,4.499279518950633e-177,0.0
0,4,43,8.136536884912937e-169,0.0
0,5,43,5.950200763327811e-161,0.0
0,6,43,1.7596206096415455e-153,0.0
0,7,43,2.104271918853601e-146,0.0
0,8,43,1.0176069821531571e-139,0.0
0,9,43,1.9900028371737487e-133,0.0
0,10,43,1.5737027796901098e-127,0.0
0,11,43,5.032538745233795e-122,0.0
0,12,43,6.507990965114514e-117,0.0
0,13,43,3.4033150513056126e-112,0.0
0,14,43,7.197020941920469e-108,0.0
0,15,43,6.154585046182216e-104,0.0
0,16,43,2.1283359807749353e-100,0.0
0,17,43,2.9763019974444585e-97,0.0
0,18,43,1.6830972230255424e-94,0.0
0,19,43,3.848901615941838e-92,0.0
0,20,43,3.5592608320983975e-90,0.0
0,21,43,1.3310005035600316e-88,0.0
0,22,43,2.01276013914983e-87,0.0
0,23,43,1.230838933425187e-86,0.0
0,24,43,3.0437279076264727e-86,0.0
0,25,43,3.0437279076264727e-86,0.0
0,26,43,1.230838933425187e-86,0.0
0,27,43,2.01276013914983e-87,0.0
0,28,43,1.3310005035600316e-88,0.0
0,29,43,3.5592608320983975e-90,0.0
0,30,43,3.848901615941838e-92,0.0
0,31,43,1.6830972230255424e-94,0.0
0,32,43,2.976301997444543e-97,0.0
0,33,43,2.1283359807749353e-100,0.0
0,34,43,6.154585046182216e-104,0.0
0,35,43,7.197020941920675e-108,0.0
0,36,43,3.4033150513056126e-112,0.0
0,37,43,6.507990965114514e-117,0.0
0,38,43,5.032538745233795e-122,0.0
0,39,43,1.5737027796901098e-127,0.0
0,40,43,1.9900028371737487e-133,0.0
0,41,43,1.0176069821531571e-139,0.0
0,42,43,2.104271918853721e-146,0.0
0,43,43,1.7596206096416454e-153,0.0
0,44,43,5.950200763327811e-161,0.0
0,45,43,8.136536884912937e-169,0.0
0,46,43,4.499279518951144e-177,0.0
0,47,43,1.0061013939136254e-185,0.0
0,48,43,9.097790369679308e-195,0.0
0,1,44,3.664525029654498e-203,0.0
0,2,44,4.05250460887054e-194,0.0
0,3,44,1.8122776787159174e-185,0.0
0,4,44,3.2773389864907954e-177,0.0
0,5,44,2.396698400674562e-169,0.0
0,6,44,7.087626230889159e-162,0.0
0,7,44,8.475857106509146e-155,0.0
0,8,44,4.0988482971414576e-148,0.0
0,9,44,8.015589400927586e-142,0.0
0,10,44,6.3387624808662384e-136,0.0
0,11,44,2.0270706891726618e-130,0.0
0,12,44,2.6213723129857926e-125,0.0
0,13,44,1.370831013085676e-120,0.0
0,14,44,2.898908670011767e-116,0.0
0,15,44,2.479022931110582e-112,0.0
0,16,44,8.572785430467645e-109,0.0
0,17,44,1.1988332025977132e-105,0.0
0,18,44,6.779395491101142e-103,0.0
0,19,44,1.5503101011540322e-100,0.0
0,20,44,1.4336448605984413e-98,0.0
0,21,44,5.36117503436181e-97,0.0
0,22,44,8.107254189090527e-96,0.0
0,23,44,4.957731378425439e-95,0.0
0,24,44,1.225991877997916e-94,0.0
0,25,44,1.225991877997916e-94,0.0
0,26,44,4.957731378425439e-95,0.0
0,27,44,8.107254189090527e-96,0.0
0,28,44,5.36117503436181e-97,0.0
0,29,44,1.4336448605984413e-98,0.0
0,30,44,1.5503101011540322e-100,0.0
0,31,44,6.779395491101142e-103,0.0
0,32,44,1.198833202597747e-105,0.0
0,33,44,8.572785430467645e-109,0.0
0,34,44,2.479022931110582e-112,0.0
0,35,44,2.898908670011932e-116,0.0
0,36,44,1.3708310130857539e-120,0.0
0,37,44,2.6213723129857926e-125,0.0
0,38,44,2.0270706891726618e-130,0.0
0,39,44,6.3387624808662384e-136,0.0
0,40,44,8.015589400927586e-142,0.0
0,41,44,4.0988482971414576e-148,0.0
0,42,44,8.475857106509628e-155,0.0
0,43,44,7.087626230889562e-162,0.0
0,44,44,2.396698400674562e-169,0.0
0,45,44,3.2773389864907954e-177,0.0
0,46,44,1.8122776787159174e-185,0.0
0,47,44,4.052504608871001e-194,0.0
0,48,44,3.664525029654498e-203,0.0
0,1,45,5.968907628379426e-212,0.0
0,2,45,6.600862452346827e-203,0.0
0,3,45,2.951901808199434e-194,0.0
0,4,45,5.338245343925125e-186,0.0
0,5,45,3.9038268946032427e-178,0.0
0,6,45,1.15445756092018e-170,0.0
0,7,45,1.380577502696692e-163,0.0
0,8,45,6.676348686499693e-157,0.0
0,9,45,1.305607475293049e-150,0.0
0,10,45,1.0324799918229792e-144,0.0
0,11,45,3.30176424010085e-139,0.0
0,12,45,4.2697836879773573e-134,0.0
0,13,45,2.2328579079176448e-129,0.0
0,14,45,4.721844695938912e-125,0.0
0,15,45,4.037919993639281e-121,0.0
0,16,45,1.3963655300016944e-117,0.0
0,17,45,1.9527018072558504e-114,0.0
0,18,45,1.1042518507903301e-111,0.0
0,19,45,2.5251997773923533e-109,0.0
0,20,45,2.335171318401404e-107,0.0
0,21,45,8.732471002578343e-106,0.0
0,22,45,1.3205381593215299e-104,0.0
0,23,45,8.075327744979647e-104,0.0
0,24,45,1.9969388157250857e-103,0.0
0,25,45,1.9969388157250857e-103,0.0
0,26,45,8.075327744979647e-104,0.0
0,27,45,1.3205381593215299e-104,0.0
0,28,45,8.732471002578343e-106,0.0
0,29,45,2.335171318401404e-107,0.0
0,30,45,2.5251997773923533e-109,0.0
0,31,45,1.1042518507903301e-111,0.0
0,32,45,1.9527018072558504e-114,0.0
0,33,45,1.3963655300016944e-117,0.0
0,34,45,4.037919993639281e-121,0.0
0,35,45,4.721844695938912e-125,0.0
0,36,45,2.2328579079177717e-129,0.0
0,37,45,4.2697836879773573e-134,0.0
0,38,45,3.30176424010085e-139,0.0
0,39,45,1.0324799918230378e-144,0.0
0,40,45,1.305607475293049e-150,0.0
0,41,45,6.676348686499693e-157,0.0
0,42,45,1.380577502696692e-163,0.0
0,43,45,1.15445756092018e-170,0.0
0,44,45,3.9038268946032427e-178,0.0
0,45,45,5.338245343925125e-186,0.0
0,46,45,2.951901808199602e-194,0.0
0,47,45,6.600862452347204e-203,0.0
0,48,45,5.968907628379426e-212,0.0
0,1,46,3.9315827652456176e-221,0.0
0,2,46,4.347836935859607e-212,0.0
0,3,46,1.9443501217265835e-203,0.0
0,4,46,3.516179960809163e-195,0.0
0,5,46,2.5713613768038006e-187,0.0
0,6,46,7.604147579937208e-180,0.0
0,7,46,9.093547854352052e-173,0.0
0,8,46,4.397557989641312e-166,0.0
0,9,46,8.599737452179929e-160,0.0
0,10,46,6.800709265481239e-154,0.0
0,11,46,2.174796493677433e-148,0.0
0,12,46,2.812408736091534e-143,0.0
0,13,46,1.4707323709070078e-138,0.0
0,14,46,3.1101709697189807e-134,0.0
0,15,46,2.659685430371152e-130,0.0
0,16,46,9.197539974710485e-127,0.0
0,17,46,1.2861999630500259e-123,0.0
0,18,46,7.273454064553106e-121,0.0
0,19,46,1.663291265623598e-118,0.0
0,20,46,1.5381238713883346e-116,0.0
0,21,46,5.751878673495991e-115,0.0
0,22,46,8.698082448709035e-114,0.0
0,23,46,5.319033458470796e-113,0.0
0,24,46,1.3153378674895566e-112,0.0
0,25,46,1.3153378674895566e-112,0.0
0,26,46,5.319033458470796e-113,0.0
0,27,46,8.698082448709035e-114,0.0
0,28,46,5.751878673495991e-115,0.0
0,29,46,1.538123871388422e-116,0.0
0,30,46,1.663291265623598e-118,0.0
0,31,46,7.273454064553106e-121,0.0
0,32,46,1.2861999630500259e-123,0.0
0,33,46,9.197539974710485e-127,0.0
0,34,46,2.659685430371152e-130,0.0
0,35,46,3.1101709697189807e-134,0.0
0,36,46,1.4707323709070078e-138,0.0
0,37,46,2.812408736091534e-143,0.0
0,38,46,2.174796493677433e-148,0.0
0,39,46,6.800709265481626e-154,0.0
0,40,46,8.599737452179929e-160,0.0
0,41,46,4.397557989641312e-166,0.0
0,42,46,9.093547854353087e-173,0.0
0,43,46,7.604147579938072e-180,0.0
0,44,46,2.5713613768038006e-187,0.0
0,45,46,3.516179960809163e-195,0.0
0,46,46,1.9443501217266943e-203,0.0
0,47,46,4.347836935859854e-212,0.0
0,48,46,3.9315827652456176e-221,0.0
0,1,47,1.0472138709715144e-230,0.0
0,2,47,1.158087065647857e-221,0.0
0,3,47,5.17895854945875e-213,0.0
0,4,47,9.365674456459277e-205,0.0
0,5,47,6.849061718534822e-197,0.0
0,6,47,2.0254358862841423e-189,0.0
0,7,47,2.422151590855888e-182,0.0
0,8,47,1.171330733734802e-175,0.0
0,9,47,2.2906205679416615e-169,0.0
0,10,47,1.811432570671454e-163,0.0
0,11,47,5.792774032005072e-158,0.0
0,12,47,7.491113923154793e-153,0.0
0,13,47,3.9174333373203436e-148,0.0
0,14,47,8.28423150435488e-144,0.0
0,15,47,7.084321102754828e-140,0.0
0,16,47,2.4498508655281056e-136,0.0
0,17,47,3.4259139958992227e-133,0.0
0,18,47,1.93735257301605e-130,0.0
0,19,47,4.4303319778086367e-128,0.0
0,20,47,4.096936907011121e-126,0.0
0,21,47,1.5320667249527624e-124,0.0
0,22,47,2.3168156783222253e-123,0.0
0,23,47,1.4167743502976261e-122,0.0
0,24,47,3.5035255318174706e-122,0.0
0,25,47,3.5035255318174706e-122,0.0
0,26,47,1.4167743502976261e-122,0.0
0,27,47,2.3168156783222253e-123,0.0
0,28,47,1.5320667249527624e-124,0.0
0,29,47,4.096936907011354e-126,0.0
0,30,47,4.4303319778086367e-128,0.0
0,31,47,1.93735257301605e-130,0.0
0,32,47,3.4259139958992227e-133,0.0
0,33,47,2.4498508655281056e-136,0.0
0,34,47,7.084321102754828e-140,0.0
0,35,47,8.28423150435488e-144,0.0
0,36,47,3.9174333373203436e-148,0.0
0,37,47,7.491113923154793e-153,0.0
0,38,47,5.792774032005072e-158,0.0
0,39,47,1.811432570671557e-163,0.0
0,40,47,2.2906205679416615e-169,0.0
0,41,47,1.171330733734802e-175,0.0
0,42,47,2.4221515908561632e-182,0.0
0,43,47,2.0254358862843724e-189,0.0
0,44,47,6.849061718534822e-197,0.0
0,45,47,9.365674456459277e-205,0.0
0,46,47,5.178958549459045e-213,0.0
0,47,47,1.158087065647857e-221,0.0
0,48,47,1.0472138709715144e-230,0.0
0,1,48,1.127973114998866e-240,0.0
0,2,48,1.2473966503773457e-231,0.0
0,3,48,5.5783504873398476e-223,0.0
0,4,48,1.008793837014067e-214,0.0
0,5,48,7.377248999105816e-207,0.0
0,6,48,2.181633846926535e-199,0.0
0,7,48,2.6089435507596443e-192,0.0
0,8,48,1.2616616462489696e-185,0.0
0,9,48,2.4672690927064335e-179,0.0
0,10,48,1.9511269817835964e-173,0.0
0,11,48,6.2395023122670865e-168,0.0
0,12,48,8.068815111160471e-163,0.0
0,13,48,4.219538727268563e-158,0.0
0,14,48,8.923096489038546e-154,0.0
0,15,48,7.630651162510694e-150,0.0
0,16,48,2.638778943510972e-146,0.0
0,17,48,3.6901143011860984e-143,0.0
0,18,48,2.086757707485809e-140,0.0
0,19,48,4.7719911853837004e-138,0.0
0,20,48,4.412885288339152e-136,0.0
0,21,48,1.6502169461599764e-134,0.0
0,22,48,2.4954843227303547e-133,0.0
0,23,48,1.526033431617033e-132,0.0
0,24,48,3.7737110987040037e-132,0.0
0,25,48,3.7737110987040037e-132,0.0
0,26,48,1.526033431617033e-132,0.0
0,27,48,2.4954843227303547e-133,0.0
0,28,48,1.6502169461599764e-134,0.0
0,29,48,4.412885288339403e-136,0.0
0,30,48,4.7719911853837004e-138,0.0
0,31,48,2.086757707485809e-140,0.0
0,32,48,3.6901143011860984e-143,0.0
0,33,48,2.638778943510972e-146,0.0
0,34,48,7.630651162510694e-150,0.0
0,35,48,8.923096489038546e-154,0.0
0,36,48,4.219538727268802e-158,0.0
0,37,48,8.068815111160471e-163,0.0
0,38,48,6.2395023122670865e-168,0.0
0,39,48,1.9511269817837073e-173,0.0
0,40,48,2.4672690927064335e-179,0.0
0,41,48,1.2616616462489696e-185,0.0
0,42,48,2.6089435507596443e-192,0.0
0,43,48,2.181633846926535e-199,0.0
0,44,48,7.377248999105816e-207,0.0
0,45,48,1.008793837014067e-214,0.0
0,46,48,5.5783504873398476e-223,0.0
0,47,48,1.2473966503773457e-231,0.0
0,48,48,1.127973114998866e-240,0.0
100,1,1,1.691204410375054e-5,-0.0008991939668494141
100,2,1,4.664059352143723e-5,-0.0007859920906447817
100,3,1,5.5134277846259344e-5,0.0015510015252130794
100,4,1,-2.1937847386976344e-5,0.0063653684341447745
100,5,1,-0.0001753747757891082,0.007253328380292473
100,6,1,-0.0001094237082320869,-0.009158335621047078
100,7,1,0.0007519936582124962,-0.04513827414283883
100,8,1,0.002613080471326963,-0.0633320458631865
100,9,1,0.004331399363382048,0.006969324959908135
100,10,1,0.003539722753159798,0.1953135158555867
100,11,1,-0.0011610230971414194,0.40750491282832735
100,12,1,-0.007593407201710419,0.4647587407719273
100,13,1,-0.010562017536627083,0.29422238568276043
100,14,1,-0.006799274121938403,0.08906951359432519
100,15,1,-0.00018229750360524571,0.20431620922371688
100,16,1,-0.001006733813014784,0.8024968766763911
100,17,1,-0.017943863243638912,1.574473169095169
100,18,1,-0.048800060774915485,1.8600451945318792
100,19,1,-0.07852483704149947,1.1348641324768225
100,20,1,-0.08749958931680975,-0.5194095034794547
100,21,1,-0.06445618497571555,-2.3561950380579844
100,22,1,-0.014868773300422179,-3.381390449691825
100,23,1,0.04064432204055768,-2.95143971909227
100,24,1,0.07685812987387822,-1.1661689298752225
100,25,1,0.07685812987387823,1.1661689298752214
100,26,1,0.04064432204055776,2.9514397190922703
100,27,1,-0.01486877330042219,3.381390449691826
100,28,1,-0.06445618497571558,2.3561950380579866
100,29,1,-0.08749958931680978,0.5194095034794557
100,30,1,-0.0785248370414995,-1.1348641324768216
100,31,1,-0.04880006077491553,-1.8600451945318799
100,32,1,-0.017943863243638926,-1.57447316909517
100,33,1,-0.0010067338130148006,-0.8024968766763925
100,34,1,-0.00018229750360524571,-0.20431620922371815
100,35,1,-0.006799274121938393,-0.08906951359432531
100,36,1,-0.010562017536627074,-0.29422238568276005
100,37,1,-0.007593407201710423,-0.46475874077192686
100,38,1,-0.0011610230971414268,-0.4075049128283276
100,39,1,0.003539722753159796,-0.19531351585558707
100,40,1,0.00433139936338205,-0.006969324959908235
100,41,1,0.0026130804713269656,0.06333204586318655
100,42,1,0.0007519936582124974,0.045138274142838886
100,43,1,-0.00010942370823208683,0.009158335621047106
100,44,1,-0.00017537477578910841,-0.007253328380292476
100,45,1,-2.193784738697643e-5,-0.0063653684341447815
100,46,1,5.5134277846259364e-5,-0.0015510015252130822
100,47,1,4.664059352143725e-5,0.0007859920906447815
100,48,1,1.6912044103750552e-5,0.0008991939668494143
100,1,2,3.214598105366106e-5,-0.002000538831962289
100,2,2,8.805169567723029e-5,-0.0018088273236473288
100,3,2,7.896828576215091e-5,0.0032702620796432194
100,4,2,-0.000147977156108015,0.012437932574272923
100,5,2,-0.0005545480335713633,0.008914013089389616
100,6,2,-0.00046896028471890897,-0.03733333491311362
100,7,2,0.0012656509818674275,-0.12654829843612286
100,8,2,0.004798195198866814,-0.17596194056623046
100,9,2,0.007516450346038177,-0.05608856616869192
100,10,2,0.005030387997194137,0.24406289991985314
100,11,2,-0.003990060343441333,0.4876967484964246
100,12,2,-0.01350971391460335,0.33964684469039846
100,13,2,-0.012979979715871157,-0.24102670200418938
100,14,2,0.002453302084537037,-0.7804236784154759
100,15,2,0.023692804238573416,-0.6049247216074538
100,16,2,0.03149467795115454,0.49812200805580137
100,17,2,0.011605770597607996,1.9144860478699817
100,18,2,-0.031229061977666964,2.5561205512635112
100,19,2,-0.07320413509875555,1.6841923327083648
100,20,2,-0.0862844603605939,-0.479735287077611
100,21,2,-0.05638336362728593,-2.8450511462963104
100,22,2,0.007365521814001565,-4.1249065370461295
100,23,2,0.077551667889493,-3.583089348879241
100,24,2,0.12278743301364836,-1.4097118131447772
100,25,2,0.12278743301364842,1.4097118131447766
100,26,2,0.07755166788949303,3.5830893488792404
100,27,2,0.0073655218140015995,4.12490653704613
100,28,2,-0.056383363627285944,2.845051146296312
100,29,2,-0.08628446036059391,0.4797352870776116
100,30,2,-0.07320413509875562,-1.6841923327083643
100,31,2,-0.031229061977666995,-2.5561205512635126
100,32,2,0.011605770597607961,-1.9144860478699832
100,33,2,0.03149467795115454,-0.4981220080558019
100,34,2,0.023692804238573437,0.6049247216074528
100,35,2,0.002453302084537065,0.7804236784154756
100,36,2,-0.01297997971587114,0.2410267020041903
100,37,2,-0.013509713914603356,-0.3396468446903975
100,38,2,-0.003990060343441346,-0.4876967484964247
100,39,2,0.005030387997194133,-0.24406289991985355
100,40,2,0.00751645034603818,0.05608856616869172
100,41,2,0.0047981951988668205,0.17596194056623055
100,42,2,0.00126565098186743,0.126548298436123
100,43,2,-0.0004689602847189091,0.03733333491311369
100,44,2,-0.000554548033571364,-0.008914013089389617
100,45,2,-0.00014797715610801539,-0.012437932574272939
100,46,2,7.89682857621509e-5,-0.0032702620796432255
100,47,2,8.805169567723033e-5,0.0018088273236473288
100,48,2,3.2145981053661084e-5,0.0020005388319622895
100,1,3,4.697264189046243e-5,-0.003038733919437748
100,2,3,0.00011912250400411804,-0.0018258634333810494
100,3,3,2.8339037019674443e-5,0.009175870096790308
100,4,3,-0.0005152113588938255,0.02654101935746686
100,5,3,-0.001394062446838931,0.01782339213551997
100,6,3,-0.0014156176167600598,-0.06329692602143405
100,7,3,0.0010702341650467232,-0.19626862645119755
100,8,3,0.005508314294955127,-0.2307494576558236
100,9,3,0.0071271465156966035,-0.00236473156055593
100,10,3,0.00011692474230728597,0.3958728717273983
100,11,3,-0.014569761176189428,0.5238851712397122
100,12,3,-0.02535032857895715,-0.03549799520450386
100,13,3,-0.017748636844223804,-1.1266940868053148
100,14,3,0.011030120161955457,-1.95329597790841
100,15,3,0.04552700657845877,-1.725716403333407
100,16,3,0.06230746438465371,-0.432813081626793
100,17,3,0.049037831425375246,1.0607069573577483
100,18,3,0.014901917427136983,1.7080830080766662
100,19,3,-0.016721087963969553,1.1098926451986049
100,20,3,-0.025227089259067612,-0.2617113303614426
100,21,3,-0.005278538149149666,-1.5317071820399137
100,22,3,0.0324662890454807,-2.042452634061626
100,23,3,0.07059094464985495,-1.6527944406745978
100,24,3,0.09372765748126466,-0.624942172099305
100,25,3,0.09372765748126471,0.6249421720993068
100,26,3,0.07059094464985496,1.652794440674595
100,27,3,0.03246628904548068,2.0424526340616254
100,28,3,-0.0052785381491496485,1.531707182039916
100,29,3,-0.025227089259067626,0.26171133036144323
100,30,3,-0.016721087963969598,-1.1098926451986042
100,31,3,0.014901917427136936,-1.7080830080766671
100,32,3,0.04903783142537522,-1.0607069573577494
100,33,3,0.06230746438465371,0.4328130816267918
100,34,3,0.0455270065784588,1.7257164033334063
100,35,3,0.0110301201619555,1.9532959779084105
100,36,3,-0.017748636844223786,1.1266940868053152
100,37,3,-0.02535032857895715,0.03549799520450539
100,38,3,-0.014569761176189449,-0.5238851712397119
100,39,3,0.00011692474230727383,-0.3958728717273988
100,40,3,0.007127146515696603,0.002364731560555458
100,41,3,0.005508314294955133,0.23074945765582353
100,42,3,0.0010702341650467267,0.19626862645119778
100,43,3,-0.0014156176167600604,0.06329692602143415
100,44,3,-0.0013940624468389323,-0.01782339213551996
100,45,3,-0.0005152113588938263,-0.026541019357466885
100,46,3,2.8339037019674335e-5,-0.009175870096790321
100,47,3,0.0001191225040041181,0.001825863433381049
100,48,3,4.697264189046246e-5,0.003038733919437749
100,1,4,7.910695009539367e-5,-0.0039038816633631345
100,2,4,0.00017410696884934362,0.0006542384115062088
100,3,4,-5.60843688191686e-5,0.023850551152766814
100,4,4,-0.0010539856469523098,0.056473358608726404
100,5,4,-0.0024304252073707247,0.04327122803610663
100,6,4,-0.0021668425845464477,-0.07078387165626926
100,7,4,0.001703551123236319,-0.2081275714671785
100,8,4,0.006942028326711499,-0.12380176026549852
100,9,4,0.005915241429873964,0.3330915574589389
100,10,4,-0.007431777679909921,0.8679803953629326
100,11,4,-0.02755652363797042,0.8421439841254804
100,12,4,-0.037461180843942954,-0.06118562928215372
100,13,4,-0.023326776361468064,-1.3223088393387141
100,14,4,0.010228492960483882,-1.9544163500731
100,15,4,0.04188938072154935,-1.4641602297862786
100,16,4,0.05221643932759091,-0.34558285311043
100,17,4,0.04003819573958518,0.43949422761078494
100,18,4,0.02040010496624437,0.41359246654370646
100,19,4,0.0087466393303795,-0.041461679020651565
100,20,4,0.008693503504070856,-0.2207480359352415
100,21,4,0.01196492648517054,0.16034620976853864
100,22,4,0.009592733369383995,0.7378607341148359
100,23,4,0.001043062082831666,0.9001036555874435
100,24,4,-0.006837489737266968,0.40370614422435663
100,25,4,-0.006837489737266937,-0.40370614422435747
100,26,4,0.0010430620828316486,-0.9001036555874443
100,27,4,0.009592733369384026,-0.7378607341148365
100,28,4,0.011964926485170474,-0.1603462097685387
100,29,4,0.008693503504070872,0.22074803593524261
100,30,4,0.00874663933037947,0.04146167902065223
100,31,4,0.020400104966244344,-0.41359246654370546
100,32,4,0.040038195739585176,-0.4394942276107855
100,33,4,0.052216439327590916,0.345582853110428
100,34,4,0.04188938072154939,1.4641602297862775
100,35,4,0.010228492960483912,1.9544163500731013
100,36,4,-0.023326776361468037,1.3223088393387152
100,37,4,-0.037461180843942954,0.06118562928215515
100,38,4,-0.02755652363797044,-0.84214398412548
100,39,4,-0.007431777679909941,-0.8679803953629331
100,40,4,0.005915241429873963,-0.33309155745893965
100,41,4,0.006942028326711506,0.12380176026549822
100,42,4,0.0017035511232363246,0.20812757146717875
100,43,4,-0.002166842584546448,0.07078387165626943
100,44,4,-0.0024304252073707273,-0.04327122803610664
100,45,4,-0.001053985646952311,-0.05647335860872646
100,46,4,-5.608436881916883e-5,-0.023850551152766842
100,47,4,0.00017410696884934373,-0.0006542384115062127
100,48,4,7.910695009539373e-5,0.0039038816633631367
100,1,5,0.0001634207305589889,-0.006292596120517276
100,2,5,0.00033595531699605883,0.0035257186550401607
100,3,5,-3.20612486979368e-5,0.04266709323814001
100,4,5,-0.0014489388886006664,0.08576628045938305
100,5,5,-0.0028287159743492843,0.04098090059366423
100,6,5,-0.000905249951570723,-0.14182939264393568
100,7,5,0.006129751961280777,-0.2827766126816703
100,8,5,0.013076340552313524,-0.0378647306899676
100,9,5,0.009397556130640162,0.637100613827099
100,10,5,-0.008654488876110913,1.170973679404212
100,11,5,-0.028583237151023014,0.8619570248806568
100,12,5,-0.03045869778371045,-0.22077199026012184
100,13,5,-0.00806691489394988,-1.1081710726633218
100,14,5,0.022156499753051274,-0.9273450112676531
100,15,5,0.0367479220113309,0.11425372421980001
100,16,5,0.02813016309689857,0.9515965373713615
100,17,5,0.00895397477776232,0.834664444378731
100,18,5,-0.004178112123373641,0.09809629450529495
100,19,5,-0.006838906527408977,-0.30435602564883796
100,20,5,-0.008814800074094856,0.17060205226501812
100,21,5,-0.023079043190507558,1.221768503722045
100,22,5,-0.05095903708711085,2.004017901887942
100,23,5,-0.08300227655173681,1.8539340294771198
100,24,5,-0.10411622212291752,0.7515800035229597
100,25,5,-0.1041162221229175,-0.7515800035229581
100,26,5,-0.08300227655173685,-1.8539340294771205
100,27,5,-0.050959037087110894,-2.0040179018879405
100,28,5,-0.023079043190507555,-1.2217685037220443
100,29,5,-0.00881480007409486,-0.1706020522650201
100,30,5,-0.00683890652740899,0.3043560256488377
100,31,5,-0.004178112123373693,-0.09809629450529458
100,32,5,0.008953974777762296,-0.83466444437873
100,33,5,0.02813016309689858,-0.9515965373713628
100,34,5,0.036747922011330925,-0.11425372421980201
100,35,5,0.022156499753051305,0.9273450112676538
100,36,5,-0.00806691489394987,1.1081710726633218
100,37,5,-0.030458697783710457,0.22077199026012262
100,38,5,-0.028583237151023035,-0.8619570248806561
100,39,5,-0.008654488876110943,-1.1709736794042123
100,40,5,0.009397556130640153,-0.6371006138270997
100,41,5,0.013076340552313534,0.037864730689967104
100,42,5,0.006129751961280788,0.2827766126816706
100,43,5,-0.0009052499515707202,0.141829392643936
100,44,5,-0.002828715974349286,-0.040980900593664195
100,45,5,-0.0014489388886006682,-0.08576628045938313
100,46,5,-3.206124869793715e-5,-0.042667093238140066
100,47,5,0.00033595531699605905,-0.003525718655040169
100,48,5,0.000163420730558989,0.00629259612051728
100,1,6,0.0003058325213544229,-0.013020511148159478
100,2,6,0.0006002041983536637,0.002859155441112709
100,3,6,1.921874997455985e-6,0.056543550775216264
100,4,6,-0.0019242680401816573,0.08669663037499095
100,5,6,-0.0029060132727745038,-0.0486934980306155
100,6,6,0.0016268676169244511,-0.35995682817978664
100,7,6,0.011991553118976447,-0.5101659127059328
100,8,6,0.018588723205122427,-0.10165718633334239
100,9,6,0.009556863546912198,0.6499666893994994
100,10,6,-0.012168620233166148,0.8667989632140012
100,11,6,-0.025641177458701606,0.02867929551355336
100,12,6,-0.01309612767897083,-1.1626339553042428
100,13,6,0.018094848765769722,-1.422732104570505
100,14,6,0.04175807357204689,-0.3786317331483909
100,15,6,0.04072340962612071,0.9860582950710126
100,16,6,0.021566542805121845,1.5001557045083886
100,17,6,0.0015877457780036621,1.0934188119321246
100,18,6,-0.010800944034301083,0.6409297909378158
100,19,6,-0.02146208510222661,0.7695633083181672
100,20,6,-0.04172264379928757,1.305745136695426
100,21,6,-0.07251912725957389,1.6584616429425265
100,22,6,-0.10424691890304195,1.458852321915637
100,23,6,-0.12882591874627985,0.8966349217992986
100,24,6,-0.14074213071437253,0.2912935806972197
100,25,6,-0.14074213071437258,-0.29129358069721856
100,26,6,-0.12882591874627985,-0.8966349217992984
100,27,6,-0.10424691890304195,-1.4588523219156369
100,28,6,-0.0725191272595739,-1.6584616429425265
100,29,6,-0.04172264379928761,-1.3057451366954254
100,30,6,-0.021462085102226615,-0.7695633083181669
100,31,6,-0.010800944034301124,-0.6409297909378165
100,32,6,0.0015877457780036058,-1.093418811932126
100,33,6,0.021566542805121828,-1.5001557045083902
100,34,6,0.040723409626120755,-0.9860582950710134
100,35,6,0.04175807357204694,0.37863173314839105
100,36,6,0.018094848765769743,1.4227321045705055
100,37,6,-0.013096127678970802,1.1626339553042435
100,38,6,-0.025641177458701616,-0.028679295513552805
100,39,6,-0.01216862023316618,-0.8667989632140014
100,40,6,0.009556863546912176,-0.6499666893995005
100,41,6,0.018588723205122427,0.10165718633334166
100,42,6,0.01199155311897646,0.510165912705933
100,43,6,0.0016268676169244566,0.3599568281797871
100,44,6,-0.0029060132727745046,0.04869349803061567
100,45,6,-0.0019242680401816595,-0.08669663037499102
100,46,6,1.9218749974554293e-6,-0.056543550775216334
100,47,6,0.0006002041983536641,-0.0028591554411127214
100,48,6,0.00030583252135442314,0.01302051114815949
100,1,7,0.00045370915004335903,-0.022352037161921405
100,2,7,0.000766771871373967,0.0059236839203112256
100,3,7,-0.0004982472656609552,0.08151797833010443
100,4,7,-0.003523721148266242,0.08603947268583143
100,5,7,-0.004388071193178365,-0.16165747671277944
100,6,7,0.0022488988110593183,-0.5512489651381933
100,7,7,0.013235029841599416,-0.5397879641155574
100,8,7,0.014092805788712658,0.18666324766237244
100,9,7,-0.004566820749973989,0.9518923451265454
100,10,7,-0.029155393830516855,0.6505968103009256
100,11,7,-0.033413560735223835,-0.7302866468668714
100,12,7,-0.009549978940981849,-1.8215573140340846
100,13,7,0.021362793696287533,-1.5017101169813698
100,14,7,0.03472817366421982,-0.27844928329903734
100,15,7,0.028378100215766908,0.4869797233398007
100,16,7,0.01707219464220087,0.38414960857663694
100,17,7,0.0104542296500121,0.2741794180348754
100,18,7,0.003113255535472756,0.8721149526137668
100,19,7,-0.018125069598071,1.8196848139744353
100,20,7,-0.055619405424814757,2.267704173706042
100,21,7,-0.09305394549541579,1.7031450804419654
100,22,7,-0.11865386278491812,0.5854584177095605
100,23,7,-0.12805967959582998,-0.16803604696738678
100,24,7,-0.1284793933469094,-0.18336909596070441
100,25,7,-0.12847939334690936,0.18336909596070106
100,26,7,-0.12805967959582998,0.16803604696738583
100,27,7,-0.11865386278491809,-0.5854584177095591
100,28,7,-0.09305394549541571,-1.7031450804419646
100,29,7,-0.0556194054248148,-2.2677041737060417
100,30,7,-0.01812506959807105,-1.8196848139744337
100,31,7,0.0031132555354727335,-0.8721149526137677
100,32,7,0.010454229650012069,-0.2741794180348774
100,33,7,0.017072194642200885,-0.38414960857663843
100,34,7,0.028378100215766915,-0.48697972333980105
100,35,7,0.03472817366421984,0.2784492832990386
100,36,7,0.02136279369628755,1.5017101169813705
100,37,7,-0.009549978940981845,1.8215573140340857
100,38,7,-0.03341356073522384,0.7302866468668725
100,39,7,-0.029155393830516872,-0.6505968103009246
100,40,7,-0.0045668207499740265,-0.9518923451265463
100,41,7,0.014092805788712644,-0.18666324766237377
100,42,7,0.013235029841599424,0.5397879641155571
100,43,7,0.0022488988110593235,0.5512489651381938
100,44,7,-0.004388071193178367,0.1616574767127797
100,45,7,-0.0035237211482662457,-0.08603947268583141
100,46,7,-0.0004982472656609566,-0.08151797833010455
100,47,7,0.0007667718713739675,-0.0059236839203112394
100,48,7,0.00045370915004335947,0.022352037161921422
100,1,8,0.0006103479140396609,-0.02660936828906018
100,2,8,0.0007495739367829035,0.03209184057573698
100,3,8,-0.0016790063747819728,0.15182305882179742
100,4,8,-0.006029186703683106,0.13614161617755252
100,5,8,-0.005954829765575523,-0.19567747562170548
100,6,8,0.0038581092785825747,-0.5137568357913722
100,7,8,0.014952862116056988,-0.10381637613420477
100,8,8,0.009142275620133661,1.0118082234408652
100,9,8,-0.01621329009289984,1.5993033642773078
100,10,8,-0.03737256935793142,0.7098828795916583
100,11,8,-0.031386741866862626,-0.7822036704922468
100,12,8,-0.005745160611444947,-1.1931678380597308
100,13,8,0.012971624190135245,-0.3300082549069583
100,14,8,0.013041125485326478,0.3608952352032839
100,15,8,0.005974553519924645,-0.027309983204598
100,16,8,0.006015954626387909,-0.6858549616019995
100,17,8,0.012737443520418865,-0.49674706190902745
100,18,8,0.010847489757331791,0.48302553393673947
100,19,8,-0.01099619088173749,1.445585808794766
100,20,8,-0.04206211991584595,1.7008301425303527
100,21,8,-0.06830251629702258,1.1698352464934745
100,22,8,-0.0882362831674606,0.541349551302964
100,23,8,-0.0961749266097621,0.16521277351803754
100,24,8,-0.10051874863878286,0.0010432599367696804
100,25,8,-0.10051874863878288,-0.0010432599367707074
100,26,8,-0.09617492660976198,-0.16521277351803948
100,27,8,-0.0882362831674606,-0.5413495513029665
100,28,8,-0.0683025162970225,-1.1698352464934736
100,29,8,-0.04206211991584594,-1.7008301425303507
100,30,8,-0.010996190881737528,-1.4455858087947648
100,31,8,0.01084748975733175,-0.4830255339367392
100,32,8,0.01273744352041886,0.49674706190902645
100,33,8,0.006015954626387936,0.6858549616019997
100,34,8,0.005974553519924691,0.027309983204598307
100,35,8,0.013041125485326516,-0.36089523520328437
100,36,8,0.012971624190135277,0.3300082549069586
100,37,8,-0.005745160611444954,1.1931678380597306
100,38,8,-0.03138674186686262,0.7822036704922476
100,39,8,-0.037372569357931436,-0.7098828795916569
100,40,8,-0.01621329009289987,-1.5993033642773076
100,41,8,0.00914227562013364,-1.0118082234408667
100,42,8,0.014952862116056998,0.10381637613420377
100,43,8,0.0038581092785825886,0.5137568357913723
100,44,8,-0.005954829765575523,0.1956774756217059
100,45,8,-0.006029186703683112,-0.13614161617755255
100,46,8,-0.001679006374781976,-0.1518230588217976
100,47,8,0.0007495739367829042,-0.03209184057573704
100,48,8,0.0006103479140396616,0.0266093682890602
100,1,9,0.0009291934415388864,-0.025946950965656145
100,2,9,0.0008639722023201575,0.07969025972814214
100,3,9,-0.0027220692273848155,0.23904267222846168
100,4,9,-0.007206724832434445,0.14462704601787066
100,5,9,-0.003139341106876433,-0.3315647437090685
100,6,9,0.012852031023040882,-0.571706165910192
100,7,9,0.024784020663058,0.15883657407193755
100,8,9,0.01304201517099133,1.2693941243220923
100,9,9,-0.014546064657268529,1.2188363599230758
100,10,9,-0.027285770177535845,-0.14766707948437602
100,11,9,-0.012195341842891377,-1.0665494022066733
100,12,9,0.010255688738498374,-0.41453206834824385
100,13,9,0.01659592161938352,0.6734292108908049
100,14,9,0.007686232216712883,0.7110003396528791
100,15,9,-2.0772297782656996e-5,0.017263570034436876
100,16,9,0.0025470939414270017,-0.2393892676650322
100,17,9,0.006265972702959029,0.05782892656545613
100,18,9,-0.0028160162803539477,0.3212145026232057
100,19,9,-0.017424502765556526,0.2962424403175273
100,20,9,-0.02424838829019127,0.07177695408465357
100,21,9,-0.03316422333533506,0.24121628290768238
100,22,9,-0.04632359549567581,0.8560530344212335
100,23,9,-0.061661591998308375,1.0381335235286206
100,24,9,-0.07580392086126397,0.4566626686882314
100,25,9,-0.07580392086126396,-0.4566626686882318
100,26,9,-0.06166159199830839,-1.038133523528621
100,27,9,-0.04632359549567576,-0.856053034421235
100,28,9,-0.03316422333533507,-0.24121628290768232
100,29,9,-0.024248388290191217,-0.07177695408465146
100,30,9,-0.017424502765556515,-0.2962424403175276
100,31,9,-0.002816016280353998,-0.3212145026232036
100,32,9,0.006265972702959028,-0.05782892656545574
100,33,9,0.0025470939414270126,0.23938926766503027
100,34,9,-2.077229778265213e-5,-0.017263570034437965
100,35,9,0.00768623221671291,-0.7110003396528795
100,36,9,0.016595921619383544,-0.6734292108908039
100,37,9,0.010255688738498378,0.4145320683482435
100,38,9,-0.01219534184289138,1.0665494022066726
100,39,9,-0.027285770177535862,0.14766707948437707
100,40,9,-0.01454606465726857,-1.218836359923075
100,41,9,0.013042015170991296,-1.2693941243220939
100,42,9,0.024784020663058008,-0.15883657407193874
100,43,9,0.012852031023040904,0.5717061659101921
100,44,9,-0.0031393411068764234,0.3315647437090693
100,45,9,-0.0072067248324344515,-0.14462704601787055
100,46,9,-0.002722069227384819,-0.2390426722284619
100,47,9,0.0008639722023201582,-0.07969025972814225
100,48,9,0.0009291934415388875,0.02594695096565618
100,1,10,0.0014280608388642776,-0.0333471819466038
100,2,10,0.0010906588049537783,0.12000746731763791
100,3,10,-0.0037166715200625663,0.2625753677662177
100,4,10,-0.007355316539191151,-0.04192188281866041
100,5,10,0.0018734616149946657,-0.756442440381932
100,6,10,0.021462458199915376,-0.9082069809398422
100,7,10,0.02663349705071135,0.05849447627271448
100,8,10,0.0024080048293461127,0.899960680871938
100,9,10,-0.0275285263888278,0.2192218799469809
100,10,10,-0.02930862447111225,-1.105378988426108
100,11,10,-0.004957052277466961,-1.2207975617704676
100,12,10,0.015203215421148197,-0.27656961984054035
100,13,10,0.015504162892953545,0.16591741069161872
100,14,10,0.008218871472640697,-0.08221564714008492
100,15,10,0.009102530827260348,0.04345063479890954
100,16,10,0.013035492973406209,0.6484938597935983
100,17,10,0.002600059067987325,0.9522091249493335
100,18,10,-0.016188774512477928,0.6818738670037016
100,19,10,-0.020025531305819803,-0.010153796715492575
100,20,10,-0.016156105636606462,-0.5242793677324195
100,21,10,-0.02017960990860548,-0.04989907422923098
100,22,10,-0.023425747667919244,0.5974348970889399
100,23,10,-0.0382047133884252,0.7113243036847157
100,24,10,-0.04699722401287163,0.36592160629493636
100,25,10,-0.0469972240128715,-0.36592160629493653
100,26,10,-0.03820471338842533,-0.7113243036847186
100,27,10,-0.023425747667919165,-0.5974348970889378
100,28,10,-0.020179609908605487,0.04989907422922757
100,29,10,-0.016156105636606456,0.524279367732418
100,30,10,-0.020025531305819792,0.010153796715494642
100,31,10,-0.016188774512477952,-0.6818738670036983
100,32,10,0.0026000590679873025,-0.9522091249493336
100,33,10,0.013035492973406209,-0.6484938597935997
100,34,10,0.009102530827260362,-0.043450634798912174
100,35,10,0.00821887147264073,0.08221564714008459
100,36,10,0.015504162892953586,-0.1659174106916171
100,37,10,0.015203215421148197,0.2765696198405405
100,38,10,-0.0049570522774669504,1.2207975617704674
100,39,10,-0.029308624471112238,1.105378988426109
100,40,10,-0.027528526388827836,-0.21922187994697978
100,41,10,0.002408004829346078,-0.8999606808719389
100,42,10,0.026633497050711344,-0.058494476272716305
100,43,10,0.0214624581999154,0.9082069809398421
100,44,10,0.0018734616149946805,0.7564424403819331
100,45,10,-0.007355316539191157,0.041921882818660924
100,46,10,-0.0037166715200625737,-0.26257536776621804
100,47,10,0.0010906588049537788,-0.12000746731763809
100,48,10,0.0014280608388642793,0.03334718194660383
100,1,11,0.0017621658553426674,-0.04319366386469652
100,2,11,0.0005383825617669733,0.16692766525408856
100,3,11,-0.0063489707754241995,0.25853729222148225
100,4,11,-0.009517254878580714,-0.2765857291638212
100,5,11,0.0030478568924144295,-1.0325555401806623
100,6,11,0.019950804494754098,-0.6825445074176236
100,7,11,0.0118175404310773,0.8143718097212854
100,8,11,-0.02176889244043878,1.5103172717169344
100,9,11,-0.04189159417807859,0.4950681484395143
100,10,11,-0.025958106032456615,-0.5874794672245722
100,11,11,0.0009274339256585889,-0.5248367087429182
100,12,11,0.008385208235062959,-0.27773865307773604
100,13,11,0.0026222814758898984,-0.5672545750535962
100,14,11,0.007411802202897897,-0.6302762231808106
100,15,11,0.022142320419921216,-0.13948595016496568
100,16,11,0.02217928222996777,0.28515385764944295
100,17,11,0.00482171473943557,0.49187423510735706
100,18,11,-0.0018225086407111842,0.4959405128755017
100,19,11,0.0012157196310564437,0.23459723486445339
100,20,11,-0.007817204591371746,0.2969851147079464
100,21,11,-0.015028308953607229,0.47840719499794443
100,22,11,-0.014574592854406552,-0.07446004004955181
100,23,11,-0.019542461166738516,-0.42859745772486735
100,24,11,-0.013072228718380104,-0.13901854382117987
100,25,11,-0.013072228718380065,0.13901854382117823
100,26,11,-0.019542461166738558,0.4285974577248667
100,27,11,-0.014574592854406553,0.07446004004955209
100,28,11,-0.015028308953607232,-0.4784071949979468
100,29,11,-0.007817204591371776,-0.29698511470794653
100,30,11,0.0012157196310564906,-0.23459723486445128
100,31,11,-0.001822508640711179,-0.4959405128755026
100,32,11,0.004821714739435533,-0.4918742351073582
100,33,11,0.022179282229967758,-0.2851538576494433
100,34,11,0.02214232041992124,0.139485950164964
100,35,11,0.007411802202897956,0.6302762231808096
100,36,11,0.0026222814758899288,0.5672545750535981
100,37,11,0.008385208235062953,0.2777386530777367
100,38,11,0.0009274339256585889,0.5248367087429169
100,39,11,-0.025958106032456588,0.5874794672245729
100,40,11,-0.04189159417807861,-0.49506814843951286
100,41,11,-0.021768892440438822,-1.510317271716934
100,42,11,0.011817540431077283,-0.8143718097212871
100,43,11,0.019950804494754122,0.6825445074176228
100,44,11,0.0030478568924144525,1.0325555401806632
100,45,11,-0.00951725487858072,0.276585729163822
100,46,11,-0.00634897077542421,-0.2585372922214825
100,47,11,0.0005383825617669717,-0.1669276652540889
100,48,11,0.0017621658553426695,0.043193663864696544
100,1,12,0.0017890102128770506,-0.023092306226224178
100,2,12,-0.001013216684206569,0.2721840908246699
100,3,12,-0.010019251658171212,0.31809790822745554
100,4,12,-0.011009440523415605,-0.3624676181408018
100,5,12,0.006664825716914303,-0.8566513348649873
100,6,12,0.022282795896763036,0.22477446336866935
100,7,12,0.00856110725242335,1.9294398001466382
100,8,12,-0.017965187394612007,1.856739046777446
100,9,12,-0.01913951161831134,0.20670621816907753
100,10,12,0.0007076148652220187,-0.7088202106016883
100,11,12,0.006611671576688034,-0.43655842591228294
100,12,12,-0.004416297759894969,-0.16966174730582426
100,13,12,-0.0037950593018773564,-0.11381471413927347
100,14,12,0.01358124172722676,0.0009487390358430825
100,15,12,0.018802537794812536,-0.11702632203033089
100,16,12,0.0032819948714410407,-0.3233851122015919
100,17,12,-0.0013130245512513962,-0.27022657920871757
100,18,12,0.011909978926162128,-0.27332976290473915
100,19,12,0.007877688362277393,-0.001108648247959268
100,20,12,-0.006490324353300197,0.7333568407103874
100,21,12,-0.008503544942960605,0.5516024740637208
100,22,12,-0.01403653587929235,-0.24762479965912948
100,23,12,-0.012155662532566528,-0.42888481281776414
100,24,12,-0.005247568344186494,-0.1825949497463309
100,25,12,-0.005247568344186565,0.1825949497463304
100,26,12,-0.012155662532566445,0.4288848128177648
100,27,12,-0.01403653587929243,0.24762479965912934
100,28,12,-0.008503544942960602,-0.5516024740637177
100,29,12,-0.00649032435330019,-0.7333568407103911
100,30,12,0.007877688362277348,0.0011086482479585463
100,31,12,0.011909978926162192,0.2733297629047392
100,32,12,-0.0013130245512513866,0.27022657920871695
100,33,12,0.003281994871441006,0.3233851122015917
100,34,12,0.01880253779481253,0.11702632203033128
100,35,12,0.01358124172722681,-0.0009487390358443037
100,36,12,-0.0037950593018773082,0.11381471413927441
100,37,12,-0.0044162977598949625,0.16966174730582578
100,38,12,0.006611671576688027,0.436558425912283
100,39,12,0.0007076148652220213,0.7088202106016879
100,40,12,-0.01913951161831136,-0.20670621816907675
100,41,12,-0.017965187394612045,-1.8567390467774452
100,42,12,0.008561107252423315,-1.92943980014664
100,43,12,0.02228279589676306,-0.22477446336867113
100,44,12,0.006664825716914337,0.8566513348649881
100,45,12,-0.011009440523415603,0.362467618140803
100,46,12,-0.010019251658171227,-0.31809790822745565
100,47,12,-0.0010132166842065718,-0.2721840908246704
100,48,12,0.0017890102128770532,0.023092306226224144
100,1,13,0.0018165156087883575,0.026704870510977394
100,2,13,-0.0025928664851236636,0.3955782635525683
100,3,13,-0.012016119164073507,0.3092220505411455
100,4,13,-0.007105653486660798,-0.5799377952365806
100,5,13,0.01796461277555323,-0.8699977012902119
100,6,13,0.03206219767423823,0.449023295259927
100,7,13,0.013550456560674128,1.3702134952612846
100,8,13,-0.00934866425882276,0.03705309626539044
100,9,13,-0.010425841670172534,-1.6272327897042218
100,10,13,-0.007968773549066248,-1.4098265492753221
100,11,13,-0.015120707907054765,-0.2747590395126683
100,12,13,-0.010034661132508905,0.3098554763904869
100,13,13,0.013140253398461772,0.39357805250619404
100,14,13,0.02177036221361027,0.24953971886164003
100,15,13,0.0019456110493793243,0.16313697082995487
100,16,13,-0.010797243503618454,0.38307837540795725
100,17,13,0.0021067305952629173,0.28683056081239755
100,18,13,0.005708611679027324,-0.20857804136669958
100,19,13,-0.008666794995026476,-0.07738962154009713
100,20,13,-0.006460196263617555,0.1867125495246882
100,21,13,-0.0005254112107202615,-0.21813965813806968
100,22,13,-0.009622672902917151,0.1017928319129699
100,23,13,-0.0068062715678814945,0.5245311120874521
100,24,13,-0.013108509211368762,0.15724478886341176
100,25,13,-0.013108509211368892,-0.15724478886341245
100,26,13,-0.006806271567881427,-0.5245311120874475
100,27,13,-0.009622672902917243,-0.10179283191297299
100,28,13,-0.0005254112107202942,0.21813965813807362
100,29,13,-0.0064601962636175354,-0.18671254952468905
100,30,13,-0.008666794995026492,0.07738962154009324
100,31,13,0.005708611679027331,0.20857804136670122
100,32,13,0.0021067305952629663,-0.28683056081239466
100,33,13,-0.01079724350361842,-0.3830783754079571
100,34,13,0.0019456110493793035,-0.16313697082995537
100,35,13,0.021770362213610277,-0.2495397188616412
100,36,13,0.013140253398461824,-0.39357805250619526
100,37,13,-0.010034661132508886,-0.30985547639048655
100,38,13,-0.015120707907054765,0.27475903951266806
100,39,13,-0.007968773549066263,1.4098265492753213
100,40,13,-0.010425841670172535,1.6272327897042227
100,41,13,-0.009348664258822774,-0.03705309626538855
100,42,13,0.013550456560674096,-1.3702134952612854
100,43,13,0.032062197674238235,-0.4490232952599292
100,44,13,0.01796461277555327,0.8699977012902121
100,45,13,-0.007105653486660788,0.5799377952365822
100,46,13,-0.012016119164073523,-0.30922205054114527
100,47,13,-0.002592866485123669,-0.39557826355256887
100,48,13,0.0018165156087883603,-0.026704870510977478
100,1,14,0.0016802143099901659,0.07319348826789786
100,2,14,-0.004422179691387234,0.4536359022261191
100,3,14,-0.01325882502041741,0.09980006429006857
100,4,14,-0.0023293691944571374,-1.0387436482547028
100,5,14,0.024447149605713703,-1.100607847406021
100,6,14,0.026939172156732378,0.29434812150023165
100,7,14,-0.004227132267262795,0.5779011543080304
100,8,14,-0.029697717479793564,-0.7392343147045939
100,9,14,-0.03233867246303992,-0.913135374043742
100,10,14,-0.027739066518827446,0.37991781579758765
100,11,14,-0.01301389917338805,0.8351956777431299
100,12,14,0.015957644851854393,0.06750056017613026
100,13,14,0.030489710181784882,-0.6725309572427497
100,14,14,0.014206252049208924,-0.6787816189484199
100,15,14,-0.00018099376454030678,0.09754765154323046
100,16,14,0.012017141620498332,0.7639662524481489
100,17,14,0.018966719347543258,0.4887481933791069
100,18,14,-0.000515056272928454,0.19305124441391167
100,19,14,-0.009772659561289043,0.34909144802103076
100,20,14,0.0015996218412059585,-0.06294927039622929
100,21,14,0.0018127331300069878,-0.5148457490439591
100,22,14,-0.005003679802996978,0.20184011207587552
100,23,14,0.001236027077506246,0.41671326729694835
100,24,14,-0.008555199028200804,-0.027887071556699422
100,25,14,-0.008555199028200967,0.027887071556700477
100,26,14,0.0012360270775063392,-0.41671326729694536
100,27,14,-0.005003679802997046,-0.2018401120758799
100,28,14,0.0018127331300069856,0.5148457490439592
100,29,14,0.0015996218412059685,0.06294927039622907
100,30,14,-0.009772659561289018,-0.3490914480210311
100,31,14,-0.0005150562729284583,-0.19305124441391272
100,32,14,0.01896671934754329,-0.4887481933791035
100,33,14,0.012017141620498389,-0.763966252448148
100,34,14,-0.0001809937645402905,-0.09754765154323146
100,35,14,0.014206252049208928,0.6787816189484203
100,36,14,0.03048971018178493,0.6725309572427509
100,37,14,0.015957644851854448,-0.0675005601761286
100,38,14,-0.01301389917338801,-0.8351956777431282
100,39,14,-0.027739066518827453,-0.379917815797588
100,40,14,-0.03233867246303994,0.9131353740437408
100,41,14,-0.029697717479793585,0.7392343147045949
100,42,14,-0.004227132267262828,-0.5779011543080301
100,43,14,0.026939172156732364,-0.2943481215002339
100,44,14,0.02444714960571374,1.100607847406021
100,45,14,-0.0023293691944571153,1.038743648254705
100,46,14,-0.013258825020417427,-0.09980006429006794
100,47,14,-0.0044221796913872435,-0.4536359022261197
100,48,14,0.0016802143099901678,-0.07319348826789798
100,1,15,0.0008640892099330006,0.12852978451880823
100,2,15,-0.007367267198095318,0.4830175836084161
100,3,15,-0.015327955766442301,-0.13177517787959447
100,4,15,0.000163439590698913,-1.2626211734017911
100,5,15,0.023870331331317857,-0.7140723063466163
100,6,15,0.014420575619359215,1.0358479255559818
100,7,15,-0.01821247274030779,1.261471591197969
100,8,15,-0.030082493996329094,0.6657390237983026
100,9,15,-0.019417854611426956,1.2467362238082125
100,10,15,-0.00413321932395855,1.4326232781913533
100,11,15,0.014549509318685686,-0.017620787489845635
100,12,15,0.022861329670488026,-1.345877523076895
100,13,15,0.00691199287979964,-1.3683937789482459
100,14,15,-0.007980283668539742,-0.4812975369066843
100,15,15,0.004643575533522206,0.3780569732030428
100,16,15,0.021471126343699607,0.1781017884446866
100,17,15,0.010796007024426676,-0.5118789517267806
100,18,15,-0.006158944200984127,-0.14364822104041272
100,19,15,0.0004494751304727684,0.49112635386564685
100,20,15,0.004352344985353785,0.2185018095185074
100,21,15,-0.007679523509008708,0.017112261891448904
100,22,15,-0.010524285357699201,0.15928859713652394
100,23,15,-0.001016311451442345,-0.3251039712434126
100,24,15,-0.004936194136842112,-0.4168945669591108
100,25,15,-0.004936194136842224,0.41689456695911137
100,26,15,-0.0010163114514423045,0.3251039712434143
100,27,15,-0.010524285357699227,-0.15928859713652693
100,28,15,-0.007679523509008693,-0.01711226189145071
100,29,15,0.004352344985353783,-0.21850180951850656
100,30,15,0.00044947513047280917,-0.49112635386564557
100,31,15,-0.006158944200984103,0.14364822104040947
100,32,15,0.01079600702442671,0.5118789517267806
100,33,15,0.021471126343699652,-0.17810178844468622
100,34,15,0.004643575533522261,-0.3780569732030439
100,35,15,-0.007980283668539704,0.4812975369066821
100,36,15,0.006911992879799636,1.368393778948246
100,37,15,0.022861329670488057,1.3458775230768953
100,38,15,0.014549509318685722,0.017620787489847634
100,39,15,-0.004133219323958543,-1.4326232781913517
100,40,15,-0.019417854611426966,-1.2467362238082136
100,41,15,-0.03008249399632909,-0.6657390237983031
100,42,15,-0.018212472740307815,-1.2614715911979677
100,43,15,0.014420575619359192,-1.0358479255559843
100,44,15,0.023870331331317888,0.7140723063466148
100,45,15,0.00016343959069895072,1.2626211734017931
100,46,15,-0.015327955766442315,0.13177517787959553
100,47,15,-0.007367267198095334,-0.483017583608417
100,48,15,0.0008640892099330026,-0.12852978451880856
100,1,16,-0.0004296018972998808,0.21420748542888401
100,2,16,-0.0105461585774277,0.516137590498885
100,3,16,-0.016039289771921813,-0.3043471466479842
100,4,16,0.004816001199051994,-1.2253211338074188
100,5,16,0.026451805926882642,-0.082739804206716
100,6,16,0.012780644963022406,1.580054175482435
100,7,16,-0.010594338213000544,1.2730573418524744
100,8,16,-0.00991536797025138,0.5791427329278922
100,9,16,-0.0004887844117349282,0.42132991367687433
100,10,16,0.004853146599236755,-0.8103540308040977
100,11,16,0.007521988276620734,-2.090326374923518
100,12,16,-0.0016590098585668178,-1.6148136484495896
100,13,16,-0.013346865723275158,-0.10657681321388213
100,14,16,-0.004147672351309532,1.2110965588117248
100,15,16,0.015500147868326057,1.2711778046073985
100,16,16,0.014097546742735206,-0.0605644235038022
100,17,16,-0.005124020674332634,-0.7710184439515188
100,18,16,-0.007882563198397986,0.09091151466675657
100,19,16,0.007150179136645107,0.4078346238952302
100,20,16,0.001941215145295393,-0.14132134477145214
100,21,16,-0.009969642120154124,0.08431640438750261
100,22,16,-0.00498649135156082,0.2879961524856189
100,23,16,-0.0031512642077999916,-0.08558149578313803
100,24,16,-0.006697243726624253,-0.13262435529119906
100,25,16,-0.006697243726624247,0.13262435529119918
100,26,16,-0.003151264207800041,0.08558149578313799
100,27,16,-0.00498649135156082,-0.2879961524856179
100,28,16,-0.00996964212015411,-0.08431640438750387
100,29,16,0.0019412151452953444,0.14132134477145175
100,30,16,0.007150179136645142,-0.4078346238952276
100,31,16,-0.007882563198397958,-0.09091151466675873
100,32,16,-0.00512402067433263,0.7710184439515164
100,33,16,0.01409754674273526,0.060564423503803366
100,34,16,0.015500147868326132,-1.2711778046073965
100,35,16,-0.004147672351309489,-1.2110965588117257
100,36,16,-0.013346865723275167,0.10657681321388057
100,37,16,-0.0016590098585668352,1.6148136484495887
100,38,16,0.007521988276620749,2.090326374923519
100,39,16,0.004853146599236748,0.8103540308041016
100,40,16,-0.0004887844117349681,-0.42132991367687445
100,41,16,-0.009915367970251377,-0.5791427329278933
100,42,16,-0.010594338213000544,-1.2730573418524722
100,43,16,0.012780644963022378,-1.5800541754824362
100,44,16,0.026451805926882666,0.08273980420671267
100,45,16,0.004816001199052041,1.225321133807421
100,46,16,-0.016039289771921823,0.3043471466479861
100,47,16,-0.010546158577427718,-0.5161375904988859
100,48,16,-0.0004296018972998821,-0.21420748542888451
100,1,17,-0.0018845886859268851,0.3022625307654437
100,2,17,-0.013250144264393613,0.4962833680963287
100,3,17,-0.015070805469888133,-0.5304177265528799
100,4,17,0.01034320799790462,-1.2427548519347995
100,5,17,0.028303001566610676,0.1563281982679725
100,6,17,0.010796892755650125,1.244122919526172
100,7,17,-0.008068376881334528,0.3162447894691591
100,8,17,-0.008687200421798226,-0.46163197179538773
100,9,17,-0.00950163821103784,-1.0564520617962199
100,10,17,-0.010083921201431999,-2.1603473820689336
100,11,17,-0.009344048229779408,-1.865142668839109
100,12,17,-0.012301235037938604,-0.16838871135994893
100,13,17,-0.003532322136875778,1.3356254702743138
100,14,17,0.019400237589195797,1.8012808598408216
100,15,17,0.029021828602843525,0.544621424455519
100,16,17,0.011278757107498169,-0.8964850186583494
100,17,17,-0.007543814598629224,-0.19721765068590685
100,18,17,-0.0017421513652746872,1.1209829409743972
100,19,17,0.008044020515337176,0.36316135556061013
100,20,17,-0.0052808492351031945,-0.6397079849945253
100,21,17,-0.00814768004604605,0.000374769982769807
100,22,17,0.002716650044771355,0.229955020902611
100,23,17,-0.00534868080548813,0.10934867945918814
100,24,17,-0.007049713640250206,0.17333437080472738
100,25,17,-0.007049713640250137,-0.17333437080472686
100,26,17,-0.005348680805488145,-0.10934867945918855
100,27,17,0.0027166500447713274,-0.2299550209026063
100,28,17,-0.008147680046046022,-0.0003747699827709172
100,29,17,-0.005280849235103272,0.6397079849945234
100,30,17,0.008044020515337147,-0.3631613555606077
100,31,17,-0.0017421513652746733,-1.1209829409743994
100,32,17,-0.007543814598629203,0.1972176506859044
100,33,17,0.011278757107498169,0.8964850186583515
100,34,17,0.02902182860284357,-0.5446214244555169
100,35,17,0.019400237589195832,-1.8012808598408188
100,36,17,-0.00353232213687576,-1.3356254702743153
100,37,17,-0.012301235037938603,0.16838871135994737
100,38,17,-0.009344048229779394,1.8651426688391077
100,39,17,-0.010083921201432006,2.1603473820689363
100,40,17,-0.009501638211037881,1.0564520617962216
100,41,17,-0.008687200421798243,0.46163197179538445
100,42,17,-0.008068376881334513,-0.3162447894691574
100,43,17,0.0107968927556501,-1.244122919526171
100,44,17,0.028303001566610687,-0.15632819826797617
100,45,17,0.010343207997904674,1.2427548519348004
100,46,17,-0.015070805469888133,0.530417726552882
100,47,17,-0.013250144264393634,-0.4962833680963291
100,48,17,-0.0018845886859268875,-0.30226253076544435
100,1,18,-0.003492136043711106,0.377101458365873
100,2,18,-0.015675598268575786,0.43135005675840055
100,3,18,-0.013826703450795121,-0.7530768109847431
100,4,18,0.014065018191312634,-1.2167054663344243
100,5,18,0.02690986338065478,0.3254415133285261
100,6,18,0.006462438975885975,0.9709843298716956
100,7,18,-0.00970929337109136,0.006534930281977852
100,8,18,-0.013588557859017834,-0.3691315906523592
100,9,18,-0.01910757901510055,-0.7645970976230713
100,10,18,-0.019149323320284146,-0.9224087611344327
100,11,18,-0.016551881680849215,0.4774918345892223
100,12,18,-0.009117112257130485,1.9009673078339646
100,13,18,0.013431546753476584,2.1705777530716457
100,14,18,0.03240252645043834,0.7931403988337018
100,15,18,0.024575594127997428,-1.6253711212861137
100,16,18,-1.7497147594396772e-5,-1.9369340654032718
100,17,18,-0.00750741743409177,0.18162497694247448
100,18,18,0.006915231446054135,1.0751376576707563
100,19,18,0.009819351675455524,-0.20383633168489385
100,20,18,-0.007722676638320705,-0.44035059569621604
100,21,18,-0.006664131846962445,0.5704313636549697
100,22,18,0.002953067641090833,0.025429656414233337
100,23,18,-0.008555627231189956,-0.34483745583759606
100,24,18,-0.0021306396084662866,0.08836257643859405
100,25,18,-0.0021306396084661556,-0.0883625764385921
100,26,18,-0.008555627231190022,0.34483745583759084
100,27,18,0.0029530676410908126,-0.025429656414228147
100,28,18,-0.0066641318469623945,-0.5704313636549704
100,29,18,-0.0077226766383207655,0.4403505956962157
100,30,18,0.009819351675455522,0.20383633168489634
100,31,18,0.006915231446054177,-1.0751376576707588
100,32,18,-0.007507417434091751,-0.1816249769424766
100,33,18,-1.7497147594391568e-5,1.9369340654032747
100,34,18,0.024575594127997456,1.6253711212861153
100,35,18,0.032402526450438354,-0.7931403988337007
100,36,18,0.013431546753476605,-2.170577753071649
100,37,18,-0.009117112257130456,-1.900967307833965
100,38,18,-0.01655188168084919,-0.4774918345892234
100,39,18,-0.019149323320284108,0.9224087611344322
100,40,18,-0.019107579015100584,0.7645970976230745
100,41,18,-0.01358855785901787,0.3691315906523563
100,42,18,-0.009709293371091332,-0.006534930281977103
100,43,18,0.00646243897588595,-0.9709843298716936
100,44,18,0.026909863380654788,-0.32544151332852966
100,45,18,0.014065018191312693,1.216705466334424
100,46,18,-0.013826703450795112,0.7530768109847461
100,47,18,-0.015675598268575813,-0.43135005675840077
100,48,18,-0.0034921360437111127,-0.3771014583658738
100,1,19,-0.0050179834412904375,0.4403192939267744
100,2,19,-0.017568543923931295,0.3570875715572879
100,3,19,-0.012316642470348822,-0.9149581826486949
100,4,19,0.016874175740472952,-1.120295343715986
100,5,19,0.02540627233859916,0.4925593945992143
100,6,19,0.004012025458232135,0.8639412154667091
100,7,19,-0.010206960486348915,0.1179552214080907
100,8,19,-0.016600899394539143,0.12193752950852327
100,9,19,-0.021719195876225388,-0.0006710864303157704
100,10,19,-0.016362442307281653,0.5178357979962417
100,11,19,-0.006025560223699305,1.8233136172433457
100,12,19,0.011918715160233639,2.0579252468954707
100,13,19,0.032473509462643456,0.9276108911637697
100,14,19,0.03254996414178062,-1.540074339180363
100,15,19,0.009062015096623412,-3.138043220272751
100,16,19,-0.014672618763140402,-1.4471789720340875
100,17,19,-0.010264656027863264,1.0039632562110055
100,18,19,0.00923863098835543,0.889027088322095
100,19,19,0.0066875747564905455,-0.5470227978848312
100,20,19,-0.010878875318874125,-0.1960897525817336
100,21,19,-0.005057942134082927,0.7837977282813429
100,22,19,0.0030625016112097907,-0.07986266357933355
100,23,19,-0.012126886424390967,-0.19753451087432455
100,24,19,-0.002681996386202556,0.31199715022416974
100,25,19,-0.0026819963862024093,-0.3119971502241683
100,26,19,-0.012126886424391019,0.19753451087431786
100,27,19,0.0030625016112097777,0.07986266357933886
100,28,19,-0.005057942134082855,-0.7837977282813422
100,29,19,-0.01087887531887417,0.1960897525817315
100,30,19,0.0066875747564905125,0.5470227978848334
100,31,19,0.009238630988355437,-0.8890270883220945
100,32,19,-0.010264656027863184,-1.0039632562110075
100,33,19,-0.01467261876314036,1.4471789720340849
100,34,19,0.00906201509662344,3.1380432202727526
100,35,19,0.03254996414178061,1.5400743391803668
100,36,19,0.03247350946264344,-0.9276108911637704
100,37,19,0.011918715160233653,-2.0579252468954685
100,38,19,-0.006025560223699309,-1.8233136172433444
100,39,19,-0.01636244230728164,-0.5178357979962442
100,40,19,-0.0217191958762254,0.0006710864303215436
100,41,19,-0.016600899394539206,-0.1219375295085255
100,42,19,-0.010206960486348888,-0.11795522140809181
100,43,19,0.0040120254582321265,-0.863941215466706
100,44,19,0.025406272338599142,-0.4925593945992175
100,45,19,0.016874175740473008,1.1202953437159853
100,46,19,-0.012316642470348806,0.9149581826486979
100,47,19,-0.017568543923931323,-0.35708757155728765
100,48,19,-0.00501798344129045,-0.44031929392677516
100,1,20,-0.006271226189797882,0.48572228748416124
100,2,20,-0.018904152972193056,0.2854969649891121
100,3,20,-0.01099390638756654,-1.0285174012266927
100,4,20,0.018579627566008675,-1.0278003272321585
100,5,20,0.023817802778469364,0.5921047667476896
100,6,20,0.002457329051602337,0.7941052329666096
100,7,20,-0.010045940535553199,0.23709193621620223
100,8,20,-0.016433025949790948,0.3344257761669156
100,9,20,-0.018003692169236203,0.13876152055400207
100,10,20,-0.008450495184530825,0.5286695761551305
100,11,20,0.004003126465415765,0.9160845906944182
100,12,20,0.020705784794816624,0.04121574681618978
100,13,20,0.030791364709784132,-1.8142602018684324
100,14,20,0.01890904462819858,-3.9685417256202125
100,15,20,-0.008079313995304791,-3.5259795737416892
100,16,20,-0.023913773280474837,-0.11109501101170416
100,17,20,-0.006427250536242756,2.472622652489983
100,18,20,0.013615688898524705,1.831862235709298
100,19,20,0.0026494193404256253,0.14067505140309508
100,20,20,-0.013005007135640624,0.42632239573062236
100,21,20,-0.0019565896970058427,1.0490829149866754
100,22,20,0.004442268810015232,-0.01844388575572703
100,23,20,-0.012898709444121144,0.033065926762053686
100,24,20,-0.0023801486884546448,0.49290195323879127
100,25,20,-0.0023801486884545316,-0.4929019532387916
100,26,20,-0.012898709444121168,-0.03306592676206041
100,27,20,0.0044422688100151896,0.018443885755731637
100,28,20,-0.001956589697005795,-1.0490829149866758
100,29,20,-0.013005007135640676,-0.42632239573062714
100,30,20,0.002649419340425633,-0.14067505140309616
100,31,20,0.013615688898524719,-1.8318622357092949
100,32,20,-0.006427250536242671,-2.472622652489984
100,33,20,-0.02391377328047479,0.1110950110117015
100,34,20,-0.008079313995304798,3.5259795737416875
100,35,20,0.01890904462819857,3.968541725620217
100,36,20,0.030791364709784143,1.814260201868433
100,37,20,0.020705784794816662,-0.04121574681619
100,38,20,0.004003126465415758,-0.9160845906944175
100,39,20,-0.008450495184530794,-0.5286695761551342
100,40,20,-0.01800369216923619,-0.13876152055399665
100,41,20,-0.016433025949791017,-0.33442577616691715
100,42,20,-0.010045940535553176,-0.2370919362162052
100,43,20,0.0024573290516023377,-0.794105232966606
100,44,20,0.02381780277846934,-0.5921047667476925
100,45,20,0.01857962756600873,1.0278003272321574
100,46,20,-0.010993906387566515,1.028517401226696
100,47,20,-0.01890415297219309,-0.28549696498911187
100,48,20,-0.006271226189797896,-0.48572228748416235
100,1,21,-0.007113904995958684,0.51408410408138
100,2,21,-0.019701149079122807,0.2352330920434189
100,3,21,-0.010042333557749635,-1.0919455642875606
100,4,21,0.019613294233610475,-0.9570795650418974
100,5,21,0.022962697504369675,0.6441873296909784
100,6,21,0.0020121193455862555,0.7424972288096322
100,7,21,-0.009699214921250901,0.27429791286595917
100,8,21,-0.01666030350795065,0.33374086364814604
100,9,21,-0.017410666168149506,0.038100139046249565
100,10,21,-0.007502281503599897,0.26474562578600014
100,11,21,0.00505586510794527,0.12674828015147832
100,12,21,0.019997718312582034,-1.1482257694887463
100,13,21,0.02320723379555553,-3.059052355364794
100,14,21,0.005142044528157613,-4.307133318866765
100,15,21,-0.0206462419418234,-2.2729901037845934
100,16,21,-0.02512634289988107,1.9124340411688414
100,17,21,0.002698341681277267,4.318825503642447
100,18,21,0.020931798155768348,2.948587196786038
100,19,21,0.00624701938278719,0.9938827848215863
100,20,21,-0.007418012484031171,1.4378350768098458
100,21,21,0.0035357059227110995,1.7760116367034797
100,22,21,0.006577613672366414,0.26991312924266875
100,23,21,-0.01099823023400466,0.09238955767808373
100,24,21,0.001600771656567259,0.511983051682102
100,25,21,0.0016007716565673992,-0.5119830516821
100,26,21,-0.010998230234004716,-0.09238955767809386
100,27,21,0.0065776136723663964,-0.26991312924266164
100,28,21,0.003535705922711128,-1.7760116367034817
100,29,21,-0.007418012484031226,-1.4378350768098482
100,30,21,0.0062470193827871955,-0.9938827848215893
100,31,21,0.020931798155768344,-2.948587196786034
100,32,21,0.0026983416812773036,-4.31882550364245
100,33,21,-0.025126342899881016,-1.9124340411688454
100,34,21,-0.020646241941823365,2.2729901037845854
100,35,21,0.005142044528157631,4.307133318866766
100,36,21,0.023207233795555515,3.0590523553647935
100,37,21,0.019997718312582062,1.1482257694887466
100,38,21,0.005055865107945274,-0.12674828015147466
100,39,21,-0.007502281503599868,-0.2647456257860051
100,40,21,-0.01741066616814946,-0.03810013904624544
100,41,21,-0.01666030350795071,-0.33374086364814615
100,42,21,-0.009699214921250903,-0.27429791286596283
100,43,21,0.0020121193455862624,-0.7424972288096288
100,44,21,0.022962697504369647,-0.6441873296909805
100,45,21,0.019613294233610523,0.9570795650418955
100,46,21,-0.010042333557749614,1.091945564287564
100,47,21,-0.019701149079122838,-0.2352330920434182
100,48,21,-0.0071139049959587,-0.5140841040813809
100,1,22,-0.007457102017337412,0.5247919645290409
100,2,22,-0.020007359476634172,0.21325040394019254
100,3,22,-0.00966276077582523,-1.1173265057502888
100,4,22,0.019934641534815115,-0.9300152776581825
100,5,22,0.022473679324008275,0.6602552776258483
100,6,22,0.0016530213558057115,0.7262333992384654
100,7,22,-0.009711989460374236,0.3030646028180052
100,8,22,-0.016419007706969288,0.3514714051442144
100,9,22,-0.016065031131820662,0.01796099626913487
100,10,22,-0.005677962728820524,0.15798548912366614
100,11,22,0.00596248537478654,-0.1559358700493112
100,12,22,0.01796951706710447,-1.4364395829875092
100,13,22,0.017375386287807607,-3.082756400155386
100,14,22,-0.001879455902542338,-3.632691339020668
100,15,22,-0.02549524260669797,-0.8457826701340063
100,16,22,-0.02536283153383534,3.6789548836622843
100,17,22,0.005279938282279902,5.910540921082323
100,18,22,0.022594561185656684,3.9534307797260384
100,19,22,0.006726811585931371,1.7933341825914786
100,20,22,-0.006123126556468677,2.0859563790858364
100,21,22,0.005624813686600841,2.0730794867796956
100,22,22,0.007998400990873466,0.49557287133226446
100,23,22,-0.01013204405570423,0.3597007546472945
100,24,22,0.001930825710661164,0.6578647213235761
100,25,22,0.0019308257106612856,-0.6578647213235712
100,26,22,-0.010132044055704292,-0.3597007546472963
100,27,22,0.007998400990873419,-0.4955728713322617
100,28,22,0.005624813686600886,-2.073079486779694
100,29,22,-0.0061231265564687136,-2.085956379085838
100,30,22,0.006726811585931389,-1.7933341825914826
100,31,22,0.02259456118565667,-3.953430779726034
100,32,22,0.0052799382822799855,-5.910540921082328
100,33,22,-0.0253628315338352,-3.6789548836622843
100,34,22,-0.02549524260669797,0.8457826701340072
100,35,22,-0.0018794559025423312,3.6326913390206683
100,36,22,0.017375386287807618,3.0827564001553913
100,37,22,0.0179695170671045,1.4364395829875087
100,38,22,0.0059624853747865135,0.15593587004931475
100,39,22,-0.0056779627288205264,-0.15798548912367083
100,40,22,-0.016065031131820628,-0.017960996269131314
100,41,22,-0.01641900770696934,-0.351471405144213
100,42,22,-0.009711989460374236,-0.3030646028180081
100,43,22,0.0016530213558057167,-0.7262333992384626
100,44,22,0.022473679324008247,-0.6602552776258506
100,45,22,0.019934641534815157,0.9300152776581803
100,46,22,-0.00966276077582521,1.1173265057502917
100,47,22,-0.020007359476634207,-0.21325040394019193
100,48,22,-0.00745710201733743,-0.524791964529042
100,1,23,-0.0072710640680239465,0.5191557344764776
100,2,23,-0.019841023884386973,0.22542579330372475
100,3,23,-0.009860087963214435,-1.1033221077555708
100,4,23,0.01978659392013565,-0.9442287651320797
100,5,23,0.022782536191865186,0.6516082736081439
100,6,23,0.0018979247723083484,0.7326746924265263
100,7,23,-0.009704496692024583,0.2820374089160303
100,8,23,-0.016718651974266172,0.33499000824846137
100,9,23,-0.017191375947334792,0.02600561193251026
100,10,23,-0.007123931414227342,0.22438579759871627
100,11,23,0.005348261661383377,0.011037272034215784
100,12,23,0.01950944133642393,-1.2824244596291874
100,13,23,0.02115557408846483,-3.1103674405590853
100,14,23,0.002183785701732886,-4.075916753402125
100,15,23,-0.022884957433674025,-1.7115975870570068
100,16,23,-0.025077768478219676,2.612627986777401
100,17,23,0.004209609742496621,4.939260585081031
100,18,23,0.021974006426210967,3.3231299542126256
100,19,23,0.006853786923211429,1.2879315134943499
100,20,23,-0.006436619854298185,1.7102539907522873
100,21,23,0.004612744582750764,1.9272241228566152
100,22,23,0.0071712591652390335,0.36434649932115737
100,23,23,-0.010587625640846577,0.17735483980014904
100,24,23,0.002007816695238018,0.5567362244299477
100,25,23,0.002007816695238146,-0.5567362244299452
100,26,23,-0.010587625640846643,-0.17735483980015587
100,27,23,0.007171259165239002,-0.36434649932115415
100,28,23,0.004612744582750809,-1.9272241228566158
100,29,23,-0.006436619854298184,-1.7102539907522882
100,30,23,0.006853786923211434,-1.2879315134943563
100,31,23,0.021974006426210977,-3.323129954212619
100,32,23,0.004209609742496725,-4.939260585081033
100,33,23,-0.02507776847821961,-2.6126279867773974
100,34,23,-0.022884957433673983,1.7115975870570028
100,35,23,0.002183785701732919,4.075916753402125
100,36,23,0.021155574088464815,3.110367440559091
100,37,23,0.019509441336423954,1.2824244596291883
100,38,23,0.005348261661383391,-0.011037272034211565
100,39,23,-0.007123931414227317,-0.22438579759872015
100,40,23,-0.017191375947334747,-0.02600561193250736
100,41,23,-0.01671865197426623,-0.33499000824846026
100,42,23,-0.009704496692024596,-0.28203740891603424
100,43,23,0.0018979247723083523,-0.7326746924265238
100,44,23,0.022782536191865158,-0.6516082736081459
100,45,23,0.01978659392013569,0.9442287651320775
100,46,23,-0.009860087963214414,1.1033221077555737
100,47,23,-0.019841023884387004,-0.22542579330372414
100,48,23,-0.007271064068023966,-0.5191557344764788
100,1,24,-0.00657346610519519,0.49597286203730295
100,2,24,-0.019201024061555355,0.267622695124721
100,3,24,-0.010667256146841808,-1.052345595300264
100,4,24,0.01894324526433087,-1.0029162478181428
100,5,24,0.023475702298306717,0.6130593064413099
100,6,24,0.002252492819996345,0.7782206761515231
100,7,24,-0.00987001700155031,0.2565698355819291
100,8,24,-0.016311815741055315,0.34402433993594395
100,9,24,-0.01739899218457909,0.10437794599294958
100,10,24,-0.007648158153862744,0.42224551801342014
100,11,24,0.004633048158376523,0.5891670338374507
100,12,24,0.020529966418319338,-0.47611616976962023
100,13,24,0.028176521980226406,-2.4097654380424722
100,14,24,0.01417320702167818,-4.322731053257668
100,15,24,-0.01263546771953969,-3.3269903864229473
100,16,24,-0.02491647179535164,0.39947124147250546
100,17,24,-0.0035268839519598024,2.970528883981122
100,18,24,0.01609586834495343,2.1582882815075326
100,19,24,0.003369371518281132,0.3893002269802529
100,20,24,-0.011596361196244121,0.7192472292808185
100,21,24,-0.0002736705004939971,1.2609908968919257
100,22,24,0.005051650250874865,0.04935295641026294
100,23,24,-0.012362208617670196,0.030127857933750467
100,24,24,-0.001047261481883732,0.4889657095111828
100,25,24,-0.0010472614818835728,-0.48896570951118024
100,26,24,-0.01236220861767024,-0.030127857933756302
100,27,24,0.005051650250874842,-0.04935295641025583
100,28,24,-0.00027367050049397455,-1.2609908968919255
100,29,24,-0.01159636119624414,-0.7192472292808191
100,30,24,0.003369371518281105,-0.389300226980254
100,31,24,0.01609586834495342,-2.158288281507532
100,32,24,-0.0035268839519597313,-2.9705288839811224
100,33,24,-0.0249164717953516,-0.39947124147250546
100,34,24,-0.012635467719539682,3.3269903864229455
100,35,24,0.014173207021678205,4.322731053257672
100,36,24,0.02817652198022642,2.4097654380424762
100,37,24,0.020529966418319383,0.47611616976961835
100,38,24,0.004633048158376513,-0.58916703383745
100,39,24,-0.007648158153862725,-0.42224551801342464
100,40,24,-0.017398992184579062,-0.10437794599294686
100,41,24,-0.016311815741055363,-0.3440243399359436
100,42,24,-0.009870017001550315,-0.25656983558193214
100,43,24,0.002252492819996339,-0.778220676151521
100,44,24,0.023475702298306693,-0.613059306441312
100,45,24,0.01894324526433091,1.0029162478181415
100,46,24,-0.01066725614684179,1.052345595300267
100,47,24,-0.019201024061555383,-0.2676226951247205
100,48,24,-0.006573466105195205,-0.49597286203730406
100,1,25,-0.005427889700353787,0.45590451604100257
100,2,25,-0.018022468101047275,0.3344773304503741
100,3,25,-0.01187788207985441,-0.9542926413875537
100,4,25,0.017501886428617327,-1.0914762928072492
100,5,25,0.024914506197616742,0.5273887977356735
100,6,25,0.003429764262724656,0.8377727288363084
100,7,25,-0.010290739355737807,0.15769809436402712
100,8,25,-0.01688313778775719,0.2195107848880724
100,9,25,-0.020896671569279088,0.10886991166001378
100,10,25,-0.01363939008480957,0.65062703916861
100,11,25,-0.001670221065411947,1.7020296314545844
100,12,25,0.016948898445216867,1.5417667541788194
100,13,25,0.0343374219419399,0.10820042009211317
100,14,25,0.02954857797036579,-2.379894765926844
100,15,25,0.0038877823974022875,-3.3889390978464493
100,16,25,-0.018259990331940812,-1.0884118625110553
100,17,25,-0.010259549786404334,1.4067482561369333
100,18,25,0.009762642991974341,1.0938212535180094
100,19,25,0.004723365368799852,-0.4123044581712631
100,20,25,-0.012413259854290995,-0.0776375448365314
100,21,25,-0.004533096266887821,0.7972391140012236
100,22,25,0.003350502749277822,-0.08441104375543665
100,23,25,-0.012871086565875978,-0.08369655069939942
100,24,25,-0.0033524119416319014,0.4031648550603856
100,25,25,-0.0033524119416317713,-0.40316485506038385
100,26,25,-0.012871086565876039,0.08369655069939307
100,27,25,0.003350502749277761,0.08441104375544059
100,28,25,-0.0045330962668877345,-0.7972391140012264
100,29,25,-0.012413259854291009,0.0776375448365284
100,30,25,0.004723365368799833,0.4123044581712659
100,31,25,0.009762642991974359,-1.0938212535180085
100,32,25,-0.010259549786404249,-1.4067482561369333
100,33,25,-0.018259990331940784,1.0884118625110533
100,34,25,0.003887782397402336,3.3889390978464493
100,35,25,0.029548577970365805,2.3798947659268492
100,36,25,0.03433742194193991,-0.10820042009211517
100,37,25,0.016948898445216874,-1.5417667541788194
100,38,25,-0.0016702210654119896,-1.7020296314545842
100,39,25,-0.013639390084809569,-0.6506270391686134
100,40,25,-0.02089667156927907,-0.10886991166000964
100,41,25,-0.016883137787757227,-0.21951078488807269
100,42,25,-0.010290739355737814,-0.15769809436402882
100,43,25,0.0034297642627246425,-0.8377727288363064
100,44,25,0.024914506197616735,-0.5273887977356759
100,45,25,0.01750188642861737,1.0914762928072481
100,46,25,-0.0118778820798544,0.9542926413875561
100,47,25,-0.018022468101047306,-0.33447733045037387
100,48,25,-0.005427889700353799,-0.45590451604100346
100,1,26,-0.0039712055416052765,0.39757121044652477
100,2,26,-0.016310330904337644,0.4095213349012052
100,3,26,-0.013395407053034391,-0.8072220266376366
100,4,26,0.014992244769537505,-1.1899052593373114
100,5,26,0.026445559468085692,0.3834502201957576
100,6,26,0.0055906594443310385,0.935180502279176
100,7,26,-0.009860881352177454,0.029065483092315963
100,8,26,-0.014647328186840707,-0.2100774755191322
100,9,26,-0.020650210421780505,-0.5034250268494666
100,10,26,-0.01966914364835807,-0.38025012162071703
100,11,26,-0.015224903066121875,1.1355264107062022
100,12,26,-0.003955469874085271,2.268334668195827
100,13,26,0.019913235326344206,2.0876294474097254
100,14,26,0.03390412433453226,0.2244392202674379
100,15,26,0.020390144067829873,-2.1930470404409634
100,16,26,-0.004649694773474497,-1.958703165087273
100,17,26,-0.008280632138569095,0.33857708195780734
100,18,26,0.008277117096052382,0.915378142022358
100,19,26,0.009805223068521676,-0.4096812079925536
100,20,26,-0.00803755352039694,-0.35997604586763454
100,21,26,-0.0060806551650048725,0.7023965728304675
100,22,26,0.0028472481244254423,-0.019507315884674747
100,23,26,-0.00957744224460315,-0.3844973469591017
100,24,26,-0.0014558152208474402,0.11295490669208194
100,25,26,-0.0014558152208472802,-0.11295490669208241
100,26,26,-0.009577442244603253,0.3844973469590976
100,27,26,0.00284724812442544,0.019507315884679133
100,28,26,-0.006080655165004863,-0.7023965728304712
100,29,26,-0.008037553520396978,0.3599760458676331
100,30,26,0.009805223068521723,0.4096812079925539
100,31,26,0.008277117096052406,-0.9153781420223568
100,32,26,-0.008280632138569005,-0.33857708195780933
100,33,26,-0.004649694773474426,1.95870316508727
100,34,26,0.02039014406782988,2.193047040440966
100,35,26,0.033904124334532215,-0.22443922026743546
100,36,26,0.01991323532634421,-2.087629447409727
100,37,26,-0.00395546987408524,-2.268334668195825
100,38,26,-0.01522490306612189,-1.1355264107062035
100,39,26,-0.01966914364835803,0.3802501216207146
100,40,26,-0.020650210421780495,0.5034250268494707
100,41,26,-0.014647328186840738,0.21007747551913125
100,42,26,-0.009860881352177454,-0.029065483092315908
100,43,26,0.005590659444331014,-0.9351805022791744
100,44,26,0.026445559468085685,-0.3834502201957609
100,45,26,0.01499224476953755,1.1899052593373114
100,46,26,-0.013395407053034387,0.8072220266376392
100,47,26,-0.016310330904337672,-0.4095213349012054
100,48,26,-0.003971205541605284,-0.39757121044652566
100,1,27,-0.0023566359752418163,0.325868239967123
100,2,27,-0.014010972699045403,0.4791773159469645
100,3,27,-0.014712379671626688,-0.603011010870637
100,4,27,0.01162035354915716,-1.247143208297747
100,5,27,0.028036176871510013,0.19888956927718118
100,6,27,0.009368914401444646,1.127556171772442
100,7,27,-0.008724136049641918,0.1320512365782418
100,8,27,-0.010415330864354049,-0.5550974415601378
100,9,27,-0.013193425156578509,-1.1322652903429307
100,10,27,-0.013869998750784037,-1.9876550965719297
100,11,27,-0.012766283351626495,-1.2691732699821887
100,12,27,-0.012965229592142751,0.4733423534585892
100,13,27,0.0009791350147644318,1.6843392011665523
100,14,27,0.024766532120068716,1.6408592557954698
100,15,27,0.029820643663488328,-0.06891774886593183
100,16,27,0.00905513150656081,-1.2957914401076205
100,17,27,-0.007238760478691384,-0.06444072371783893
100,18,27,0.0010945546681443395,1.2573291960137492
100,19,27,0.00839925952595488,0.2578403440413014
100,20,27,-0.006777632434410798,-0.6313262835704184
100,21,27,-0.007838961269645256,0.13304744742909502
100,22,27,0.0031942037190097893,0.1674511664535451
100,23,27,-0.006354186473214435,-0.01622728304812071
100,24,27,-0.005786642827861468,0.1569673546627989
100,25,27,-0.00578664282786143,-0.1569673546627957
100,26,27,-0.006354186473214482,0.01622728304811824
100,27,27,0.003194203719009739,-0.1674511664535408
100,28,27,-0.0078389612696452,-0.1330474474290969
100,29,27,-0.006777632434410902,0.6313262835704151
100,30,27,0.008399259525954925,-0.25784034404130063
100,31,27,0.0010945546681444289,-1.257329196013752
100,32,27,-0.007238760478691299,0.0644407237178356
100,33,27,0.009055131506560829,1.2957914401076223
100,34,27,0.029820643663488376,0.06891774886593582
100,35,27,0.02476653212006876,-1.640859255795469
100,36,27,0.0009791350147644456,-1.6843392011665528
100,37,27,-0.012965229592142758,-0.4733423534585902
100,38,27,-0.012766283351626495,1.2691732699821867
100,39,27,-0.013869998750784013,1.9876550965719308
100,40,27,-0.01319342515657853,1.1322652903429327
100,41,27,-0.010415330864354068,0.5550974415601365
100,42,27,-0.008724136049641916,-0.13205123657824053
100,43,27,0.009368914401444613,-1.1275561717724414
100,44,27,0.028036176871510023,-0.19888956927718413
100,45,27,0.011620353549157206,1.2471432082977476
100,46,27,-0.014712379671626693,0.6030110108706391
100,47,27,-0.014010972699045431,-0.4791773159469648
100,48,27,-0.0023566359752418215,-0.32586823996712366
100,1,28,-0.0008494707538575497,0.24191763230459973
100,2,28,-0.011397524581552538,0.517466060354892
100,3,28,-0.01583940218681064,-0.36515307373731587
100,4,28,0.006604953378520838,-1.222373510288417
100,5,28,0.027452970044422705,0.02558307832175921
100,6,28,0.012797755945149205,1.533583757719882
100,7,28,-0.008594952203221368,0.996193168870039
100,8,28,-0.007367612474314439,0.21818893192348715
100,9,28,-0.001261361311677781,-0.15908790684879748
100,10,28,0.0009640488476298234,-1.507797573989762
100,11,28,0.0016785362155435843,-2.3453887383788836
100,12,28,-0.006854855284117157,-1.3269544031514195
100,13,28,-0.012305921480779185,0.3730570698712905
100,14,28,0.0027784254023896582,1.5838471209543377
100,15,28,0.020414744260348776,1.3060549527020822
100,16,28,0.013207757216041793,-0.1909729366902183
100,17,28,-0.006967305860011557,-0.6180523295061925
100,18,28,-0.006768274738710049,0.40397017826666104
100,19,28,0.007790757656603509,0.4113239265053164
100,20,28,3.997287344124304e-5,-0.3490237019157386
100,21,28,-0.009234248724557175,0.002890986949306451
100,22,28,-0.001771363482413464,0.3030965667464425
100,23,28,-0.0034617966554901644,0.06341505415347418
100,24,28,-0.007298389442593512,0.010049472739715737
100,25,28,-0.007298389442593465,-0.010049472739716875
100,26,28,-0.0034617966554902225,-0.0634150541534746
100,27,28,-0.0017713634824134683,-0.30309656674644003
100,28,28,-0.009234248724557163,-0.0028909869493093376
100,29,28,3.997287344116845e-5,0.3490237019157399
100,30,28,0.007790757656603592,-0.4113239265053146
100,31,28,-0.006768274738709983,-0.4039701782666649
100,32,28,-0.006967305860011543,0.6180523295061894
100,33,28,0.013207757216041827,0.19097293669021842
100,34,28,0.020414744260348873,-1.3060549527020802
100,35,28,0.0027784254023896886,-1.5838471209543374
100,36,28,-0.01230592148077917,-0.3730570698712914
100,37,28,-0.006854855284117162,1.3269544031514195
100,38,28,0.0016785362155436,2.345388738378885
100,39,28,0.0009640488476298377,1.507797573989765
100,40,28,-0.0012613613116777768,0.15908790684879814
100,41,28,-0.007367612474314429,-0.21818893192348848
100,42,28,-0.008594952203221377,-0.9961931688700374
100,43,28,0.012797755945149179,-1.533583757719883
100,44,28,0.02745297004442273,-0.025583078321762154
100,45,28,0.006604953378520879,1.222373510288419
100,46,28,-0.015839402186810653,0.36515307373731754
100,47,28,-0.011397524581552559,-0.5174660603548928
100,48,28,-0.0008494707538575503,-0.24191763230460034
100,1,29,0.0005023410598623383,0.15163414041425743
100,2,29,-0.008359915890956355,0.4946822914381214
100,3,29,-0.015786914177127402,-0.1842214050211333
100,4,29,0.0012117564745480398,-1.2598516339459853
100,5,29,0.024192741106268043,-0.5017584799344876
100,6,29,0.012927749441531768,1.3008094374523165
100,7,29,-0.01710056082153167,1.4385229168099931
100,8,29,-0.023690183200848557,0.898377251098103
100,9,29,-0.011035967822125545,1.3381375378404554
100,10,29,0.0028124000971122103,0.9832408988162499
100,11,29,0.01642262556907586,-0.7001271088427856
100,12,29,0.016280897818552464,-1.63360215043989
100,13,29,-0.0026436823058629735,-1.1392453401544975
100,14,29,-0.01083967877216781,-0.017173338916251835
100,15,29,0.006731169516444181,0.6615873335843118
100,16,29,0.019218853003423287,0.06922039536315289
100,17,29,0.004930815892680723,-0.7376843866468982
100,18,29,-0.0074880107335005665,-0.2130388454660575
100,19,29,0.0031458954512694082,0.4592097025739613
100,20,29,0.004144454987284724,0.20411593149407428
100,21,29,-0.009573867921021105,0.12510820979990384
100,22,29,-0.010454200687580384,0.18995191946970377
100,23,29,-0.0020203454541524724,-0.36300143626364956
100,24,29,-0.005084584987026394,-0.4038810017112953
100,25,29,-0.005084584987026516,0.4038810017112941
100,26,29,-0.0020203454541524116,0.3630014362636534
100,27,29,-0.010454200687580423,-0.18995191946970508
100,28,29,-0.009573867921021127,-0.12510820979990417
100,29,29,0.004144454987284654,-0.2041159314940748
100,30,29,0.003145895451269463,-0.4592097025739607
100,31,29,-0.007488010733500538,0.21303884546605317
100,32,29,0.004930815892680743,0.7376843866468991
100,33,29,0.01921885300342333,-0.06922039536315083
100,34,29,0.006731169516444217,-0.6615873335843105
100,35,29,-0.010839678772167785,0.017173338916251613
100,36,29,-0.0026436823058629665,1.1392453401544982
100,37,29,0.016280897818552492,1.6336021504398914
100,38,29,0.01642262556907591,0.7001271088427863
100,39,29,0.0028124000971122363,-0.9832408988162498
100,40,29,-0.011035967822125525,-1.3381375378404563
100,41,29,-0.023690183200848557,-0.8983772510981022
100,42,29,-0.01710056082153169,-1.4385229168099913
100,43,29,0.01292774944153175,-1.300809437452319
100,44,29,0.024192741106268078,0.5017584799344859
100,45,29,0.0012117564745480675,1.2598516339459873
100,46,29,-0.01578691417712742,0.1842214050211345
100,47,29,-0.008359915890956374,-0.4946822914381223
100,48,29,0.0005023410598623402,-0.15163414041425774
100,1,30,0.001513915502682209,0.08703735256545948
100,2,30,-0.00519523462597439,0.4616510609761261
100,3,30,-0.013846378879838637,0.02206421169667397
100,4,30,-0.0015096321946494562,-1.1490839283331322
100,5,30,0.02446385430366887,-1.0651886527450634
100,6,30,0.022619164904050637,0.4264581343453804
100,7,30,-0.010955901003349894,0.6794170145791475
100,8,30,-0.03413794179041124,-0.3915219205004553
100,9,30,-0.033253552462417485,-0.14316438641111895
100,10,30,-0.023962360605329393,1.0424925773469624
100,11,30,-0.003873157257051464,0.8872934720890631
100,12,30,0.023009733922099648,-0.3179368823952613
100,13,30,0.027431561491382733,-1.0734170876651583
100,14,30,0.0074707878808729835,-0.8505208421011856
100,15,30,0.0012479257938103683,0.07896481398142524
100,16,30,0.018364165568557186,0.615375254709416
100,17,30,0.019807579937181092,0.24219593614570695
100,18,30,-0.002003201900047257,0.1482674486272458
100,19,30,-0.0067618095617728805,0.44437871142794594
100,20,30,0.003459753684347436,0.016780790978501083
100,21,30,-0.00023307210317338126,-0.3927832167373739
100,22,30,-0.006003520207129307,0.17337020947158627
100,23,30,0.001926179727813075,0.15795485206454493
100,24,30,-0.006193588398224292,-0.1798197029331578
100,25,30,-0.006193588398224422,0.1798197029331575
100,26,30,0.0019261797278131358,-0.15795485206454163
100,27,30,-0.006003520207129335,-0.17337020947158968
100,28,30,-0.0002330721031733882,0.392783216737376
100,29,30,0.0034597536843474002,-0.01678079097849993
100,30,30,-0.006761809561772821,-0.44437871142794694
100,31,30,-0.002003201900047261,-0.1482674486272477
100,32,30,0.019807579937181137,-0.24219593614570373
100,33,30,0.01836416556855726,-0.6153752547094155
100,34,30,0.0012479257938104173,-0.07896481398142813
100,35,30,0.007470787880872966,0.8505208421011844
100,36,30,0.027431561491382747,1.0734170876651583
100,37,30,0.023009733922099672,0.31793688239526174
100,38,30,-0.003873157257051448,-0.8872934720890624
100,39,30,-0.0239623606053294,-1.0424925773469633
100,40,30,-0.033253552462417485,0.1431643864111184
100,41,30,-0.03413794179041125,0.3915219205004566
100,42,30,-0.010955901003349929,-0.6794170145791472
100,43,30,0.02261916490405063,-0.4264581343453826
100,44,30,0.024463854303668917,1.065188652745063
100,45,30,-0.0015096321946494328,1.1490839283331342
100,46,30,-0.013846378879838655,-0.022064211696673247
100,47,30,-0.005195234625974402,-0.46165106097612685
100,48,30,0.0015139155026822112,-0.08703735256545961
100,1,31,0.0018218428062459992,0.04170707289744369
100,2,31,-0.003056364901023323,0.4207617510434248
100,3,31,-0.012327370631269369,0.2641138768513929
100,4,31,-0.00541438839133674,-0.709190503229106
100,5,31,0.02102848349403568,-0.9572734637882125
100,6,31,0.0326950372404136,0.35913465467462413
100,7,31,0.010647503575626488,1.0056845397399328
100,8,31,-0.013630910318521141,-0.5025923038663153
100,9,31,-0.016895089981528263,-1.8219506524396467
100,10,31,-0.01712965440250784,-1.1368884632962721
100,11,31,-0.019902584680380416,0.05765675328058639
100,12,31,-0.004706709338403033,0.39709781603662914
100,13,31,0.021008692353304204,0.22690122806773105
100,14,31,0.022050959693534898,0.028524778308332555
100,15,31,-0.0005901904201486485,0.18573898373121933
100,16,31,-0.006365832454835859,0.6363706168484166
100,17,31,0.007705625288997185,0.4969719023847119
100,18,31,0.0035520502841923708,-0.04392920596115322
100,19,31,-0.01107821718333777,0.023931182952709934
100,20,31,-0.003774977116539983,0.016189756255496887
100,21,31,0.0023975910357851233,-0.42815215772508497
100,22,31,-0.006096041944214452,0.17041343057056532
100,23,31,-0.002589502502673053,0.6514929848209386
100,24,31,-0.011549821245049312,0.17686934507342583
100,25,31,-0.011549821245049503,-0.17686934507342844
100,26,31,-0.002589502502672943,-0.6514929848209349
100,27,31,-0.006096041944214514,-0.17041343057056907
100,28,31,0.0023975910357850565,0.42815215772508897
100,29,31,-0.003774977116539956,-0.01618975625549779
100,30,31,-0.01107821718333774,-0.023931182952713015
100,31,31,0.0035520502841923547,0.04392920596115346
100,32,31,0.0077056252889972365,-0.4969719023847087
100,33,31,-0.00636583245483584,-0.6363706168484162
100,34,31,-0.0005901904201486494,-0.18573898373121944
100,35,31,0.0220509596935349,-0.028524778308330778
100,36,31,0.021008692353304246,-0.2269012280677321
100,37,31,-0.004706709338403004,-0.3970978160366299
100,38,31,-0.019902584680380427,-0.057656753280586615
100,39,31,-0.017129654402507827,1.1368884632962717
100,40,31,-0.016895089981528246,1.8219506524396474
100,41,31,-0.013630910318521157,0.5025923038663176
100,42,31,0.010647503575626448,-1.0056845397399332
100,43,31,0.03269503724041361,-0.35913465467462624
100,44,31,0.021028483494035723,0.9572734637882124
100,45,31,-0.005414388391336731,0.7091905032291076
100,46,31,-0.012327370631269383,-0.26411387685139265
100,47,31,-0.0030563649010233278,-0.4207617510434254
100,48,31,0.0018218428062460029,-0.04170707289744374
100,1,32,0.001787162949893087,-0.009669782748871949
100,2,32,-0.0015162205731279361,0.3122575974399549
100,3,32,-0.010850513558399503,0.3337857406575755
100,4,32,-0.010385990028747454,-0.39476217631186156
100,5,32,0.009584974396670488,-0.808506848108504
100,6,32,0.025374420723370168,0.4088122154162255
100,7,32,0.011059879526227135,1.9609142452299442
100,8,32,-0.012861380700873046,1.4824861552546147
100,9,32,-0.011589628150843533,-0.3284637107965568
100,10,32,0.0037305275071075478,-1.0354568824697226
100,11,32,0.0021452421317817126,-0.5120226280326033
100,12,32,-0.008679347096153929,-0.05457594132736204
100,13,32,-0.0013789126067568222,0.14511234720598765
100,14,32,0.016470197530834133,0.213536038024456
100,15,32,0.013700396243223084,-0.03366205582960567
100,16,32,-0.004389460668223448,-0.23432276210642228
100,17,32,-0.0024839368669267955,-0.23199580890348515
100,18,32,0.011973076493217485,-0.3887876852852253
100,19,32,0.0045769238963885885,-0.10811295333434279
100,20,32,-0.005579956715454919,0.6073681790532401
100,21,32,-0.0038278776274800596,0.3428967869289946
100,22,32,-0.010464076747574219,-0.18360548651320413
100,23,32,-0.007397372256179591,-0.16328873895332818
100,24,32,-0.003743555496981339,-0.0829802525257753
100,25,32,-0.003743555496981432,0.08298025252577554
100,26,32,-0.0073973722561795265,0.1632887389533304
100,27,32,-0.010464076747574304,0.18360548651320316
100,28,32,-0.0038278776274800847,-0.34289678692899334
100,29,32,-0.005579956715454888,-0.6073681790532419
100,30,32,0.004576923896388531,0.10811295333434161
100,31,32,0.011973076493217568,0.38878768528522484
100,32,32,-0.002483936866926706,0.23199580890348395
100,33,32,-0.004389460668223443,0.23432276210641959
100,34,32,0.013700396243223112,0.03366205582960652
100,35,32,0.016470197530834188,-0.2135360380244538
100,36,32,-0.0013789126067567919,-0.1451123472059871
100,37,32,-0.008679347096153912,0.05457594132736271
100,38,32,0.0021452421317817143,0.5120226280326035
100,39,32,0.003730527507107573,1.0354568824697226
100,40,32,-0.01158962815084351,0.32846371079655845
100,41,32,-0.012861380700873072,-1.482486155254613
100,42,32,0.011059879526227105,-1.960914245229946
100,43,32,0.025374420723370185,-0.4088122154162275
100,44,32,0.009584974396670512,0.8085068481085048
100,45,32,-0.010385990028747454,0.3947621763118627
100,46,32,-0.010850513558399515,-0.3337857406575756
100,47,32,-0.0015162205731279385,-0.3122575974399553
100,48,32,0.00178716294989309,0.00966978274887197
100,1,33,0.001791491786542352,-0.04150729240211423
100,2,33,0.0001401097108438763,0.191519805310552
100,3,33,-0.007477690668776014,0.27037848438576745
100,4,33,-0.010353895233053521,-0.31434434371457737
100,5,33,0.003310925669869497,-1.01083539185678
100,6,33,0.019342161736529955,-0.4279491939569052
100,7,33,0.008423679264817116,1.2224555580251029
100,8,33,-0.02442663566181067,1.7971632074132566
100,9,33,-0.03843055358367023,0.6291861921910018
100,10,33,-0.01838615191306489,-0.43131944507986975
100,11,33,0.004563622553503318,-0.3837564417897695
100,12,33,0.005333002355020757,-0.2714287180204093
100,13,33,-0.000981210434029726,-0.560290354128873
100,14,33,0.008436011245051066,-0.5346603478727863
100,15,33,0.023836671626219403,-0.18161559035382696
100,16,33,0.01987826325973779,0.001163324931430787
100,17,33,0.004714964314043085,0.15385834598479284
100,18,33,0.006023320167758207,0.22536635141919142
100,19,33,0.009722118132982379,0.16387354042032232
100,20,33,-0.0017019079163334287,0.4823352963421762
100,21,33,-0.0065883638459614275,0.5369824378849049
100,22,33,-0.0053411476191153814,-0.27317343141312395
100,23,33,-0.005848674122627162,-0.6535130411044484
100,24,33,0.003977368253908268,-0.24460332905013574
100,25,33,0.003977368253908319,0.24460332905013704
100,26,33,-0.005848674122627207,0.6535130411044455
100,27,33,-0.005341147619115436,0.27317343141312533
100,28,33,-0.006588363845961398,-0.5369824378849049
100,29,33,-0.00170190791633347,-0.4823352963421784
100,30,33,0.009722118132982377,-0.1638735404203207
100,31,33,0.006023320167758253,-0.22536635141919129
100,32,33,0.004714964314043053,-0.1538583459847947
100,33,33,0.019878263259737815,-0.0011633249314311755
100,34,33,0.023836671626219476,0.18161559035382724
100,35,33,0.008436011245051136,0.5346603478727869
100,36,33,-0.0009812104340297112,0.5602903541288737
100,37,33,0.005333002355020762,0.27142871802040985
100,38,33,0.004563622553503331,0.3837564417897691
100,39,33,-0.01838615191306485,0.4313194450798705
100,40,33,-0.03843055358367023,-0.6291861921909998
100,41,33,-0.024426635661810706,-1.7971632074132566
100,42,33,0.008423679264817099,-1.2224555580251046
100,43,33,0.01934216173652998,0.42794919395690456
100,44,33,0.0033109256698695163,1.010835391856781
100,45,33,-0.010353895233053523,0.31434434371457803
100,46,33,-0.007477690668776024,-0.2703784843857678
100,47,33,0.00014010971084387608,-0.1915198053105523
100,48,33,0.0017914917865423543,0.04150729240211425
100,1,34,0.0015636943783124612,-0.03736148669223545
100,2,34,0.001049599251804479,0.13072412463119665
100,3,34,-0.004278116115820546,0.2582805106534224
100,4,34,-0.0077424738451771355,-0.12230092630297355
100,5,34,0.002643187444635534,-0.8861975472212908
100,6,34,0.02187070822092893,-0.9446520483776897
100,7,34,0.023061346078681134,0.15022852314256166
100,8,34,-0.005361113635375934,0.947722060223753
100,9,34,-0.034357029338968996,0.1608117310814834
100,10,34,-0.03126842854305656,-1.0737123276267677
100,11,34,-0.004472335612541932,-1.057265991212341
100,12,34,0.013697112145709041,-0.27884845667432634
100,13,34,0.012203434648998994,-0.12853586092444735
100,14,34,0.007643934202482695,-0.3653049323434343
100,15,34,0.013443365291167152,-0.014090687646910356
100,16,34,0.018037572745907945,0.6613796988003247
100,17,34,0.004958529724429785,0.9197276937110679
100,18,34,-0.011038662816559977,0.6410103375631026
100,19,34,-0.008854509743706274,-0.05869667516683651
100,20,34,-0.0032837302992726716,-0.5259492493467137
100,21,34,-0.0036491063080389147,-0.11189695911149683
100,22,34,3.644825978458058e-5,0.2359086237759171
100,23,34,-0.008490697037589506,0.25039432050769767
100,24,34,-0.010461586381068337,0.17717857992988795
100,25,34,-0.010461586381068177,-0.17717857992988728
100,26,34,-0.008490697037589652,-0.25039432050769805
100,27,34,3.644825978461446e-5,-0.23590862377591462
100,28,34,-0.0036491063080389555,0.11189695911149408
100,29,34,-0.0032837302992726842,0.525949249346712
100,30,34,-0.008854509743706244,0.05869667516683627
100,31,34,-0.011038662816559975,-0.6410103375631021
100,32,34,0.004958529724429792,-0.9197276937110683
100,33,34,0.018037572745907983,-0.6613796988003242
100,34,34,0.013443365291167174,0.014090687646910162
100,35,34,0.007643934202482696,0.36530493234343575
100,36,34,0.012203434648998996,0.12853586092444758
100,37,34,0.013697112145709059,0.2788484566743265
100,38,34,-0.004472335612541909,1.0572659912123399
100,39,34,-0.03126842854305653,1.0737123276267682
100,40,34,-0.03435702933896901,-0.16081173108148253
100,41,34,-0.005361113635375968,-0.9477220602237544
100,42,34,0.023061346078681134,-0.15022852314256363
100,43,34,0.02187070822092895,0.9446520483776893
100,44,34,0.002643187444635546,0.8861975472212917
100,45,34,-0.007742473845177141,0.12230092630297403
100,46,34,-0.004278116115820553,-0.25828051065342267
100,47,34,0.0010495992518044796,-0.13072412463119681
100,48,34,0.0015636943783124632,0.0373614866922355
100,1,35,0.0010704283766210878,-0.026839322429309677
100,2,35,0.0009496429233712053,0.09344967565120368
100,3,35,-0.0029576815110094745,0.25473908583358
100,4,35,-0.007208718622200209,0.11020991258576066
100,5,35,-0.0015012181628442436,-0.435421690952051
100,6,35,0.01623391244362837,-0.6655468020965754
100,7,35,0.02733096789167052,0.1239345855430496
100,8,35,0.012642921142717593,1.151108190699755
100,9,35,-0.015846145555232748,0.8744424295436692
100,10,35,-0.02585782415137075,-0.541576573209127
100,11,35,-0.008162043620121193,-1.196854698451311
100,12,35,0.01358411493075747,-0.3202789893541508
100,13,35,0.01759191462189458,0.6675350084025077
100,14,35,0.00787458274342146,0.5613392888885284
100,15,35,0.0014882391535280036,0.028581404971239854
100,16,35,0.00504149135439177,0.022255585602693806
100,17,35,0.006918367644202263,0.27023457801058925
100,18,35,-0.002315347835076323,0.20479254781253053
100,19,35,-0.007909842207010482,-0.21360258416651384
100,20,35,-0.0006144800940583507,-0.6613501762524998
100,21,35,0.0031636782394645043,-0.3544823724929861
100,22,35,0.0024204133018758136,0.4977711652280814
100,23,35,-0.006319817032164134,0.8525921175520772
100,24,35,-0.016569980236774477,0.4157789036398714
100,25,35,-0.01656998023677446,-0.415778903639872
100,26,35,-0.006319817032164164,-0.8525921175520773
100,27,35,0.002420413301875847,-0.49777116522808174
100,28,35,0.003163678239464459,0.35448237249298425
100,29,35,-0.000614480094058339,0.6613501762525006
100,30,35,-0.007909842207010452,0.2136025841665144
100,31,35,-0.002315347835076336,-0.20479254781252976
100,32,35,0.006918367644202296,-0.27023457801058864
100,33,35,0.005041491354391802,-0.022255585602693972
100,34,35,0.001488239153528024,-0.02858140497123984
100,35,35,0.00787458274342147,-0.5613392888885288
100,36,35,0.0175919146218946,-0.6675350084025078
100,37,35,0.01358411493075748,0.3202789893541494
100,38,35,-0.00816204362012117,1.1968546984513109
100,39,35,-0.025857824151370758,0.5415765732091286
100,40,35,-0.015846145555232775,-0.8744424295436686
100,41,35,0.012642921142717567,-1.151108190699756
100,42,35,0.02733096789167053,-0.12393458554305058
100,43,35,0.016233912443628387,0.6655468020965756
100,44,35,-0.0015012181628442397,0.43542169095205174
100,45,35,-0.007208718622200214,-0.11020991258576042
100,46,35,-0.002957681511009478,-0.25473908583358024
100,47,35,0.0009496429233712064,-0.09344967565120378
100,48,35,0.0010704283766210891,0.026839322429309715
100,1,36,0.000681164137327338,-0.0264362067330523
100,2,36,0.0007530985827040528,0.0453153739531694
100,3,36,-0.002045100514517113,0.18013994971642175
100,4,36,-0.00660816169937629,0.15222873999097125
100,5,36,-0.005684894376838874,-0.20985309212453904
100,6,36,0.005758137162405477,-0.49588271276890056
100,7,36,0.01727193948663577,0.03372789270362336
100,8,36,0.009921502272425362,1.2038826751466865
100,9,36,-0.0162360975543978,1.6450356005766622
100,10,36,-0.035097866675348366,0.5829694111979806
100,11,36,-0.026301954030671742,-0.804413577995905
100,12,36,-0.0017585407341034103,-0.8926073183969714
100,13,36,0.012257435322201107,0.1044121044521073
100,14,36,0.008392860858556363,0.5745892786356026
100,15,36,0.0008420455343387334,-0.08293823654456402
100,16,36,0.0034370652543648777,-0.8124657822944582
100,17,36,0.01431553435690446,-0.694264327474819
100,18,36,0.018196726641933586,-0.013670430024656094
100,19,36,0.008378907983558937,0.5394837843166079
100,20,36,-0.001726529677711558,0.5322829188170042
100,21,36,-0.005547511367850283,0.1332560304962938
100,22,36,-0.007002312920711054,-0.04171600584558249
100,23,36,-0.003355394157931761,-0.02260771107966647
100,24,36,-0.0034201092383455236,-0.023183745651225385
100,25,36,-0.00342010923834559,0.023183745651223192
100,26,36,-0.0033553941579317014,0.02260771107966769
100,27,36,-0.00700231292071106,0.04171600584558258
100,28,36,-0.00554751136785028,-0.13325603049629417
100,29,36,-0.0017265296777115788,-0.5322829188170046
100,30,36,0.00837890798355893,-0.5394837843166089
100,31,36,0.018196726641933607,0.013670430024655941
100,32,36,0.014315534356904502,0.6942643274748199
100,33,36,0.0034370652543649115,0.8124657822944584
100,34,36,0.000842045534338736,0.08293823654456389
100,35,36,0.008392860858556374,-0.5745892786356026
100,36,36,0.012257435322201119,-0.10441210445210708
100,37,36,-0.0017585407341033912,0.8926073183969703
100,38,36,-0.02630195403067172,0.804413577995906
100,39,36,-0.035097866675348366,-0.5829694111979786
100,40,36,-0.016236097554397828,-1.6450356005766618
100,41,36,0.009921502272425357,-1.2038826751466878
100,42,36,0.017271939486635784,-0.033727892703623946
100,43,36,0.005758137162405492,0.495882712768901
100,44,36,-0.005684894376838872,0.20985309212453948
100,45,36,-0.006608161699376293,-0.1522287399909712
100,46,36,-0.002045100514517115,-0.1801399497164219
100,47,36,0.0007530985827040536,-0.045315373953169466
100,48,36,0.000681164137327339,0.02643620673305233
100,1,37,0.0004949889349784547,-0.024478715457115118
100,2,37,0.0007726839226236289,0.010641591109440927
100,3,37,-0.0008061543465740914,0.0971571095944215
100,4,37,-0.004265986683918194,0.09583341864767138
100,5,37,-0.005058042442993011,-0.17916427467031804
100,6,37,0.002250780506809366,-0.5610438357076026
100,7,37,0.01310817484845693,-0.44572779173453636
100,8,37,0.011748217148838135,0.40997477773973323
100,9,37,-0.009603387204487569,1.161231879205535
100,10,37,-0.034065861797553075,0.6924200834633951
100,11,37,-0.035477852214050566,-0.7779254147516637
100,12,37,-0.010567585446787611,-1.7248751049684523
100,13,37,0.016693782393477272,-1.226814194543575
100,14,37,0.02492298773998297,-0.11393931061576959
100,15,37,0.017355897119906108,0.2621295332121648
100,16,37,0.010562485889353357,-0.17053062391969587
100,17,37,0.012687692595686561,-0.3675633994072752
100,18,37,0.016436635731855803,0.20414944713853628
100,19,37,0.008920816092519492,0.989611433554309
100,20,37,-0.008574405649572882,1.1638016009006558
100,21,37,-0.019593273850403947,0.3949969012703118
100,22,37,-0.01849866831234058,-0.6306354984128724
100,23,37,-0.005582761715390424,-1.0007813147092084
100,24,37,0.0058798553762042785,-0.481247012602419
100,25,37,0.005879855376204279,0.4812470126024167
100,26,37,-0.005582761715390379,1.0007813147092088
100,27,37,-0.01849866831234059,0.6306354984128726
100,28,37,-0.01959327385040393,-0.39499690127031006
100,29,37,-0.008574405649572908,-1.1638016009006564
100,30,37,0.008920816092519475,-0.9896114335543094
100,31,37,0.016436635731855827,-0.20414944713853608
100,32,37,0.012687692595686565,0.36756339940727406
100,33,37,0.010562485889353344,0.17053062391969592
100,34,37,0.017355897119906098,-0.26212953321216426
100,35,37,0.024922987739982992,0.11393931061576998
100,36,37,0.016693782393477286,1.226814194543575
100,37,37,-0.010567585446787587,1.724875104968453
100,38,37,-0.035477852214050545,0.7779254147516644
100,39,37,-0.034065861797553096,-0.6924200834633945
100,40,37,-0.009603387204487583,-1.1612318792055356
100,41,37,0.011748217148838138,-0.409974777739734
100,42,37,0.013108174848456944,0.44572779173453614
100,43,37,0.0022507805068093744,0.561043835707603
100,44,37,-0.0050580424429930125,0.17916427467031829
100,45,37,-0.0042659866839181975,-0.09583341864767143
100,46,37,-0.0008061543465740926,-0.09715710959442163
100,47,37,0.0007726839226236297,-0.010641591109440952
100,48,37,0.0004949889349784551,0.024478715457115136
100,1,38,0.00035229487451441635,-0.0158442513347022
100,2,38,0.0006714934430521336,0.0025607753312077387
100,3,38,-6.554567383585017e-5,0.061128993846352266
100,4,38,-0.002245026929189415,0.08342582151575363
100,5,38,-0.0031539736519907244,-0.08713713387524065
100,6,38,0.0020846160587562447,-0.43530855578445027
100,7,38,0.012963025578974897,-0.5656254508308995
100,8,38,0.018393348338869093,-0.08495122652456469
100,9,38,0.006762451394853508,0.6759016410125263
100,10,38,-0.0161555195209166,0.7567834649173758
100,11,38,-0.02737614307707317,-0.24416998763702524
100,12,38,-0.011576381046477943,-1.4130458073461036
100,13,38,0.01907187660964547,-1.4544243123862142
100,14,38,0.03741189156539988,-0.2480037132821164
100,15,38,0.030912016449109438,1.005089400391227
100,16,38,0.011288397851561906,1.224666429312109
100,17,38,-0.0029827503882242333,0.6010323677697882
100,18,38,-0.005030915899984298,0.06783430499249447
100,19,38,-0.0019937577690528363,0.05547421323825508
100,20,38,-0.004035689005021822,0.25099126143673933
100,21,38,-0.009320058879275301,0.1616471055780872
100,22,38,-0.010798195143417512,-0.25013609537577336
100,23,38,-0.007178114128070244,-0.49069044130858686
100,24,38,-0.001855248999818055,-0.24537050434498878
100,25,38,-0.0018552489998180741,0.24537050434498872
100,26,38,-0.007178114128070227,0.49069044130858663
100,27,38,-0.010798195143417507,0.2501360953757725
100,28,38,-0.009320058879275278,-0.16164710557808504
100,29,38,-0.004035689005021837,-0.25099126143673944
100,30,38,-0.001993757769052821,-0.05547421323825674
100,31,38,-0.005030915899984306,-0.06783430499249407
100,32,38,-0.002982750388224275,-0.6010323677697874
100,33,38,0.011288397851561903,-1.2246664293121086
100,34,38,0.03091201644910945,-1.0050894003912274
100,35,38,0.0374118915653999,0.24800371328211407
100,36,38,0.019071876609645502,1.4544243123862128
100,37,38,-0.01157638104647793,1.413045807346104
100,38,38,-0.027376143077073187,0.24416998763702635
100,39,38,-0.01615551952091662,-0.7567834649173754
100,40,38,0.006762451394853495,-0.6759016410125271
100,41,38,0.018393348338869096,0.08495122652456409
100,42,38,0.012963025578974906,0.5656254508308998
100,43,38,0.002084616058756248,0.43530855578445055
100,44,38,-0.0031539736519907266,0.08713713387524077
100,45,38,-0.002245026929189417,-0.08342582151575369
100,46,38,-6.55456738358507e-5,-0.061128993846352335
100,47,38,0.000671493443052134,-0.0025607753312077534
100,48,38,0.0003522948745144167,0.01584425133470221
100,1,39,0.00020159346150293653,-0.007781630659036074
100,2,39,0.00041029140259309826,0.003724792502753648
100,3,39,-4.640523934712797e-6,0.047387838563814615
100,4,39,-0.0015434716830592834,0.08937090712970207
100,5,39,-0.002809518599131445,0.02345726214541891
100,6,39,-0.000111801318046566,-0.19432814594978134
100,7,39,0.008117969715425938,-0.3435544514151563
100,8,39,0.015525203677420187,-0.05566903003881869
100,9,39,0.010899871398051708,0.6579067914661269
100,10,39,-0.008150988472049639,1.1420724415974426
100,11,39,-0.026989491339324233,0.7307806867712717
100,12,39,-0.026236086466497038,-0.3302261245023653
100,13,39,-0.0038501058726988155,-0.9600334260394583
100,14,39,0.02010636410049978,-0.42979746319319223
100,15,39,0.02398941592442876,0.7505724783601717
100,16,39,0.006808606292777922,1.3558471732401929
100,17,39,-0.013121461749962144,0.7726417051991668
100,18,39,-0.018220688187311214,-0.4046607259696993
100,19,39,-0.006621431807937041,-1.1128552347018628
100,20,39,0.008581248016908382,-0.8588732744311306
100,21,39,0.0129880980857183,0.022878920050473168
100,22,39,0.0044761895858891464,0.7737798174043845
100,23,39,-0.010708001550908678,0.8898311528549524
100,24,39,-0.02156989604980272,0.38331222448579744
100,25,39,-0.021569896049802702,-0.3833122244857963
100,26,39,-0.010708001550908734,-0.8898311528549516
100,27,39,0.004476189585889157,-0.7737798174043858
100,28,39,0.012988098085718283,-0.02287892005047413
100,29,39,0.008581248016908377,0.8588732744311304
100,30,39,-0.006621431807937015,1.1128552347018612
100,31,39,-0.018220688187311204,0.40466072596970115
100,32,39,-0.013121461749962166,-0.7726417051991665
100,33,39,0.006808606292777908,-1.3558471732401935
100,34,39,0.02398941592442876,-0.7505724783601728
100,35,39,0.020106364100499787,0.429797463193191
100,36,39,-0.0038501058726988,0.9600334260394586
100,37,39,-0.02623608646649704,0.33022612450236655
100,38,39,-0.026989491339324247,-0.7307806867712707
100,39,39,-0.008150988472049658,-1.142072441597443
100,40,39,0.0108998713980517,-0.6579067914661275
100,41,39,0.015525203677420194,0.05566903003881855
100,42,39,0.008117969715425943,0.3435544514151564
100,43,39,-0.00011180131804656534,0.19432814594978154
100,44,39,-0.0028095185991314467,-0.02345726214541884
100,45,39,-0.0015434716830592847,-0.08937090712970211
100,46,39,-4.640523934713109e-6,-0.047387838563814656
100,47,39,0.0004102914025930984,-0.0037247925027536505
100,48,39,0.00020159346150293666,0.007781630659036082
100,1,40,9.741649477747668e-5,-0.004314813727434996
100,2,40,0.00020756619499852672,0.0017216270999915622
100,3,40,-6.700378392857071e-5,0.02964186714000902
100,4,40,-0.0012029286061557424,0.06688291433835371
100,5,40,-0.002651506169103416,0.048656161026294116
100,6,40,-0.0020403290181758055,-0.08128102335456013
100,7,40,0.0026789133312946677,-0.22078652104145918
100,8,40,0.008605486750906693,-0.09350723623868096
100,9,40,0.007217714548518395,0.4369953545942416
100,10,40,-0.007376093343142374,1.0122134303009678
100,11,40,-0.0283363511447637,0.9714146617303396
100,12,40,-0.03827797251524586,0.09035572957881657
100,13,40,-0.025637681996741088,-0.9960646870769294
100,14,40,0.0018067717832689033,-1.3488898411943142
100,15,40,0.02296165200117708,-0.7183503215651056
100,16,40,0.02383620756143784,0.17643317702980077
100,17,40,0.010131961516910782,0.4191547023190693
100,18,40,-0.0009684094876540013,-0.13964211583614927
100,19,40,0.0012443338402393072,-0.7756507731034202
100,20,40,0.012110234141404243,-0.7059578041858058
100,21,40,0.01711348008898848,0.14537462693264414
100,22,40,0.007448662604236517,1.0941221594311146
100,23,40,-0.012188558350205228,1.3191974483994726
100,24,40,-0.02793122422735732,0.5844482542045435
100,25,40,-0.02793122422735731,-0.5844482542045428
100,26,40,-0.012188558350205258,-1.3191974483994728
100,27,40,0.007448662604236505,-1.0941221594311143
100,28,40,0.01711348008898847,-0.1453746269326441
100,29,40,0.012110234141404242,0.7059578041858057
100,30,40,0.001244333840239308,0.7756507731034198
100,31,40,-0.000968409487654023,0.13964211583615
100,32,40,0.010131961516910766,-0.41915470231906915
100,33,40,0.02383620756143784,-0.1764331770298031
100,34,40,0.022961652001177096,0.7183503215651048
100,35,40,0.0018067717832689336,1.3488898411943153
100,36,40,-0.025637681996741057,0.9960646870769302
100,37,40,-0.03827797251524585,-0.09035572957881571
100,38,40,-0.02833635114476371,-0.9714146617303392
100,39,40,-0.0073760933431423845,-1.0122134303009682
100,40,40,0.0072177145485183974,-0.43699535459424227
100,41,40,0.0086054867509067,0.09350723623868082
100,42,40,0.002678913331294672,0.22078652104145935
100,43,40,-0.002040329018175805,0.08128102335456022
100,44,40,-0.0026515061691034167,-0.048656161026294095
100,45,40,-0.001202928606155743,-0.06688291433835372
100,46,40,-6.700378392857071e-5,-0.029641867140009034
100,47,40,0.0002075661949985269,-0.0017216270999915607
100,48,40,9.741649477747677e-5,0.004314813727434999
100,1,41,5.328284168746466e-5,-0.0032716611162397938
100,2,41,0.00012866237372068936,-0.0012730798249019305
100,3,41,-4.993009551823197e-6,0.012834779740439341
100,4,41,-0.0006896567662051866,0.03431115915393776
100,5,41,-0.0017547438647613448,0.02412405803765079
100,6,41,-0.0017687603276984262,-0.0696286359927205
100,7,41,0.0011340877343015599,-0.21640510762628168
100,8,41,0.006162955388099329,-0.2402235429075893
100,9,41,0.007830300872135753,0.03398351415401031
100,10,41,-0.0001581945491288127,0.48227449309493087
100,11,41,-0.016478664573384375,0.6221858630860382
100,12,41,-0.02886730494706203,0.04523983741880257
100,13,41,-0.022993013364122666,-1.0371408597079235
100,14,41,0.0031725154429504162,-1.8208450846269644
100,15,41,0.034744845655801,-1.6163942400130162
100,16,41,0.051455987654489777,-0.5219904701158155
100,17,41,0.044566810476210715,0.6603375734613369
100,18,41,0.02259798294790344,1.166955443564391
100,19,41,0.001541074465397095,0.9070054031942856
100,20,41,-0.008683881846901768,0.38316541121221837
100,21,41,-0.009561610776019362,0.10170448609826169
100,22,41,-0.008613194856715899,0.14218136234154222
100,23,41,-0.010035677371833317,0.2244366899114138
100,24,41,-0.012444938669505669,0.11433879797796764
100,25,41,-0.012444938669505686,-0.11433879797796775
100,26,41,-0.010035677371833321,-0.2244366899114114
100,27,41,-0.008613194856715935,-0.1421813623415406
100,28,41,-0.009561610776019384,-0.10170448609826262
100,29,41,-0.008683881846901774,-0.38316541121221936
100,30,41,0.0015410744653970927,-0.9070054031942851
100,31,41,0.02259798294790342,-1.1669554435643903
100,32,41,0.04456681047621069,-0.6603375734613376
100,33,41,0.051455987654489777,0.5219904701158138
100,34,41,0.03474484565580103,1.6163942400130158
100,35,41,0.003172515442950437,1.820845084626965
100,36,41,-0.022993013364122662,1.0371408597079244
100,37,41,-0.02886730494706203,-0.045239837418802206
100,38,41,-0.016478664573384386,-0.6221858630860382
100,39,41,-0.00015819454912882136,-0.4822744930949316
100,40,41,0.007830300872135753,-0.033983514154010755
100,41,41,0.0061629553880993325,0.24022354290758935
100,42,41,0.0011340877343015612,0.21640510762628182
100,43,41,-0.0017687603276984264,0.06962863599272055
100,44,41,-0.0017547438647613454,-0.024124058037650786
100,45,41,-0.0006896567662051869,-0.03431115915393778
100,46,41,-4.993009551823184e-6,-0.01283477974043935
100,47,41,0.00012866237372068941,0.001273079824901931
100,48,41,5.3282841687464676e-5,0.0032716611162397946
100,1,42,3.663411014665509e-5,-0.0023115057414511814
100,2,42,9.681415215230306e-5,-0.0018166230823513424
100,3,42,6.0865321089260656e-5,0.005003567600188801
100,4,42,-0.00027288403967143474,0.016696853548603025
100,5,42,-0.0008566166448451634,0.011140992069584889
100,6,42,-0.0008342014191341666,-0.0505626489618823
100,7,42,0.0012737525483148002,-0.1703941181609289
100,8,42,0.005737427562287002,-0.2488621314676728
100,9,42,0.009474087377612664,-0.1294115958817776
100,10,42,0.007137307534508301,0.20654693054269646
100,11,42,-0.003296562257655832,0.48979380201537376
100,12,42,-0.015425780211840524,0.32968627666638517
100,13,42,-0.017093184033011292,-0.3553612452291727
100,14,42,-0.001033177369069536,-1.0964622215509476
100,15,42,0.026111702305725473,-1.1860011365793985
100,16,42,0.046419030889893485,-0.32140778188955155
100,17,42,0.04410537562931772,1.0491559350175408
100,18,42,0.01811559496845031,2.03714181806985
100,19,42,-0.017157597645586338,2.0011946346669034
100,20,42,-0.042713252395791476,1.0050206208558612
100,21,42,-0.04734317292931547,-0.3016502800339226
100,22,42,-0.033206382327574696,-1.1725105219842566
100,23,42,-0.012006185109287786,-1.2080659768005821
100,24,42,0.0028039975879902406,-0.4995913888356332
100,25,42,0.00280399758799018,0.49959138883563614
100,26,42,-0.0120061851092878,1.2080659768005828
100,27,42,-0.03320638232757472,1.1725105219842553
100,28,42,-0.04734317292931548,0.3016502800339207
100,29,42,-0.042713252395791476,-1.0050206208558612
100,30,42,-0.017157597645586362,-2.001194634666904
100,31,42,0.018115594968450277,-2.037141818069851
100,32,42,0.044105375629317684,-1.0491559350175408
100,33,42,0.046419030889893485,0.32140778188955044
100,34,42,0.0261117023057255,1.186001136579399
100,35,42,-0.0010331773690695177,1.0964622215509485
100,36,42,-0.017093184033011292,0.3553612452291727
100,37,42,-0.015425780211840538,-0.32968627666638517
100,38,42,-0.0032965622576558466,-0.4897938020153741
100,39,42,0.007137307534508294,-0.20654693054269685
100,40,42,0.009474087377612668,0.12941159588177759
100,41,42,0.005737427562287006,0.248862131467673
100,42,42,0.0012737525483148006,0.17039411816092898
100,43,42,-0.000834201419134167,0.05056264896188231
100,44,42,-0.000856616644845164,-0.011140992069584897
100,45,42,-0.00027288403967143496,-0.016696853548603036
100,46,42,6.086532108926065e-5,-0.005003567600188803
100,47,42,9.68141521523031e-5,0.0018166230823513426
100,48,42,3.6634110146655104e-5,0.002311505741451182
100,1,43,2.3857440264323735e-5,-0.0012026122630973478
100,2,43,6.160269505852327e-5,-0.0007220980141607382
100,3,43,5.1731909469539483e-5,0.003519764996490683
100,4,43,-0.00012314228308665126,0.011895508983422433
100,5,43,-0.0004697451204201166,0.013595758602465702
100,6,43,-0.0005210607804226431,-0.015331643513069133
100,7,43,0.0007247774919401731,-0.0848754009281188
100,8,43,0.0038292945232551046,-0.14283793565982478
100,9,43,0.007219240429282945,-0.07291295743968129
100,10,43,0.006893775902045767,0.1986226025195431
100,11,43,-0.0005343729753854827,0.5565157526210298
100,12,43,-0.013155577688312103,0.7032536285842939
100,13,43,-0.022656436715160523,0.40985537989882614
100,14,43,-0.020028204113735754,-0.19175948005818355
100,15,43,-0.004259395829074902,-0.6155046142444784
100,16,43,0.014392497019616866,-0.41124245076917065
100,17,43,0.020986941683671184,0.39383970759312714
100,18,43,0.007620792081028681,1.2375137243073102
100,19,43,-0.019625323405586426,1.4377419729022298
100,20,43,-0.044588419898769945,0.7388504876955289
100,21,43,-0.05240960352298732,-0.4682826803526439
100,22,43,-0.03968625437287632,-1.4152788893553299
100,23,43,-0.016390026429796575,-1.4859268340399248
100,24,43,0.0012218755188608175,-0.6261510421008144
100,25,43,0.001221875518860824,0.6261510421008141
100,26,43,-0.016390026429796593,1.4859268340399254
100,27,43,-0.039686254372876324,1.41527888935533
100,28,43,-0.05240960352298734,0.4682826803526424
100,29,43,-0.044588419898769986,-0.7388504876955287
100,30,43,-0.01962532340558642,-1.4377419729022296
100,31,43,0.007620792081028685,-1.23751372430731
100,32,43,0.020986941683671177,-0.3938397075931269
100,33,43,0.014392497019616876,0.4112424507691701
100,34,43,-0.004259395829074879,0.6155046142444783
100,35,43,-0.02002820411373576,0.19175948005818438
100,36,43,-0.022656436715160537,-0.4098553798988258
100,37,43,-0.013155577688312117,-0.7032536285842941
100,38,43,-0.0005343729753854897,-0.55651575262103
100,39,43,0.006893775902045767,-0.1986226025195433
100,40,43,0.00721924042928295,0.0729129574396813
100,41,43,0.0038292945232551072,0.14283793565982483
100,42,43,0.0007247774919401735,0.08487540092811882
100,43,43,-0.0005210607804226436,0.015331643513069131
100,44,43,-0.0004697451204201168,-0.0135957586024657
100,45,43,-0.00012314228308665136,-0.011895508983422436
100,46,43,5.173190946953947e-5,-0.0035197649964906854
100,47,43,6.160269505852327e-5,0.0007220980141607377
100,48,43,2.3857440264323745e-5,0.001202612263097348
100,1,44,1.2196263384870176e-5,-0.00041477986019133504
100,2,44,2.7608091956192922e-5,0.0001985724254661023
100,3,44,1.1093075101786371e-5,0.0031915894597787644
100,4,44,-0.00011135812217523973,0.0094487083157488
100,5,44,-0.0003742250347505339,0.014196423191218674
100,6,44,-0.0005600597038822969,0.00404745684370288
100,7,44,-8.252449433818882e-5,-0.0307710471500881
100,8,44,0.0015522199648857374,-0.06617640251027895
100,9,44,0.0036225491797929332,-0.02856850603671343
100,10,44,0.00348430978904961,0.15579787499703981
100,11,44,-0.002082739223728469,0.453704783225243
100,12,44,-0.013472267802040378,0.6681600326469123
100,13,44,-0.025702360596080637,0.5471832151254525
100,14,44,-0.030283710377713373,0.017619607790908577
100,15,44,-0.02145824596686522,-0.6718306201568739
100,16,44,-0.0019093223275476732,-1.083043655674732
100,17,44,0.017621810396110348,-0.9260683807743996
100,18,44,0.02538473907222045,-0.3082900537702023
100,19,44,0.016902172384987712,0.33891008433239694
100,20,44,-0.0022543275169044155,0.6003165019295692
100,21,44,-0.02121786815728499,0.3917212189645505
100,22,44,-0.031819364159961235,-0.012320549751058119
100,23,44,-0.03350461905027586,-0.23921567325317195
100,24,44,-0.03169046077595731,-0.1335280942936646
100,25,44,-0.031690460775957364,0.13352809429366433
100,26,44,-0.033504619050275866,0.23921567325317433
100,27,44,-0.031819364159961235,0.012320549751057008
100,28,44,-0.02121786815728499,-0.39172121896455164
100,29,44,-0.002254327516904433,-0.6003165019295704
100,30,44,0.016902172384987688,-0.33891008433239755
100,31,44,0.025384739072220438,0.308290053770203
100,32,44,0.017621810396110348,0.9260683807743989
100,33,44,-0.0019093223275476576,1.0830436556747314
100,34,44,-0.02145824596686521,0.6718306201568742
100,35,44,-0.030283710377713376,-0.017619607790907564
100,36,44,-0.025702360596080647,-0.5471832151254524
100,37,44,-0.013472267802040389,-0.6681600326469124
100,38,44,-0.0020827392237284725,-0.4537047832252432
100,39,44,0.003484309789049611,-0.15579787499703998
100,40,44,0.0036225491797929354,0.028568506036713452
100,41,44,0.0015522199648857382,0.066176402510279
100,42,44,-8.252449433818887e-5,0.030771047150088104
100,43,44,-0.0005600597038822971,-0.004047456843702881
100,44,44,-0.000374225034750534,-0.014196423191218673
100,45,44,-0.00011135812217523976,-0.009448708315748802
100,46,44,1.1093075101786357e-5,-0.0031915894597787666
100,47,44,2.7608091956192922e-5,-0.00019857242546610267
100,48,44,1.219626338487018e-5,0.0004147798601913352
100,1,45,4.5778162025792805e-6,-6.363479179737625e-5
100,2,45,7.181546411144964e-6,0.0004296568876179783
100,3,45,-1.288455052361651e-5,0.002247424660777509
100,4,45,-0.00010038837986491866,0.005939755164617936
100,5,45,-0.00028741952297042935,0.009090926396772432
100,6,45,-0.0004753210098085045,0.003844902271791498
100,7,45,-0.0003298364498101127,-0.018283282908831223
100,8,45,0.0005322129996925821,-0.049493011777212714
100,9,45,0.001889905433736725,-0.050056546610706826
100,10,45,0.002259306421366513,0.033988105254138076
100,11,45,-0.0006854291521665212,0.20622394956543932
100,12,45,-0.008036820618018983,0.3568642917584442
100,13,45,-0.017188829976035117,0.2900780614953024
100,14,45,-0.021656598858758834,-0.1285231157031033
100,15,45,-0.014696334453335291,-0.8048699911639134
100,16,45,0.005171943605410689,-1.3947500707849618
100,17,45,0.03111271958482281,-1.4927666614623063
100,18,45,0.050455129940681714,-0.9088170778305905
100,19,45,0.0514962055680044,0.18266626902856434
100,20,45,0.030013610863800753,1.3347254279440521
100,21,45,-0.008754702735550447,2.0816068812551216
100,22,45,-0.053217927595420454,2.164177284677887
100,23,45,-0.09077153903835761,1.5954571418763126
100,24,45,-0.11193493721253933,0.5830027405968647
100,25,45,-0.11193493721253929,-0.5830027405968652
100,26,45,-0.09077153903835766,-1.5954571418763135
100,27,45,-0.05321792759542043,-2.1641772846778853
100,28,45,-0.008754702735550474,-2.0816068812551203
100,29,45,0.030013610863800735,-1.3347254279440517
100,30,45,0.05149620556800437,-0.18266626902856545
100,31,45,0.0504551299406817,0.9088170778305901
100,32,45,0.031112719584822812,1.492766661462306
100,33,45,0.005171943605410696,1.3947500707849616
100,34,45,-0.014696334453335283,0.8048699911639137
100,35,45,-0.021656598858758834,0.1285231157031036
100,36,45,-0.017188829976035123,-0.29007806149530246
100,37,45,-0.00803682061801899,-0.35686429175844436
100,38,45,-0.0006854291521665243,-0.2062239495654395
100,39,45,0.002259306421366514,-0.03398810525413813
100,40,45,0.0018899054337367263,0.05005654661070686
100,41,45,0.0005322129996925825,0.04949301177721276
100,42,45,-0.00032983644981011273,0.018283282908831237
100,43,45,-0.0004753210098085045,-0.0038449022717914937
100,44,45,-0.0002874195229704294,-0.009090926396772432
100,45,45,-0.00010038837986491872,-0.005939755164617938
100,46,45,-1.2884550523616529e-5,-0.00224742466077751
100,47,45,7.1815464111449634e-6,-0.00042965688761797846
100,48,45,4.577816202579281e-6,6.363479179737628e-5
100,1,46,1.1395280033935015e-6,2.5301938906894473e-5
100,2,46,-2.838167833659759e-7,0.00030061181998966303
100,3,46,-1.5114625608674634e-5,0.001162189332189407
100,4,46,-6.584182152585874e-5,0.0027277603493121687
100,5,46,-0.00016745898059470347,0.0034521533845396843
100,6,46,-0.0002620187777150977,-0.0015527968170981903
100,7,46,-0.00014186976718737738,-0.018891647091384366
100,8,46,0.0004915919446097375,-0.04806228235867383
100,9,46,0.001682729342507448,-0.06977496112356651
100,10,46,0.0027423511213081737,-0.04878359817546481
100,11,46,0.0022438768998165803,0.03334991333984902
100,12,46,-0.0009197839061937116,0.13150087849078737
100,13,46,-0.005784379736518078,0.1292036403618012
100,14,46,-0.00846510567602287,-0.08686134503898268
100,15,46,-0.0038423153576023768,-0.5002277093785378
100,16,46,0.010428560610222778,-0.891691765946458
100,17,46,0.030199666851510324,-0.9154855226092147
100,18,46,0.04465061711031423,-0.30944257232155503
100,19,46,0.04075996785286764,0.895815281774127
100,20,46,0.010235388877267437,2.3215405239112576
100,21,46,-0.045146855624162194,3.390137941451884
100,22,46,-0.11288059700119776,3.5944237697650947
100,23,46,-0.1740124933358705,2.736378632103334
100,24,46,-0.21015593892150647,1.0210565266505953
100,25,46,-0.2101559389215065,-1.0210565266505967
100,26,46,-0.17401249333587043,-2.736378632103334
100,27,46,-0.11288059700119775,-3.594423769765093
100,28,46,-0.04514685562416221,-3.3901379414518846
100,29,46,0.010235388877267403,-2.321540523911257
100,30,46,0.04075996785286763,-0.8958152817741267
100,31,46,0.04465061711031422,0.3094425723215546
100,32,46,0.030199666851510314,0.9154855226092143
100,33,46,0.01042856061022278,0.8916917659464582
100,34,46,-0.003842315357602376,0.5002277093785381
100,35,46,-0.008465105676022872,0.08686134503898271
100,36,46,-0.005784379736518082,-0.1292036403618012
100,37,46,-0.0009197839061937132,-0.13150087849078745
100,38,46,0.0022438768998165794,-0.033349913339849116
100,39,46,0.0027423511213081745,0.04878359817546478
100,40,46,0.001682729342507449,0.06977496112356653
100,41,46,0.0004915919446097381,0.048062282358673866
100,42,46,-0.00014186976718737738,0.01889164709138438
100,43,46,-0.00026201877771509776,0.0015527968170981918
100,44,46,-0.00016745898059470352,-0.0034521533845396856
100,45,46,-6.584182152585876e-5,-0.0027277603493121695
100,46,46,-1.5114625608674643e-5,-0.0011621893321894074
100,47,46,-2.83816783365976e-7,-0.00030061181998966314
100,48,46,1.1395280033935018e-6,-2.530193890689447e-5
100,1,47,9.655308772197695e-8,2.404975709025203e-5
100,2,47,-1.3577142169723956e-6,0.0001387935762286101
100,3,47,-9.025018135031751e-6,0.0004501144813953028
100,4,47,-3.1561829811716673e-5,0.0008814697460194028
100,5,47,-7.08933223013751e-5,0.0004574969754348281
100,6,47,-8.70941217403098e-5,-0.003634071662948714
100,7,47,4.930062074355044e-5,-0.015526893547546654
100,8,47,0.0005458907748831306,-0.03629024546717987
100,9,47,0.0015189898981368985,-0.05654520008382537
100,10,47,0.002693268778404584,-0.05430378531686287
100,11,47,0.003265125694787157,-0.008902403611665352
100,12,47,0.002334180423818228,0.07117610736913216
100,13,47,-9.639066350397899e-5,0.1323684487923692
100,14,47,-0.0023305171993044755,0.10452204877194084
100,15,47,-0.0015470177830561528,-0.026018011058620394
100,16,47,0.0039050810071540546,-0.15157887621479774
100,17,47,0.011717081264831192,-0.059274421813229394
100,18,47,0.014629900428036585,0.44760869510032325
100,19,47,0.002834426237264983,1.3861756334968671
100,20,47,-0.03086899155395006,2.5040347421350386
100,21,47,-0.0859107841618736,3.344955764395032
100,22,47,-0.1519697820157853,3.4536773896616926
100,23,47,-0.21170941164633883,2.6117948140666134
100,24,47,-0.24721992408176235,0.973726619698811
100,25,47,-0.24721992408176235,-0.9737266196988126
100,26,47,-0.21170941164633886,-2.6117948140666116
100,27,47,-0.15196978201578526,-3.4536773896616917
100,28,47,-0.08591078416187362,-3.3449557643950323
100,29,47,-0.030868991553950058,-2.5040347421350377
100,30,47,0.002834426237264971,-1.3861756334968671
100,31,47,0.014629900428036587,-0.44760869510032275
100,32,47,0.011717081264831189,0.05927442181322977
100,33,47,0.0039050810071540555,0.15157887621479763
100,34,47,-0.0015470177830561524,0.02601801105862031
100,35,47,-0.0023305171993044747,-0.10452204877194096
100,36,47,-9.639066350397891e-5,-0.13236844879236914
100,37,47,0.0023341804238182274,-0.07117610736913216
100,38,47,0.003265125694787157,0.008902403611665315
100,39,47,0.0026932687784045842,0.054303785316862835
100,40,47,0.0015189898981368992,0.05654520008382538
100,41,47,0.0005458907748831309,0.036290245467179884
100,42,47,4.930062074355044e-5,0.015526893547546657
100,43,47,-8.709412174030983e-5,0.0036340716629487155
100,44,47,-7.089332230137512e-5,-0.0004574969754348281
100,45,47,-3.156182981171669e-5,-0.0008814697460194029
100,46,47,-9.025018135031755e-6,-0.0004501144813953029
100,47,47,-1.3577142169723956e-6,-0.00013879357622861017
100,48,47,9.655308772197695e-8,-2.4049757090252035e-5
100,1,48,-5.718288181325213e-8,1.0098495885738819e-5
100,2,48,-7.260163300611857e-7,4.5474793389849226e-5
100,3,48,-3.526381219509146e-6,0.00012719215442404688
100,4,48,-1.0807216092242463e-5,0.00017953324146016675
100,5,48,-2.076261882016641e-5,-0.0002569450319270863
100,6,48,-1.214743060972076e-5,-0.0024141858247302642
100,7,48,7.775985251970362e-5,-0.0081250533271377
100,8,48,0.000353013439582192,-0.017982296930605088
100,9,48,0.0008893630460737119,-0.027805520078055406
100,10,48,0.0015901206574818532,-0.026554952060132413
100,11,48,0.0020804275292377857,-0.0009901243955690118
100,12,48,0.0018359960019340008,0.051854915787670555
100,13,48,0.0006116319781841861,0.11399022532129188
100,14,48,-0.00111986930561284,0.15369630901085757
100,15,48,-0.0022709149725581987,0.156215276142286
100,16,48,-0.0021000010578793088,0.15843868530487615
100,17,48,-0.001600437039104877,0.2516197345281386
100,18,48,-0.00421101835676049,0.5310461924773617
100,19,48,-0.01485186920902418,1.0137196920815936
100,20,48,-0.037322346256114663,1.580952504849317
100,21,48,-0.07136825030057978,1.9983025670656438
100,22,48,-0.11126279152273566,2.018130931272192
100,23,48,-0.14707697666999073,1.5130474360480795
100,24,48,-0.16832893802138668,0.5624603760981646
100,25,48,-0.16832893802138665,-0.5624603760981645
100,26,48,-0.14707697666999076,-1.5130474360480792
100,27,48,-0.11126279152273569,-2.018130931272192
100,28,48,-0.07136825030057976,-1.9983025670656436
100,29,48,-0.03732234625611467,-1.5809525048493165
100,30,48,-0.014851869209024177,-1.0137196920815936
100,31,48,-0.004211018356760486,-0.5310461924773616
100,32,48,-0.0016004370391048761,-0.25161973452813885
100,33,48,-0.0021000010578793105,-0.1584386853048765
100,34,48,-0.0022709149725582,-0.1562152761422862
100,35,48,-0.0011198693056128385,-0.15369630901085765
100,36,48,0.0006116319781841849,-0.11399022532129179
100,37,48,0.0018359960019340004,-0.05185491578767054
100,38,48,0.0020804275292377857,0.0009901243955690205
100,39,48,0.0015901206574818535,0.026554952060132406
100,40,48,0.0008893630460737122,0.027805520078055406
100,41,48,0.00035301343958219216,0.01798229693060509
100,42,48,7.775985251970366e-5,0.008125053327137704
100,43,48,-1.2147430609720764e-5,0.002414185824730265
100,44,48,-2.0762618820166413e-5,0.0002569450319270864
100,45,48,-1.0807216092242467e-5,-0.0001795332414601668
100,46,48,-3.526381219509147e-6,-0.00012719215442404694
100,47,48,-7.260163300611859e-7,-4.547479338984925e-5
100,48,48,-5.7182881813252196e-8,-1.0098495885738824e-5
200,1,1,0.0014266271900348348,-0.16396086459739476
200,2,1,0.001621620300932037,0.8137199010009329
200,3,1,-0.0011314371776020124,0.18868544148105065
200,4,1,-0.0015904428257651673,0.2664471517045469
200,5,1,0.00035928058157999425,0.20853992040814617
200,6,1,0.002086080690378275,-0.5798524160914109
200,7,1,-0.010872572100943095,-0.5847905318375275
200,8,1,-0.0241604898040761,-0.6021223519233009
200,9,1,-0.010765548588798836,-0.8882356285934209
200,10,1,0.007113895669568892,-0.649132201283616
200,11,1,0.004687786015269974,0.3568761990929371
200,12,1,-5.79467634585322e-5,0.8412430388084275
200,13,1,-0.001561820115050858,0.22551837703538735
200,14,1,-0.007091788556444859,0.029639522010186603
200,15,1,-0.0027133312700645374,0.3232631382915839
200,16,1,0.0008246741516911087,-0.1325757241943265
200,17,1,-0.00400548690480306,-0.5390267243488956
200,18,1,0.005919195818229249,-0.3080364035434577
200,19,1,0.008973422080810938,0.1294742329984017
200,20,1,-0.001287092868488828,0.7294140668867921
200,21,1,-0.003140124356444369,0.4590551146876573
200,22,1,-0.008720580189318391,-0.3364156786964695
200,23,1,0.0009252420037219697,-0.6658314126714003
200,24,1,0.007189209066854881,-0.3948373142519721
200,25,1,0.007189209066854788,0.3948373142519733
200,26,1,0.0009252420037220636,0.6658314126713997
200,27,1,-0.008720580189318435,0.33641567869646805
200,28,1,-0.0031401243564443656,-0.45905511468765425
200,29,1,-0.00128709286848882,-0.7294140668867934
200,30,1,0.008973422080810884,-0.1294742329984026
200,31,1,0.00591919581822932,0.30803640354345674
200,32,1,-0.004005486904803064,0.539026724348895
200,33,1,0.0008246741516911005,0.13257572419432812
200,34,1,-0.002713331270064496,-0.3232631382915864
200,35,1,-0.0070917885564448615,-0.029639522010188435
200,36,1,-0.0015618201150508718,-0.2255183770353856
200,37,1,-5.794676345851572e-5,-0.8412430388084258
200,38,1,0.004687786015269979,-0.3568761990929357
200,39,1,0.007113895669568873,0.6491322012836158
200,40,1,-0.0107655485887988,0.88823562859342
200,41,1,-0.02416048980407606,0.6021223519232998
200,42,1,-0.010872572100943088,0.5847905318375288
200,43,1,0.002086080690378256,0.5798524160914109
200,44,1,0.00035928058158001333,-0.20853992040814928
200,45,1,-0.001590442825765143,-0.26644715170454714
200,46,1,-0.0011314371776020259,-0.18868544148104813
200,47,1,0.00162162030093201,-0.8137199010009317
200,48,1,0.0014266271900348557,0.16396086459739356
200,1,2,0.008256488443099494,0.034960556081216676
200,2,2,0.001275498732913995,-0.814476042219852
200,3,2,-0.0055995769020457985,0.0051549156533354235
200,4,2,-0.005397673592311497,0.3624579754359603
200,5,2,0.00793497439848389,0.03630447977687487
200,6,2,0.01718178193618028,0.22478101382987542
200,7,2,0.008513407036635822,0.972450565626176
200,8,2,-0.006003343689216629,0.7524200211010706
200,9,2,-0.00613218803786329,-0.714784452022639
200,10,2,0.007467732696228982,-1.052381064041851
200,11,2,0.014863926251296787,0.20714227534824428
200,12,2,0.003512433617549683,0.7311722406418936
200,13,2,-0.012685464368450371,-0.06921377243150628
200,14,2,-0.009872710121607588,-0.545190063050334
200,15,2,0.004426082901814306,-0.2482048776798647
200,16,2,0.005277367899647179,0.08999391724279615
200,17,2,-0.00230195210254814,0.20418110181109234
200,18,2,-0.0021441108069864693,0.024932978896498023
200,19,2,-0.0012444591245138333,-0.16737034196021375
200,20,2,-0.0023112148738077334,0.04131049127584155
200,21,2,0.0014237332287553412,0.02053582586756457
200,22,2,-0.0031271070922900697,-0.04206020058235422
200,23,2,7.377466720436319e-5,-0.005462810834415861
200,24,2,-0.0008311755884700491,-0.07032470285808293
200,25,2,-0.0008311755884701996,0.07032470285808391
200,26,2,7.377466720451693e-5,0.005462810834415414
200,27,2,-0.003127107092290211,0.04206020058235265
200,28,2,0.0014237332287554464,-0.02053582586756219
200,29,2,-0.002311214873807794,-0.04131049127584355
200,30,2,-0.0012444591245138223,0.16737034196021416
200,31,2,-0.002144110806986465,-0.02493297889649857
200,32,2,-0.0023019521025481778,-0.20418110181109175
200,33,2,0.005277367899647186,-0.08999391724279464
200,34,2,0.004426082901814315,0.24820487767986216
200,35,2,-0.009872710121607578,0.5451900630503332
200,36,2,-0.01268546436845032,0.06921377243150609
200,37,2,0.003512433617549733,-0.7311722406418923
200,38,2,0.014863926251296783,-0.20714227534824362
200,39,2,0.007467732696228932,1.0523810640418516
200,40,2,-0.006132188037863275,0.7147844520226379
200,41,2,-0.006003343689216577,-0.7524200211010725
200,42,2,0.00851340703663582,-0.9724505656261748
200,43,2,0.017181781936180265,-0.22478101382987603
200,44,2,0.007934974398483972,-0.03630447977687776
200,45,2,-0.005397673592311407,-0.362457975435959
200,46,2,-0.0055995769020458054,-0.0051549156533331475
200,47,2,0.0012754987329139482,0.8144760422198531
200,48,2,0.008256488443099461,-0.03496055608121673
200,1,3,0.001979436352424327,-0.025514384810592317
200,2,3,0.008431017840116288,-0.7384404662597822
200,3,3,0.011032653510289994,-0.03667370925962739
200,4,3,0.0035791701454479527,-0.404262769264223
200,5,3,0.0003013575088754595,-1.134615084952138
200,6,3,0.005604569901716774,0.17025217494891404
200,7,3,0.007448086518472186,1.8423054501418175
200,8,3,-0.006177245222752533,1.7109009876937833
200,9,3,-0.01748127349113604,-0.16065186065268533
200,10,3,0.003734656168034341,-1.0058154720700343
200,11,3,0.028875679942709464,0.04154488511577946
200,12,3,0.010704846587865347,0.8874394121254655
200,13,3,-0.018631631761637193,0.3422664954802665
200,14,3,-0.00994955747817154,-0.8170545325738295
200,15,3,0.009903876966599334,-0.9748414548503999
200,16,3,0.012058733451324074,0.26460482132274843
200,17,3,0.005641354720512536,1.0069903049095312
200,18,3,-0.00690256285514847,0.4162821447123707
200,19,3,-0.009307978886003718,-0.3604246763552106
200,20,3,0.0020818820819977664,-0.7107941465802092
200,21,3,0.009152743660836108,-0.44579693689492034
200,22,3,0.008156614633509984,0.3461418051894358
200,23,3,0.002799868153300278,0.7117734006700449
200,24,3,-0.005790580611222241,0.3081997016327719
200,25,3,-0.005790580611222243,-0.30819970163277166
200,26,3,0.002799868153300295,-0.7117734006700445
200,27,3,0.008156614633509975,-0.3461418051894359
200,28,3,0.009152743660836104,0.44579693689492006
200,29,3,0.002081882081997757,0.7107941465802083
200,30,3,-0.009307978886003704,0.36042467635521014
200,31,3,-0.006902562855148505,-0.41628214471236874
200,32,3,0.0056413547205125805,-1.0069903049095315
200,33,3,0.012058733451324077,-0.26460482132275065
200,34,3,0.00990387696659928,0.9748414548504019
200,35,3,-0.009949557478171504,0.8170545325738299
200,36,3,-0.018631631761637166,-0.3422664954802692
200,37,3,0.010704846587865385,-0.8874394121254641
200,38,3,0.028875679942709523,-0.041544885115776455
200,39,3,0.003734656168034344,1.0058154720700343
200,40,3,-0.01748127349113609,0.16065186065268328
200,41,3,-0.006177245222752518,-1.7109009876937837
200,42,3,0.007448086518472213,-1.8423054501418146
200,43,3,0.005604569901716794,-0.17025217494891715
200,44,3,0.0003013575088755228,1.1346150849521357
200,45,3,0.00357917014544805,0.4042627692642254
200,46,3,0.011032653510290022,0.03667370925963191
200,47,3,0.008431017840116309,0.7384404662597837
200,48,3,0.0019794363524243148,0.02551438481059226
200,1,4,-0.00864414956690481,-0.5252962366796607
200,2,4,0.013410845791835747,1.3880541283045091
200,3,4,0.024335546691082156,0.6245486357378752
200,4,4,0.019006630041847796,-0.2869685678096816
200,5,4,0.004652948894529809,-0.7144849802333431
200,6,4,0.00031752031574606467,-0.4825224798778335
200,7,4,-0.008129114302243643,0.25885194791538746
200,8,4,-0.031091430683675144,0.18314380427353352
200,9,4,-0.03365052184619616,-0.7403408308774735
200,10,4,0.002671590625958942,-1.3063273470199201
200,11,4,0.030361134303511384,-0.2887224885580673
200,12,4,0.012347645126737802,1.34488403797364
200,13,4,-0.016019676579560424,1.2916514873596103
200,14,4,-0.0169072777282924,-0.31575719592676166
200,15,4,-0.002658039410617761,-0.9385623801176298
200,16,4,0.006494107733972404,-0.0189950798767186
200,17,4,0.005932489017574006,0.43161294808610473
200,18,4,-0.003993267665843708,0.08202690727912114
200,19,4,-0.005441903059332712,-0.06083129012877367
200,20,4,0.0019162516659444661,-0.16420679384200454
200,21,4,0.00038756875589630977,-0.07184036414310249
200,22,4,0.0011560034694781153,0.1458551822449345
200,23,4,-0.00016377702659636632,0.10800119888242023
200,24,4,-0.0021639833094748073,0.034994584112211936
200,25,4,-0.0021639833094747587,-0.03499458411221094
200,26,4,-0.00016377702659642714,-0.108001198882421
200,27,4,0.0011560034694781467,-0.1458551822449351
200,28,4,0.0003875687558962795,0.07184036414310094
200,29,4,0.001916251665944468,0.16420679384200598
200,30,4,-0.005441903059332696,0.06083129012877404
200,31,4,-0.003993267665843728,-0.08202690727912064
200,32,4,0.005932489017574037,-0.43161294808610395
200,33,4,0.006494107733972422,0.018995079876715726
200,34,4,-0.0026580394106177968,0.9385623801176312
200,35,4,-0.01690727772829242,0.3157571959267632
200,36,4,-0.016019676579560355,-1.2916514873596148
200,37,4,0.012347645126737845,-1.3448840379736426
200,38,4,0.030361134303511395,0.28872248855806987
200,39,4,0.002671590625958929,1.306327347019922
200,40,4,-0.033650521846196144,0.7403408308774725
200,41,4,-0.031091430683675148,-0.18314380427353408
200,42,4,-0.00812911430224363,-0.2588519479153878
200,43,4,0.00031752031574609936,0.4825224798778308
200,44,4,0.00465294889452986,0.7144849802333422
200,45,4,0.019006630041847817,0.2869685678096845
200,46,4,0.02433554669108217,-0.6245486357378742
200,47,4,0.013410845791835765,-1.3880541283045096
200,48,4,-0.00864414956690481,0.5252962366796604
200,1,5,0.0025907590849779567,-0.4378655049573551
200,2,5,0.0016887537970311337,0.344571002732565
200,3,5,-0.0017675737446176364,0.18665559225868544
200,4,5,0.00768502577910027,0.5020246151030354
200,5,5,0.0194452861497408,1.463717833114623
200,6,5,0.014692589469806052,0.8466308063334264
200,7,5,-0.006711629425041887,-0.3320198146220238
200,8,5,-0.02328013768847523,-0.8443717296434111
200,9,5,-0.013567949379038404,-1.0046739806064897
200,10,5,0.010604054053325825,-1.2595081676787834
200,11,5,0.020917446041692597,-0.5717666677964742
200,12,5,0.009767547626020152,1.0222835457676835
200,13,5,-0.009015448961353211,1.2317079345436681
200,14,5,-0.019192693631839716,-0.01917181826018477
200,15,5,-0.011551073606775961,-0.5393258662479947
200,16,5,0.0032549532603592703,-0.2774577887248404
200,17,5,0.006088624882946515,-0.3426897452842562
200,18,5,0.0014825363525833714,-0.23312296447722802
200,19,5,0.0036081597954502184,0.27307159908459877
200,20,5,0.0006748100035131182,0.4741270122146294
200,21,5,-0.00812166035005432,0.3624829577230305
200,22,5,-0.005500914733169828,-0.23271710928983258
200,23,5,-0.0016152168608666165,-0.6543326110537436
200,24,5,0.0060541401558529,-0.279780995622769
200,25,5,0.0060541401558529655,0.2797809956227691
200,26,5,-0.001615216860866692,0.6543326110537429
200,27,5,-0.005500914733169795,0.23271710928983633
200,28,5,-0.008121660350054353,-0.3624829577230309
200,29,5,0.0006748100035130797,-0.47412701221462694
200,30,5,0.0036081597954502036,-0.2730715990845989
200,31,5,0.0014825363525833336,0.23312296447722783
200,32,5,0.0060886248829465405,0.3426897452842548
200,33,5,0.0032549532603592603,0.27745778872484106
200,34,5,-0.011551073606775951,0.5393258662479964
200,35,5,-0.019192693631839734,0.019171818260185075
200,36,5,-0.009015448961353187,-1.231707934543669
200,37,5,0.009767547626020227,-1.0222835457676824
200,38,5,0.02091744604169261,0.5717666677964758
200,39,5,0.0106040540533258,1.2595081676787843
200,40,5,-0.01356794937903841,1.0046739806064908
200,41,5,-0.02328013768847523,0.8443717296434107
200,42,5,-0.0067116294250419055,0.33201981462202146
200,43,5,0.0146925894698061,-0.8466308063334271
200,44,5,0.01944528614974085,-1.4637178331146241
200,45,5,0.0076850257791002945,-0.502024615103036
200,46,5,-0.0017675737446176294,-0.18665559225868655
200,47,5,0.0016887537970311367,-0.34457100273256513
200,48,5,0.002590759084977967,0.4378655049573563
200,1,6,0.01505678444324236,0.5293642205286067
200,2,6,-0.004882562378166615,-1.9501184500274031
200,3,6,-0.008260804616814988,-1.5354278554231433
200,4,6,0.0073000749546994845,-0.39300745580514185
200,5,6,0.02286644377960563,1.2723056283197147
200,6,6,0.006519705542388736,1.915491618788761
200,7,6,-0.015254610286474232,0.617571597232454
200,8,6,-0.007201668607333478,-0.10601173801012054
200,9,6,0.012060100441389082,0.010747939459510414
200,10,6,0.015849831767656555,-0.16286416704510442
200,11,6,0.011135400242615584,-0.12166051576616752
200,12,6,0.007064620318223397,0.5144966688469952
200,13,6,-0.004384126208209976,0.4249183103276891
200,14,6,-0.015554790507245057,-0.42097217939585596
200,15,6,-0.004495155496552973,-0.5976381973804902
200,16,6,0.013327754264045127,-0.20486415704832117
200,17,6,0.008975754550745499,0.10277943413538779
200,18,6,-0.0004203040158116812,0.2894480689961498
200,19,6,0.002032623441087184,0.12543776052525013
200,20,6,0.0001494132040130644,-0.05208322624285517
200,21,6,-0.0013865829337430199,0.09930898124793802
200,22,6,0.002724329952763533,-0.14298398768221132
200,23,6,0.0005231410061436958,-0.262946306717165
200,24,6,0.005966262344664269,-0.016067251455685935
200,25,6,0.005966262344664332,0.016067251455687437
200,26,6,0.0005231410061436564,0.2629463067171619
200,27,6,0.0027243299527635236,0.14298398768221326
200,28,6,-0.0013865829337429791,-0.09930898124793774
200,29,6,0.00014941320401300586,0.05208322624285445
200,30,6,0.0020326234410871285,-0.12543776052525035
200,31,6,-0.00042030401581165866,-0.28944806899615083
200,32,6,0.008975754550745474,-0.10277943413538862
200,33,6,0.013327754264045113,0.2048641570483229
200,34,6,-0.00449515549655297,0.5976381973804891
200,35,6,-0.01555479050724509,0.4209721793958531
200,36,6,-0.004384126208209927,-0.42491831032768884
200,37,6,0.007064620318223434,-0.5144966688469935
200,38,6,0.011135400242615582,0.1216605157661679
200,39,6,0.015849831767656516,0.1628641670451036
200,40,6,0.012060100441389072,-0.010747939459508998
200,41,6,-0.007201668607333517,0.1060117380101201
200,42,6,-0.015254610286474261,-0.6175715972324567
200,43,6,0.0065197055423887665,-1.9154916187887614
200,44,6,0.022866443779605672,-1.2723056283197145
200,45,6,0.007300074954699547,0.39300745580514185
200,46,6,-0.008260804616814945,1.5354278554231422
200,47,6,-0.004882562378166546,1.9501184500274062
200,48,6,0.015056784443242401,-0.5293642205286051
200,1,7,0.0010653964119557349,0.45775265658604625
200,2,7,-0.0024831106285862206,-0.9937113811728794
200,3,7,0.015603805799463544,-1.6128449965161706
200,4,7,0.03410797628054081,-1.1207219653819547
200,5,7,0.026036518958547427,-0.150313001718683
200,6,7,-0.010853768234482218,0.9600487133485035
200,7,7,-0.03627766901836587,0.7007523134414329
200,8,7,-0.02047730043104137,-0.14216311500054843
200,9,7,0.003877679368956274,-0.20831003929346784
200,10,7,0.00622829098383691,0.06330277196679326
200,11,7,0.005087164270110502,0.3427292915986432
200,12,7,0.007028646444612973,0.555324286486218
200,13,7,-0.007271224770050243,0.27057483421720696
200,14,7,-0.019583830281294137,-0.442425208277348
200,15,7,-0.0016726131902529062,-0.7656838115670189
200,16,7,0.015254135699342773,-0.16978635928440894
200,17,7,0.00397879283714463,0.8043691359082283
200,18,7,-0.009285564373992031,0.7338067393159324
200,19,7,-0.009419199108045012,-0.34219971625681056
200,20,7,-0.003004350290540145,-0.7304148023030592
200,21,7,0.005356927918321552,-0.15826657269904953
200,22,7,0.007159046137681505,0.21409884595953158
200,23,7,-0.0031955532787188183,0.40134022981278833
200,24,7,-0.004721823901253938,0.29956729513986025
200,25,7,-0.004721823901253846,-0.29956729513985864
200,26,7,-0.0031955532787188642,-0.4013402298127913
200,27,7,0.007159046137681566,-0.21409884595952994
200,28,7,0.005356927918321587,0.1582665726990499
200,29,7,-0.003004350290540159,0.7304148023030613
200,30,7,-0.009419199108045046,0.3421997162568114
200,31,7,-0.009285564373992045,-0.7338067393159323
200,32,7,0.003978792837144632,-0.8043691359082272
200,33,7,0.015254135699342756,0.16978635928441113
200,34,7,-0.0016726131902529435,0.7656838115670187
200,35,7,-0.01958383028129415,0.44242520827734505
200,36,7,-0.007271224770050222,-0.27057483421720796
200,37,7,0.007028646444613006,-0.5553242864862182
200,38,7,0.005087164270110474,-0.34272929159864374
200,39,7,0.006228290983836911,-0.06330277196679349
200,40,7,0.0038776793689562702,0.20831003929346825
200,41,7,-0.020477300431041394,0.14216311500054868
200,42,7,-0.036277669018365856,-0.7007523134414364
200,43,7,-0.010853768234482197,-0.9600487133485035
200,44,7,0.026036518958547476,0.1503130017186849
200,45,7,0.03410797628054085,1.1207219653819536
200,46,7,0.015603805799463608,1.6128449965161695
200,47,7,-0.002483110628586168,0.993711381172881
200,48,7,0.0010653964119557002,-0.4577526565860449
200,1,8,-0.01602678886186774,-0.2672047762975718
200,2,8,0.0013446351570388813,0.9481395959966528
200,3,8,0.026711043921414192,0.1579925404438679
200,4,8,0.04259408400284624,-0.13283790888983407
200,5,8,0.02240954763057613,0.1391779840411904
200,6,8,-0.013500855135107844,0.5430687299551651
200,7,8,-0.03368725552740539,0.6286958144033491
200,8,8,-0.026062582943531785,-0.8063373685030111
200,9,8,-0.007718435052349383,-1.6226246387954517
200,10,8,0.0036784091894936826,-0.7263414291963545
200,11,8,0.014531710487600465,0.17074255688624387
200,12,8,0.01636122938470486,0.444500423915944
200,13,8,-0.00476019672576816,0.6739496267480375
200,14,8,-0.02003361650068214,0.3659653662664972
200,15,8,-0.006121795467913389,-0.5488093016471636
200,16,8,0.008143113764671186,-0.4810956776924218
200,17,8,0.004071614321350327,0.5626064717902547
200,18,8,-0.003681003937221419,0.4444659584723701
200,19,8,-0.00794630094614063,-0.5009222600591856
200,20,8,-0.00047755417570021386,-0.5187119285284891
200,21,8,0.00848026087879649,0.00582040122471672
200,22,8,0.006001467864036051,0.2904213366530722
200,23,8,-0.002294785193661445,0.37547351524950295
200,24,8,-0.00505611359634377,0.2010702985516421
200,25,8,-0.005056113596343712,-0.20107029855164338
200,26,8,-0.0022947851936614572,-0.3754735152495035
200,27,8,0.006001467864036144,-0.2904213366530711
200,28,8,0.008480260878796522,-0.005820401224717414
200,29,8,-0.0004775541757001682,0.5187119285284915
200,30,8,-0.007946300946140628,0.5009222600591866
200,31,8,-0.0036810039372214103,-0.44446595847237014
200,32,8,0.004071614321350321,-0.5626064717902571
200,33,8,0.008143113764671143,0.48109567769242395
200,34,8,-0.006121795467913394,0.5488093016471668
200,35,8,-0.020033616500682104,-0.3659653662664998
200,36,8,-0.0047601967257681795,-0.6739496267480386
200,37,8,0.016361229384704808,-0.44450042391594113
200,38,8,0.014531710487600475,-0.17074255688624418
200,39,8,0.003678409189493666,0.7263414291963547
200,40,8,-0.007718435052349431,1.6226246387954524
200,41,8,-0.026062582943531826,0.8063373685030113
200,42,8,-0.0336872555274054,-0.6286958144033507
200,43,8,-0.013500855135107811,-0.5430687299551671
200,44,8,0.022409547630576128,-0.1391779840411917
200,45,8,0.04259408400284625,0.1328379088898327
200,46,8,0.02671104392141425,-0.15799254044386876
200,47,8,0.0013446351570388934,-0.9481395959966535
200,48,8,-0.016026788861867775,0.2672047762975715
200,1,9,-0.018560786313890666,-0.24656676464225258
200,2,9,0.007996253026002792,0.9337232058706084
200,3,9,0.029044850942683657,0.9701330654883508
200,4,9,0.028060421910660126,0.753955744771685
200,5,9,0.007450102541495075,0.6380654307660276
200,6,9,-0.006253542517169221,0.886664587191484
200,7,9,-0.010470340481811832,0.5590589394548083
200,8,9,-0.012366555070858752,-0.8951349953454654
200,9,9,-0.005717571776462006,-1.5869773738869588
200,10,9,0.009696619132915104,-0.4580679737402895
200,11,9,0.021224796534588187,0.09815151945531944
200,12,9,0.01718340603587799,0.05115342683116314
200,13,9,-0.0026118191939086878,0.8922941550228563
200,14,9,-0.0192760776587252,0.9781168261013763
200,15,9,-0.015904195808242896,-0.5912215778461466
200,16,9,0.00034209220270473885,-1.1578999993696824
200,17,9,0.012409430717811653,-0.016539576112218915
200,18,9,0.00992174336083236,0.3954432546042487
200,19,9,-0.003974224311261555,0.04148670361679653
200,20,9,-0.0029697568436300556,0.03105023421700981
200,21,9,0.0028296704572067727,-0.06159993142350595
200,22,9,1.799291027811161e-5,-0.0136560209827849
200,23,9,0.0014966982568458327,0.05469463696565274
200,24,9,0.000774857805040852,-0.025614279937458274
200,25,9,0.0007748578050408399,0.025614279937455894
200,26,9,0.0014966982568458663,-0.054694636965652466
200,27,9,1.7992910278180456e-5,0.013656020982782402
200,28,9,0.0028296704572067753,0.0615999314235082
200,29,9,-0.002969756843629979,-0.031050234217009615
200,30,9,-0.003974224311261607,-0.041486703616797446
200,31,9,0.009921743360832406,-0.3954432546042475
200,32,9,0.012409430717811672,0.016539576112217555
200,33,9,0.0003420922027046998,1.1578999993696841
200,34,9,-0.0159041958082429,0.5912215778461478
200,35,9,-0.019276077658725205,-0.9781168261013776
200,36,9,-0.002611819193908688,-0.8922941550228554
200,37,9,0.017183406035877972,-0.05115342683116186
200,38,9,0.02122479653458823,-0.09815151945531918
200,39,9,0.009696619132915106,0.45806797374029007
200,40,9,-0.0057175717764620364,1.5869773738869593
200,41,9,-0.01236655507085881,0.8951349953454644
200,42,9,-0.010470340481811847,-0.559058939454808
200,43,9,-0.006253542517169237,-0.8866645871914846
200,44,9,0.007450102541495094,-0.6380654307660301
200,45,9,0.028060421910660154,-0.7539557447716838
200,46,9,0.029044850942683675,-0.970133065488351
200,47,9,0.007996253026002846,-0.9337232058706086
200,48,9,-0.018560786313890583,0.24656676464225313
200,1,10,0.007204840074512681,-0.828506566757319
200,2,10,0.02366731876479546,-0.9045796976945244
200,3,10,0.025305631921520244,-0.33896427367099646
200,4,10,0.006396528417708675,0.7740397935924023
200,5,10,-0.00712094159141087,1.0030005942191702
200,6,10,-0.0009999342661758262,0.8701647359609461
200,7,10,0.004661264397367867,0.0357625984138113
200,8,10,-0.0020323791821587854,-0.5167976711078278
200,9,10,-0.003343393175550732,-0.21405796446306352
200,10,10,0.007417014418168904,0.42360484030083756
200,11,10,0.012059210975523963,0.11315009974396725
200,12,10,0.006131904661379732,-0.16807828860555493
200,13,10,-0.0037751412623944244,0.9098783294912922
200,14,10,-0.016874883631063247,0.9775192852606934
200,15,10,-0.02196148217777742,-0.8847074831686288
200,16,10,-0.003550378977988337,-1.5325542751647123
200,17,10,0.01961129695088095,-0.18284559470600464
200,18,10,0.015560620198752121,0.7010297920408598
200,19,10,-0.006307276249968457,0.6843206295318371
200,20,10,-0.009397173561186955,0.34671019208944587
200,21,10,-0.006088184368222649,-0.28935742650622154
200,22,10,-0.007057436531885371,-0.3274663296362722
200,23,10,0.0030272553229467774,-0.27092423909174956
200,24,10,0.0041517010264939015,-0.2474773852422562
200,25,10,0.004151701026493893,0.24747738524225588
200,26,10,0.003027255322946833,0.2709242390917499
200,27,10,-0.007057436531885291,0.3274663296362693
200,28,10,-0.0060881843682226685,0.28935742650622487
200,29,10,-0.009397173561186892,-0.3467101920894455
200,30,10,-0.00630727624996846,-0.6843206295318389
200,31,10,0.015560620198752125,-0.7010297920408569
200,32,10,0.019611296950880937,0.18284559470600834
200,33,10,-0.0035503789779883404,1.5325542751647112
200,34,10,-0.02196148217777745,0.8847074831686272
200,35,10,-0.016874883631063223,-0.9775192852606929
200,36,10,-0.0037751412623944457,-0.9098783294912924
200,37,10,0.0061319046613797,0.1680782886055544
200,38,10,0.012059210975523992,-0.11315009974396628
200,39,10,0.00741701441816893,-0.42360484030083717
200,40,10,-0.003343393175550757,0.21405796446306125
200,41,10,-0.002032379182158808,0.5167976711078275
200,42,10,0.0046612643973678505,-0.0357625984138108
200,43,10,-0.0009999342661758362,-0.870164735960949
200,44,10,-0.0071209415914108825,-1.003000594219173
200,45,10,0.006396528417708717,-0.7740397935924006
200,46,10,0.025305631921520272,0.3389642736709986
200,47,10,0.02366731876479551,0.9045796976945262
200,48,10,0.0072048400745127195,0.8285065667573186
200,1,11,0.04800477497229595,-1.1934725186249873
200,2,11,0.054311003731846566,-2.4205555603730193
200,3,11,0.03934805269375331,-1.2219042760919492
200,4,11,0.010118448429929119,0.42310205798309997
200,5,11,-0.005499275838515724,1.5330545941516878
200,6,11,-0.0038983372069755634,0.4496941362602941
200,7,11,0.0015293937256906011,-0.37142197371824964
200,8,11,-0.004451586658335357,0.12135613992498956
200,9,11,-0.0066262767050858755,0.7724031160474873
200,10,11,0.001254569736105542,0.39273729716924644
200,11,11,0.0016863015285492364,-0.4207608390811529
200,12,11,-0.001121705194541144,-0.5074068956341073
200,13,11,0.00392786854097713,0.47114971805918526
200,14,11,-0.002291486887057831,0.6958961503026637
200,15,11,-0.01697711044957821,-0.3989352302024829
200,16,11,-0.005751250449692351,-0.8134963491799526
200,17,11,0.015122126148157914,-0.11129616526618258
200,18,11,0.008929224643735178,0.41406247663583395
200,19,11,-0.008148091735169944,0.5078473948776396
200,20,11,-0.0073475735855990185,0.2568800437864039
200,21,11,-0.005387406078250121,-0.2209614770698208
200,22,11,-0.008151205244781216,-0.16901422164945062
200,23,11,0.001540602573576121,-0.30766737585542325
200,24,11,0.000652485245270067,-0.3503605229259831
200,25,11,0.0006524852452699835,0.3503605229259822
200,26,11,0.0015406025735762198,0.3076673758554258
200,27,11,-0.008151205244781226,0.1690142216494467
200,28,11,-0.005387406078250136,0.22096147706982266
200,29,11,-0.007347573585598958,-0.2568800437864031
200,30,11,-0.008148091735169971,-0.507847394877643
200,31,11,0.008929224643735198,-0.4140624766358332
200,32,11,0.015122126148157868,0.11129616526618633
200,33,11,-0.005751250449692396,0.8134963491799527
200,34,11,-0.016977110449578278,0.3989352302024808
200,35,11,-0.0022914868870578383,-0.6958961503026605
200,36,11,0.003927868540977146,-0.4711497180591864
200,37,11,-0.0011217051945411492,0.5074068956341046
200,38,11,0.0016863015285492476,0.4207608390811557
200,39,11,0.0012545697361055412,-0.3927372971692458
200,40,11,-0.006626276705085891,-0.7724031160474909
200,41,11,-0.004451586658335394,-0.12135613992498812
200,42,11,0.0015293937256905575,0.37142197371825303
200,43,11,-0.0038983372069755686,-0.449694136260296
200,44,11,-0.005499275838515676,-1.5330545941516887
200,45,11,0.010118448429929143,-0.42310205798309963
200,46,11,0.03934805269375336,1.22190427609195
200,47,11,0.0543110037318466,2.420555560373021
200,48,11,0.048004774972296,1.1934725186249864
200,1,12,0.04620002669379558,-0.33479886883724735
200,2,12,0.053438783233237905,-1.9473799464671793
200,3,12,0.04498438653012575,0.11674223942573325
200,4,12,0.020099438673639083,1.0634372617615413
200,5,12,0.001395013333877225,1.5242187598044878
200,6,12,-0.011438222699926493,-0.26714859604530006
200,7,12,-0.014526735772998341,-0.9642754515778745
200,8,12,-0.014550875417271117,0.17399097489785093
200,9,12,-0.007338524311408884,0.6466805883926154
200,10,12,0.0010804231100348307,-0.1490225603832609
200,11,12,-0.003610132282545483,-0.6545503771578499
200,12,12,-0.003918412770572189,-0.5458547268948709
200,13,12,0.01116167048090553,-0.11776694084384638
200,14,12,0.008483790050380174,0.37601903849081336
200,15,12,-0.01283194458865111,0.4303051790510546
200,16,12,-0.010191960409536129,0.12601499728113685
200,17,12,0.0035001806151687387,-0.055727477019946625
200,18,12,-0.0036166842332396487,0.03806513821292408
200,19,12,-0.011469063055423364,-0.019074104883398668
200,20,12,-0.0031598711133290266,-0.3452144207582494
200,21,12,0.0018401158496442922,-0.28750197778071657
200,22,12,-0.003124351953816766,0.41535645551069283
200,23,12,-0.00423090952282073,0.4257591660935406
200,24,12,-0.014174213084034047,-0.01504166640676749
200,25,12,-0.014174213084034153,0.015041666406767691
200,26,12,-0.004230909522820717,-0.4257591660935376
200,27,12,-0.0031243519538167635,-0.41535645551069816
200,28,12,0.001840115849644254,0.28750197778071657
200,29,12,-0.0031598711133289633,0.34521442075825076
200,30,12,-0.0114690630554234,0.01907410488339817
200,31,12,-0.0036166842332396526,-0.03806513821292259
200,32,12,0.003500180615168694,0.05572747701994751
200,33,12,-0.010191960409536193,-0.12601499728113708
200,34,12,-0.01283194458865117,-0.4303051790510578
200,35,12,0.008483790050380167,-0.3760190384908137
200,36,12,0.01116167048090553,0.11776694084384703
200,37,12,-0.003918412770572187,0.5458547268948676
200,38,12,-0.003610132282545462,0.6545503771578522
200,39,12,0.001080423110034828,0.14902256038326217
200,40,12,-0.007338524311408871,-0.6466805883926167
200,41,12,-0.014550875417271087,-0.1739909748978496
200,42,12,-0.014526735772998393,0.9642754515778759
200,43,12,-0.011438222699926531,0.2671485960452984
200,44,12,0.0013950133338772493,-1.5242187598044876
200,45,12,0.020099438673639114,-1.0634372617615444
200,46,12,0.044984386530125785,-0.11674223942573492
200,47,12,0.053438783233237926,1.94737994646718
200,48,12,0.046200026693795554,0.3347988688372479
200,1,13,0.011211926958973153,-0.5559510403910428
200,2,13,0.024906263783984736,-0.10309564775259972
200,3,13,0.028276255398455,1.56192312710158
200,4,13,0.01983721574161188,2.303901257655983
200,5,13,0.0038188163760192123,0.93237414159004
200,6,13,-0.016411805563758236,-0.5933542738018893
200,7,13,-0.024984096731220398,-1.277435113115887
200,8,13,-0.011457536470250123,-0.3882616033321916
200,9,13,0.0073835065690799635,-0.14593963638026383
200,10,13,0.013598913714086176,-0.5861345273603414
200,11,13,0.00397199706364716,-0.16759943033636537
200,12,13,-5.29523587854614e-5,0.34261065673637187
200,13,13,0.008494064420907936,0.1356808116455797
200,14,13,0.0013419709454938664,0.21740020233464388
200,15,13,-0.01772224424723817,0.43141104687496074
200,16,13,-0.010974109174468194,-0.03664353721285443
200,17,13,0.002213981680152111,-0.3111412811220731
200,18,13,-0.006626218418162964,0.21306451427989848
200,19,13,-0.013437427163257073,0.09395962576281587
200,20,13,-0.006984778321425446,-0.6609624455987982
200,21,13,-0.00020332889723209983,-0.40398433759701136
200,22,13,-0.003915184863214867,0.7105286427798818
200,23,13,-0.013199152133361362,0.9323012113105235
200,24,13,-0.02841670933590493,0.28140312435857884
200,25,13,-0.028416709335905028,-0.2814031243585793
200,26,13,-0.013199152133361342,-0.9323012113105211
200,27,13,-0.003915184863214934,-0.7105286427798841
200,28,13,-0.00020332889723208292,0.40398433759701036
200,29,13,-0.006984778321425471,0.6609624455987975
200,30,13,-0.013437427163257076,-0.09395962576281415
200,31,13,-0.006626218418162921,-0.21306451427989895
200,32,13,0.0022139816801520166,0.311141281122076
200,33,13,-0.010974109174468222,0.03664353721285518
200,34,13,-0.01772224424723822,-0.4314110468749656
200,35,13,0.0013419709454938517,-0.2174002023346422
200,36,13,0.008494064420907978,-0.13568081164557877
200,37,13,-5.29523587853944e-5,-0.34261065673637575
200,38,13,0.003971997063647198,0.1675994303363657
200,39,13,0.013598913714086154,0.5861345273603435
200,40,13,0.007383506569079967,0.14593963638026256
200,41,13,-0.011457536470250149,0.3882616033321932
200,42,13,-0.02498409673122047,1.2774351131158879
200,43,13,-0.01641180556375827,0.593354273801891
200,44,13,0.0038188163760192093,-0.9323741415900402
200,45,13,0.019837215741611926,-2.3039012576559865
200,46,13,0.02827625539845508,-1.5619231271015814
200,47,13,0.024906263783984778,0.10309564775260038
200,48,13,0.011211926958973129,0.5559510403910436
200,1,14,-0.02108419483568695,-2.2891624920659854
200,2,14,0.008937176348216544,1.2028944094845335
200,3,14,0.025013744286279574,1.5548750327060046
200,4,14,0.03440673248818765,1.9254222353646848
200,5,14,0.018984547244057168,0.14186626396275565
200,6,14,-0.006156247718628785,-0.28912997730426604
200,7,14,-0.018578693274976375,-0.3900443084953643
200,8,14,-0.0016575358845488655,-0.09024142349196972
200,9,14,0.016704033249637453,-0.33945812524707586
200,10,14,0.018499822360160727,-0.7505797753050298
200,11,14,0.010007539116966868,0.34376619059114083
200,12,14,0.003206666047483364,1.3030907903661666
200,13,14,-0.0011348454273765697,0.5717630512379791
200,14,14,-0.01424138845258501,0.03936205158238667
200,15,14,-0.02409622516905451,0.07600771552942676
200,16,14,-0.0075821996335057665,-0.6058994386938368
200,17,14,0.008810866259506445,-0.7278041619575999
200,18,14,0.000286700068236616,0.5483695215128137
200,19,14,-0.012959501068638139,0.8159211607740428
200,20,14,-0.021254349583105146,-0.07335810968327333
200,21,14,-0.020587013939597738,-0.1199619175769929
200,22,14,-0.020151323897911952,0.36441336943232105
200,23,14,-0.02535412151481797,0.33896457620561904
200,24,14,-0.033228936298510724,0.06314922622787159
200,25,14,-0.033228936298510765,-0.06314922622786925
200,26,14,-0.02535412151481798,-0.33896457620561943
200,27,14,-0.020151323897911973,-0.36441336943232194
200,28,14,-0.020587013939597734,0.11996191757699504
200,29,14,-0.021254349583105174,0.07335810968327086
200,30,14,-0.012959501068638146,-0.8159211607740451
200,31,14,0.00028670006823662813,-0.548369521512812
200,32,14,0.008810866259506396,0.7278041619576023
200,33,14,-0.007582199633505798,0.6058994386938379
200,34,14,-0.024096225169054568,-0.0760077155294307
200,35,14,-0.014241388452585033,-0.03936205158238775
200,36,14,-0.0011348454273765927,-0.5717630512379785
200,37,14,0.0032066660474834086,-1.303090790366168
200,38,14,0.010007539116966847,-0.34376619059113833
200,39,14,0.01849982236016065,0.7505797753050293
200,40,14,0.01670403324963745,0.33945812524707497
200,41,14,-0.001657535884548869,0.0902414234919723
200,42,14,-0.01857869327497641,0.39004430849536104
200,43,14,-0.006156247718628799,0.2891299773042648
200,44,14,0.01898454724405716,-0.1418662639627536
200,45,14,0.034406732488187666,-1.9254222353646862
200,46,14,0.02501374428627962,-1.5548750327060046
200,47,14,0.008937176348216573,-1.2028944094845313
200,48,14,-0.02108419483568692,2.289162492065986
200,1,15,-0.022837008957838266,-1.5112335190925978
200,2,15,0.007478034371775325,1.2096708332609147
200,3,15,0.026897010845856932,0.8393547376834197
200,4,15,0.04187592920472497,0.0765202128071153
200,5,15,0.02998300130252237,-0.6067490438595939
200,6,15,0.005103778794593679,0.09246536151971052
200,7,15,-0.00928696009087962,1.0010697121838878
200,8,15,-0.0014088530846266146,0.8130004691788577
200,9,15,0.005532816528421939,-0.20240914889623723
200,10,15,0.003118739403109079,-0.7561027305927217
200,11,15,0.0034709264805165233,0.5064722386229012
200,12,15,0.0025910888002300984,1.3127139006558277
200,13,15,-0.007014095184069294,0.207698286378381
200,14,15,-0.020457222240853327,-0.27558542659078517
200,15,15,-0.02299248038404025,-0.02725720460268516
200,16,15,-0.004015700436564258,-0.8503989332894772
200,17,15,0.012721816414496333,-0.8637440475997659
200,18,15,0.004650350375879181,1.0515140369051668
200,19,15,-0.017486650715513256,1.649820971607122
200,20,15,-0.042855357526164595,0.5346885410444104
200,21,15,-0.04841299995528436,-0.015223328382481471
200,22,15,-0.04245815527401784,-0.1889894806320741
200,23,15,-0.04140890275036204,-0.29076734182409497
200,24,15,-0.04030449410649969,-0.12449335326939617
200,25,15,-0.04030449410649969,0.12449335326939703
200,26,15,-0.041408902750362,0.29076734182409303
200,27,15,-0.04245815527401787,0.18898948063207405
200,28,15,-0.04841299995528428,0.015223328382483803
200,29,15,-0.042855357526164664,-0.5346885410444093
200,30,15,-0.017486650715513308,-1.6498209716071213
200,31,15,0.004650350375879181,-1.0515140369051676
200,32,15,0.012721816414496268,0.8637440475997664
200,33,15,-0.004015700436564278,0.8503989332894801
200,34,15,-0.02299248038404026,0.027257204602685103
200,35,15,-0.02045722224085336,0.2755854265907855
200,36,15,-0.007014095184069321,-0.20769828637838356
200,37,15,0.002591088800230136,-1.3127139006558266
200,38,15,0.0034709264805165016,-0.5064722386228979
200,39,15,0.003118739403109,0.7561027305927189
200,40,15,0.005532816528421921,0.20240914889623696
200,41,15,-0.001408853084626606,-0.8130004691788568
200,42,15,-0.009286960090879655,-1.0010697121838938
200,43,15,0.005103778794593622,-0.0924653615197131
200,44,15,0.029983001302522336,0.6067490438595966
200,45,15,0.04187592920472503,-0.07652021280711829
200,46,15,0.02689701084585701,-0.839354737683419
200,47,15,0.0074780343717753646,-1.2096708332609138
200,48,15,-0.022837008957838238,1.5112335190925954
200,1,16,-0.0030931798614266,1.4874814521460358
200,2,16,0.008848909259262764,0.9019782773693962
200,3,16,0.024564119973865615,-0.0720461252188731
200,4,16,0.029907139985015412,-1.6136417784537795
200,5,16,0.017800437030484173,-1.2639610179162757
200,6,16,-0.0014392724196026318,0.3918845118041342
200,7,16,-0.012745000733436176,1.8137354016546876
200,8,16,-0.014092059950425973,0.8662594078598567
200,9,16,-0.016677289370656382,-0.7433189325770205
200,10,16,-0.017105964774319624,-1.1742426437067597
200,11,16,-0.0018737756468484832,-0.10119168325941585
200,12,16,0.01027422048595977,0.5004273691433443
200,13,16,0.0016834280861259742,-0.17150782460695513
200,14,16,-0.013936869942245314,-0.004727394860683255
200,15,16,-0.019026347081166933,0.372399597658371
200,16,16,-0.008077942859701065,-0.7482823673950515
200,17,16,0.004045714307317618,-0.8120205829513735
200,18,16,-0.0017549641566015645,1.2986346189950866
200,19,16,-0.026304895589426933,1.8883968623800624
200,20,16,-0.05967054829353942,0.6785059468256092
200,21,16,-0.06801937089262193,0.07278574601973116
200,22,16,-0.062215896843977395,-0.27269227209832114
200,23,16,-0.06402330258910652,-0.31882773882869897
200,24,16,-0.06125829485302077,-0.05213007492761458
200,25,16,-0.061258294853020735,0.05213007492761196
200,26,16,-0.06402330258910649,0.3188277388286969
200,27,16,-0.0622158968439774,0.27269227209832375
200,28,16,-0.06801937089262186,-0.07278574601973052
200,29,16,-0.05967054829353953,-0.6785059468256098
200,30,16,-0.02630489558942694,-1.8883968623800609
200,31,16,-0.0017549641566015888,-1.2986346189950861
200,32,16,0.004045714307317533,0.8120205829513742
200,33,16,-0.0080779428597011,0.7482823673950505
200,34,16,-0.019026347081166985,-0.3723995976583723
200,35,16,-0.013936869942245345,0.004727394860680989
200,36,16,0.0016834280861259812,0.17150782460695377
200,37,16,0.010274220485959797,-0.5004273691433413
200,38,16,-0.001873775646848467,0.10119168325941796
200,39,16,-0.017105964774319676,1.1742426437067595
200,40,16,-0.01667728937065646,0.7433189325770232
200,41,16,-0.014092059950426051,-0.866259407859856
200,42,16,-0.012745000733436193,-1.813735401654693
200,43,16,-0.0014392724196026201,-0.3918845118041367
200,44,16,0.017800437030484173,1.2639610179162737
200,45,16,0.029907139985015447,1.6136417784537795
200,46,16,0.024564119973865654,0.07204612521887466
200,47,16,0.008848909259262792,-0.9019782773693952
200,48,16,-0.00309317986142656,-1.4874814521460347
200,1,17,0.008885093114066924,2.04596349765973
200,2,17,0.0018601588869365058,-0.3467465796042679
200,3,17,0.00848599067620311,-1.790052270392323
200,4,17,0.00579127940687721,-2.8197178994964416
200,5,17,0.0007879251068976627,-1.543725795651918
200,6,17,-0.0033058685991912288,0.8686657373515754
200,7,17,-0.005984704533533811,2.1702704137449587
200,8,17,-0.011088256378298331,0.693112767477067
200,9,17,-0.020200511030255726,-0.9362091483465703
200,10,17,-0.01912363522375999,-1.2743311486023703
200,11,17,0.008075856166561358,-0.6439101707875504
200,12,17,0.03082707851164605,-0.14894313807153073
200,13,17,0.02254189825827855,-0.13779579572275205
200,14,17,0.0033766788957481893,0.7578334061458956
200,15,17,-0.010059577316287024,1.335385059595085
200,16,17,-0.015171500001055426,-0.06980472845482043
200,17,17,-0.010602875001321777,-0.7089686346914243
200,18,17,-0.009121993317455062,0.8158137862694216
200,19,17,-0.024920282859040632,1.2898194854783087
200,20,17,-0.05565734886432872,0.5899926282162579
200,21,17,-0.06620294467326159,0.5689723256711068
200,22,17,-0.06917628158300253,0.36124125754533337
200,23,17,-0.08430637030664939,0.2453332193254129
200,24,17,-0.08761486877493106,0.22627143137782035
200,25,17,-0.0876148687749311,-0.2262714313778207
200,26,17,-0.0843063703066494,-0.24533321932541427
200,27,17,-0.06917628158300261,-0.3612412575453308
200,28,17,-0.06620294467326157,-0.5689723256711054
200,29,17,-0.055657348864328854,-0.5899926282162596
200,30,17,-0.024920282859040684,-1.289819485478306
200,31,17,-0.009121993317455054,-0.8158137862694228
200,32,17,-0.01060287500132185,0.7089686346914243
200,33,17,-0.015171500001055448,0.06980472845481632
200,34,17,-0.010059577316286997,-1.3353850595950847
200,35,17,0.003376678895748162,-0.757833406145899
200,36,17,0.022541898258278546,0.13779579572275152
200,37,17,0.030827078511646094,0.14894313807153453
200,38,17,0.00807585616656132,0.6439101707875514
200,39,17,-0.019123635223760052,1.2743311486023665
200,40,17,-0.020200511030255764,0.9362091483465722
200,41,17,-0.011088256378298382,-0.6931127674770692
200,42,17,-0.005984704533533825,-2.1702704137449604
200,43,17,-0.0033058685991912335,-0.8686657373515763
200,44,17,0.0007879251068976818,1.5437257956519148
200,45,17,0.005791279406877248,2.819717899496443
200,46,17,0.008485990676203115,1.7900522703923234
200,47,17,0.0018601588869365335,0.34674657960427
200,48,17,0.008885093114066949,-2.045963497659729
200,1,18,0.010548460476250632,0.849974282218701
200,2,18,-0.003940921602375099,-1.685740726968139
200,3,18,-0.005102123436654979,-2.9607656909622504
200,4,18,-0.009571236816674893,-3.0943561094439094
200,5,18,-0.003990427183234393,-1.0833081693530975
200,6,18,0.009535020553986043,1.4603144002056512
200,7,18,0.019693210121349062,2.254958912620094
200,8,18,0.013790844131144064,0.749723552212524
200,9,18,-0.003674139083227509,-0.4591099365300071
200,10,18,-0.007726083137719242,-0.46401000550443566
200,11,18,0.01735825101067679,-0.14815561201296773
200,12,18,0.03757082916417989,-0.14039261230712063
200,13,18,0.027915414697215014,-0.07271297789974943
200,14,18,0.010441433611583268,1.1144001364003644
200,15,18,-0.00559234783567885,1.7728838864135743
200,16,18,-0.020667206121603804,0.22372876427380156
200,17,18,-0.019771860794229008,-0.752128191131848
200,18,18,-0.010760810928730697,0.36321597705050057
200,19,18,-0.017926676913780158,0.7380944573773954
200,20,18,-0.04343508804045091,0.39777145602530095
200,21,18,-0.053518762692134215,0.9155520973067425
200,22,18,-0.06504772029166098,1.1201618005912488
200,23,18,-0.09526376696629107,1.1427978121567526
200,24,18,-0.10795574604543647,0.6704849958646851
200,25,18,-0.1079557460454365,-0.6704849958646801
200,26,18,-0.09526376696629113,-1.142797812156754
200,27,18,-0.06504772029166116,-1.1201618005912448
200,28,18,-0.05351876269213419,-0.9155520973067469
200,29,18,-0.04343508804045104,-0.397771456025307
200,30,18,-0.01792667691378015,-0.7380944573773939
200,31,18,-0.010760810928730704,-0.3632159770505007
200,32,18,-0.019771860794229098,0.7521281911318483
200,33,18,-0.020667206121603825,-0.2237287642738029
200,34,18,-0.0055923478356788466,-1.7728838864135723
200,35,18,0.010441433611583287,-1.1144001364003648
200,36,18,0.027915414697215032,0.07271297789974507
200,37,18,0.03757082916417992,0.14039261230712424
200,38,18,0.017358251010676756,0.14815561201296917
200,39,18,-0.007726083137719289,0.46401000550443106
200,40,18,-0.003674139083227543,0.4591099365300086
200,41,18,0.013790844131143998,-0.7497235522125227
200,42,18,0.01969321012134906,-2.254958912620092
200,43,18,0.009535020553986018,-1.4603144002056485
200,44,18,-0.003990427183234359,1.0833081693530913
200,45,18,-0.009571236816674895,3.094356109443912
200,46,18,-0.005102123436654974,2.96076569096225
200,47,18,-0.003940921602375107,1.6857407269681408
200,48,18,0.010548460476250621,-0.8499742822186983
200,1,19,0.00711844142567199,0.012262254493451752
200,2,19,-0.008114852561333812,-1.7760328890664019
200,3,19,-0.013895623072319575,-2.303174933680077
200,4,19,-0.01697306169166713,-1.5288013134402163
200,5,19,-0.0029376674702894924,0.7898240559293159
200,6,19,0.022112403101510466,2.6565586411729645
200,7,19,0.03845079352185418,2.5612059645899223
200,8,19,0.02834927381885753,0.8372127476654296
200,9,19,0.002524007806028983,-0.10475760633038
200,10,19,-0.01066422658115666,0.27035016776696646
200,11,19,0.003921685264536961,0.16479410553589058
200,12,19,0.01741847370843786,-0.5006737858768053
200,13,19,0.009207026999765416,-0.5826823311005558
200,14,19,0.0016694976231596708,0.5319124960950087
200,15,19,-0.004368822065488854,1.0817634539020649
200,16,19,-0.016780628684214833,-0.2549668621243539
200,17,19,-0.014495537971168104,-0.917333339780997
200,18,19,-0.0027596016153406512,0.23410253992688887
200,19,19,-0.008883997804939169,0.6004488460656469
200,20,19,-0.03267273674182111,0.37640209321691054
200,21,19,-0.040016544995389855,0.9810651265457498
200,22,19,-0.05090981400747703,1.2048853983646703
200,23,19,-0.08318911759500915,1.2774165771194077
200,24,19,-0.09663810051013895,0.7616487537413034
200,25,19,-0.09663810051013894,-0.7616487537412974
200,26,19,-0.08318911759500928,-1.277416577119407
200,27,19,-0.05090981400747718,-1.2048853983646695
200,28,19,-0.04001654499538988,-0.9810651265457495
200,29,19,-0.03267273674182128,-0.37640209321691376
200,30,19,-0.008883997804939174,-0.6004488460656455
200,31,19,-0.002759601615340653,-0.23410253992689023
200,32,19,-0.014495537971168156,0.9173333397809962
200,33,19,-0.016780628684214864,0.2549668621243542
200,34,19,-0.0043688220654888804,-1.0817634539020624
200,35,19,0.0016694976231597033,-0.5319124960950092
200,36,19,0.009207026999765448,0.5826823311005537
200,37,19,0.017418473708437833,0.5006737858768102
200,38,19,0.003921685264536947,-0.1647941055358867
200,39,19,-0.010664226581156653,-0.27035016776696774
200,40,19,0.002524007806028905,0.10475760633038012
200,41,19,0.028349273818857462,-0.8372127476654305
200,42,19,0.03845079352185417,-2.5612059645899223
200,43,19,0.02211240310151045,-2.6565586411729654
200,44,19,-0.0029376674702894807,-0.7898240559293208
200,45,19,-0.016973061691667096,1.5288013134402174
200,46,19,-0.013895623072319566,2.303174933680075
200,47,19,-0.008114852561333798,1.7760328890664057
200,48,19,0.007118441425671951,-0.0122622544934482
200,1,20,0.007294403444273338,-0.2296348147056112
200,2,20,-0.00710918653279554,-1.28872733028598
200,3,20,-0.01636566351106357,-1.1928574151629547
200,4,20,-0.019901672536642226,0.13622227483529437
200,5,20,-0.004750693378035525,2.310842868737255
200,6,20,0.022640608520177814,3.238756510391912
200,7,20,0.03933553365172095,2.210673402411593
200,8,20,0.02562160385409882,0.1089554443977152
200,9,20,-0.004813814519024373,-0.5717470060152475
200,10,20,-0.02379391431971343,0.062321111352802744
200,11,20,-0.016550155779652513,-0.4311527033365381
200,12,20,-0.007370197581779834,-1.5034218591544646
200,13,20,-0.010435142239828402,-1.7859317057043125
200,14,20,-0.0024991084434016295,-0.7798951067543323
200,15,20,0.007565399774638411,-0.02391513434801923
200,16,20,0.002971414879088795,-0.6973711192378966
200,17,20,0.0061364760176886544,-0.720615248871853
200,18,20,0.014423169744691933,0.6379853442345647
200,19,20,0.002534970023592038,0.932101474657733
200,20,20,-0.021990661161158616,0.40168365980273496
200,21,20,-0.021003608189267706,0.506392644196345
200,22,20,-0.017329223184050148,0.3918699154105331
200,23,20,-0.03458061109749347,0.5856206952859755
200,24,20,-0.03791768035145282,0.5107737471721724
200,25,20,-0.037917680351452904,-0.510773747172168
200,26,20,-0.03458061109749355,-0.5856206952859768
200,27,20,-0.017329223184050353,-0.3918699154105311
200,28,20,-0.02100360818926779,-0.5063926441963443
200,29,20,-0.02199066116115879,-0.4016836598027415
200,30,20,0.002534970023592059,-0.9321014746577335
200,31,20,0.0144231697446919,-0.6379853442345662
200,32,20,0.006136476017688642,0.7206152488718525
200,33,20,0.0029714148790887587,0.6973711192378946
200,34,20,0.007565399774638415,0.023915134348021422
200,35,20,-0.002499108443401587,0.7798951067543305
200,36,20,-0.010435142239828384,1.7859317057043111
200,37,20,-0.0073701975817798355,1.5034218591544708
200,38,20,-0.01655015577965254,0.43115270333653877
200,39,20,-0.02379391431971343,-0.062321111352807
200,40,20,-0.0048138145190244255,0.5717470060152509
200,41,20,0.02562160385409875,-0.10895544439771498
200,42,20,0.03933553365172096,-2.210673402411594
200,43,20,0.022640608520177838,-3.238756510391908
200,44,20,-0.0047506933780355216,-2.310842868737259
200,45,20,-0.019901672536642226,-0.1362222748352908
200,46,20,-0.016365663511063583,1.1928574151629543
200,47,20,-0.007109186532795511,1.2887273302859812
200,48,20,0.007294403444273297,0.2296348147056146
200,1,21,0.004992770203863817,-0.30787960461365005
200,2,21,-0.00880548673321541,-0.914923864568925
200,3,21,-0.019780160903426845,-0.49186168852420886
200,4,21,-0.024517033031382723,1.0013286662742322
200,5,21,-0.010814227314223303,2.7419836601800784
200,6,21,0.01590695818008409,2.7003608156313748
200,7,21,0.03247986186647311,0.7535510982136726
200,8,21,0.020730416979586275,-1.718583588958011
200,9,21,-0.004963917089806048,-2.152385983399827
200,10,21,-0.02031545502168303,-1.170453871808008
200,11,21,-0.013814675846255307,-1.4116052083179618
200,12,21,-0.007459621738279341,-2.3158089410679317
200,13,21,-0.00950398809059839,-2.4567094241612573
200,14,21,0.005085764112421653,-1.3142722864671597
200,15,21,0.02293535970358616,-0.4281275495677083
200,16,21,0.022021725689490734,-0.6725893107629026
200,17,21,0.024349694383864452,-0.2053987802911862
200,18,21,0.027832584002213955,1.3324747020541756
200,19,21,0.01049839843121883,1.385594913588475
200,20,21,-0.01150920477917796,0.25266548500575825
200,21,21,0.003896637993612985,-0.3636872154809606
200,22,21,0.030812001322546106,-0.8753905041770079
200,23,21,0.03737540610378906,-0.4812757083935432
200,24,21,0.04937767266975481,0.10292865617956848
200,25,21,0.04937767266975479,-0.10292865617956193
200,26,21,0.037375406103789005,0.4812757083935413
200,27,21,0.03081200132254592,0.8753905041770113
200,28,21,0.0038966379936129173,0.3636872154809633
200,29,21,-0.011509204779178125,-0.2526654850057626
200,30,21,0.010498398431218806,-1.385594913588471
200,31,21,0.027832584002213917,-1.332474702054176
200,32,21,0.024349694383864424,0.20539878029118602
200,33,21,0.02202172568949072,0.6725893107629002
200,34,21,0.022935359703586147,0.4281275495677123
200,35,21,0.00508576411242168,1.3142722864671608
200,36,21,-0.00950398809059835,2.45670942416125
200,37,21,-0.007459621738279328,2.315808941067936
200,38,21,-0.013814675846255318,1.4116052083179644
200,39,21,-0.02031545502168302,1.1704538718080117
200,40,21,-0.004963917089806117,2.152385983399828
200,41,21,0.020730416979586212,1.718583588958014
200,42,21,0.03247986186647315,-0.7535510982136713
200,43,21,0.015906958180084092,-2.7003608156313725
200,44,21,-0.010814227314223287,-2.7419836601800816
200,45,21,-0.024517033031382682,-1.0013286662742313
200,46,21,-0.019780160903426856,0.49186168852420764
200,47,21,-0.008805486733215401,0.9149238645689262
200,48,21,0.004992770203863788,0.30787960461365277
200,1,22,0.005962255973366611,-0.34142525470481355
200,2,22,-0.006602206891913374,-0.8587969597442902
200,3,22,-0.017908105373653636,-0.30586265253765255
200,4,22,-0.024103880342463458,1.2439434565082221
200,5,22,-0.01289656348269869,2.7594258933094657
200,6,22,0.012679111374139754,2.2468212429313765
200,7,22,0.03160496155900375,-0.18426107836508532
200,8,22,0.0261724035909949,-2.892719917974267
200,9,22,0.008990766305481662,-3.2101514735528967
200,10,22,0.00041330627610678197,-1.8835514289369457
200,11,22,0.0071712405120014965,-1.6754184266628032
200,12,22,0.006635139721178531,-2.166667653691181
200,13,22,-0.005409321981764041,-1.937674010717787
200,14,22,-0.00038347846757928,-0.7064311685795733
200,15,22,0.010502496930760299,0.0651271095287147
200,16,22,0.0054328015129807596,-0.23026957167048534
200,17,22,0.006246162665444771,0.09511329820596981
200,18,22,0.010736954043243778,1.4043830397709256
200,19,22,-0.0028914995353805785,1.1724142959294541
200,20,22,-0.016194135857192937,-0.27645062402558634
200,21,22,0.014068781492390003,-1.2282428578472435
200,22,22,0.060124040004337874,-1.9086619542317007
200,23,22,0.08519437151979586,-1.3222616146120576
200,24,22,0.10876983926495228,-0.22280459241149175
200,25,22,0.10876983926495229,0.22280459241149791
200,26,22,0.08519437151979578,1.322261614612053
200,27,22,0.06012404000433775,1.9086619542317045
200,28,22,0.014068781492389994,1.2282428578472393
200,29,22,-0.016194135857193072,0.27645062402558374
200,30,22,-0.0028914995353806257,-1.1724142959294546
200,31,22,0.010736954043243761,-1.4043830397709232
200,32,22,0.006246162665444741,-0.09511329820597048
200,33,22,0.00543280151298073,0.23026957167048157
200,34,22,0.010502496930760323,-0.06512710952871104
200,35,22,-0.00038347846757925616,0.7064311685795719
200,36,22,-0.005409321981763979,1.9376740107177846
200,37,22,0.0066351397211785535,2.1666676536911886
200,38,22,0.00717124051200147,1.6754184266628025
200,39,22,0.0004133062761068132,1.8835514289369468
200,40,22,0.008990766305481656,3.2101514735528993
200,41,22,0.02617240359099483,2.892719917974265
200,42,22,0.03160496155900376,0.1842610783650851
200,43,22,0.012679111374139771,-2.246821242931373
200,44,22,-0.012896563482698664,-2.7594258933094684
200,45,22,-0.024103880342463437,-1.2439434565082232
200,46,22,-0.017908105373653622,0.3058626525376522
200,47,22,-0.006602206891913386,0.8587969597442908
200,48,22,0.005962255973366545,0.3414252547048171
200,1,23,0.0061540721748030314,-0.46665535422166055
200,2,23,-0.00461985321051718,-1.0342477684788267
200,3,23,-0.014759820712485725,-0.4414855689938374
200,4,23,-0.021967398008794776,1.1847062349670296
200,5,23,-0.01249707989255365,2.8097271190707973
200,6,23,0.012432402150266161,2.375813624341602
200,7,23,0.033639539376683805,-0.062394466723176834
200,8,23,0.03406049869186033,-2.8309051533045455
200,9,23,0.024051280870858574,-3.129867481066372
200,10,23,0.019532859766651645,-1.5581920225956305
200,11,23,0.02384656550421517,-0.9121090677345426
200,12,23,0.012692586014718227,-0.973264128434892
200,13,23,-0.01703648392722407,-0.6119389948760456
200,14,23,-0.03130306647469297,0.4650602032040587
200,15,23,-0.03501856576921663,0.7995484671380588
200,16,23,-0.04589681380990106,-0.13926771695907858
200,17,23,-0.04204443982871078,-0.3212140213253689
200,18,23,-0.0287387800593726,0.7198956427066678
200,19,23,-0.031213818897383998,0.43030472712108475
200,20,23,-0.034330294393917174,-0.9363472250756719
200,21,23,0.0034002694573735323,-1.6965203777551032
200,22,23,0.05404281552493366,-2.1665008055592816
200,23,23,0.0813822385588609,-1.4370404751194763
200,24,23,0.10576449363772863,-0.2522461599429742
200,25,23,0.10576449363772862,0.2522461599429787
200,26,23,0.08138223855886084,1.4370404751194765
200,27,23,0.05404281552493357,2.1665008055592856
200,28,23,0.0034002694573735566,1.6965203777551023
200,29,23,-0.03433029439391734,0.9363472250756688
200,30,23,-0.031213818897384026,-0.4303047271210798
200,31,23,-0.02873878005937264,-0.7198956427066662
200,32,23,-0.04204443982871081,0.3212140213253667
200,33,23,-0.0458968138099011,0.13926771695907458
200,34,23,-0.03501856576921664,-0.7995484671380554
200,35,23,-0.031303066474693005,-0.4650602032040594
200,36,23,-0.017036483927224066,0.611938994876041
200,37,23,0.012692586014718192,0.9732641284348942
200,38,23,0.02384656550421518,0.9121090677345396
200,39,23,0.019532859766651645,1.5581920225956314
200,40,23,0.024051280870858536,3.129867481066368
200,41,23,0.034060498691860314,2.8309051533045464
200,42,23,0.033639539376683826,0.0623944667231775
200,43,23,0.012432402150266211,-2.375813624341604
200,44,23,-0.012497079892553609,-2.8097271190708004
200,45,23,-0.021967398008794766,-1.1847062349670314
200,46,23,-0.014759820712485733,0.4414855689938383
200,47,23,-0.004619853210517158,1.0342477684788294
200,48,23,0.006154072174803038,0.4666553542216635
200,1,24,0.009970296724620525,-0.46800266625884523
200,2,24,0.00040844768647767607,-1.3307600583250005
200,3,24,-0.00925088583158789,-0.8463111242457934
200,4,24,-0.01988055353928483,0.8129224780903861
200,5,24,-0.01530650763830186,2.8459007542532495
200,6,24,0.006207016488308455,3.0719582084533017
200,7,24,0.028588661202840156,1.1352107383813241
200,8,24,0.033380003156368694,-1.5524020318731955
200,9,24,0.027317764032235955,-2.0755319614042955
200,10,24,0.024758018064521707,-0.5928997455735895
200,11,24,0.028234644266266134,0.11968080618369559
200,12,24,0.011360145971799695,0.1457315709269143
200,13,24,-0.030341547202091364,0.36022702702289244
200,14,24,-0.05908950892411287,1.1015377655228258
200,15,24,-0.07281953438461275,1.0448568063531947
200,16,24,-0.08434998610930469,-0.5106053367899308
200,17,24,-0.07330767161174206,-1.2057729907222097
200,18,24,-0.048254909599858634,-0.29870742189711036
200,19,24,-0.039137182046669314,-0.3360049861946064
200,20,24,-0.03820920124397412,-1.1961972059054238
200,21,24,-0.006545337520981295,-1.3728359916436221
200,22,24,0.03056050895787242,-1.4832391799355735
200,23,24,0.04299357173520382,-0.8137796670100771
200,24,24,0.05748989927637105,-0.006449745209633928
200,25,24,0.05748989927637102,0.006449745209633914
200,26,24,0.0429935717352038,0.8137796670100734
200,27,24,0.03056050895787237,1.483239179935578
200,28,24,-0.006545337520981319,1.372835991643621
200,29,24,-0.038209201243974186,1.1961972059054211
200,30,24,-0.03913718204666931,0.3360049861946063
200,31,24,-0.048254909599858675,0.2987074218971122
200,32,24,-0.07330767161174209,1.2057729907222106
200,33,24,-0.0843499861093047,0.5106053367899323
200,34,24,-0.07281953438461276,-1.0448568063531893
200,35,24,-0.059089508924112875,-1.1015377655228276
200,36,24,-0.030341547202091375,-0.36022702702289333
200,37,24,0.011360145971799705,-0.1457315709269098
200,38,24,0.02823464426626614,-0.11968080618369076
200,39,24,0.02475801806452171,0.5928997455735864
200,40,24,0.027317764032235955,2.0755319614042973
200,41,24,0.03338000315636864,1.552402031873196
200,42,24,0.028588661202840187,-1.1352107383813288
200,43,24,0.006207016488308518,-3.0719582084533004
200,44,24,-0.015306507638301853,-2.845900754253253
200,45,24,-0.019880553539284834,-0.8129224780903848
200,46,24,-0.00925088583158791,0.8463111242457928
200,47,24,0.00040844768647767954,1.3307600583250025
200,48,24,0.009970296724620504,0.46800266625884945
200,1,25,0.012472034611361097,-0.33867433960469967
200,2,25,0.0028860344547795465,-1.6868319301602444
200,3,25,-0.006564790470326318,-1.5390995627023636
200,4,25,-0.022144658648880648,-0.14281815846643364
200,5,25,-0.024106281760413944,2.1583522061705733
200,6,25,-0.008055850555434636,3.19193560090463
200,7,25,0.01388123804062783,1.9715819948282667
200,8,25,0.023401655179637097,-0.49083643323442405
200,9,25,0.022322754453540643,-1.351803709140822
200,10,25,0.024013324267724446,-0.17815384046610527
200,11,25,0.0326482385281057,0.6127797752454698
200,12,25,0.020791939968290263,0.5934184786461351
200,13,25,-0.019921208083764172,0.6116006006528151
200,14,25,-0.05187908256288205,1.1654160628869126
200,15,25,-0.06630551128251937,0.8997232529862333
200,16,25,-0.07183522035867121,-1.0036574993105254
200,17,25,-0.05212801424474951,-1.8823711422352543
200,18,25,-0.0193891592760578,-0.7591390042409103
200,19,25,-0.005733468681857583,-0.368536664816019
200,20,25,-0.009979136294816705,-0.6679602130327398
200,21,25,0.004342002051557931,-0.2624173158625407
200,22,25,0.0167219666220393,-0.12957092416211963
200,23,25,0.005310252161282135,0.22519095354288945
200,24,25,0.004735022140429392,0.3648616032849492
200,25,25,0.004735022140429488,-0.3648616032849493
200,26,25,0.005310252161282123,-0.22519095354289237
200,27,25,0.016721966622039203,0.12957092416212324
200,28,25,0.004342002051557915,0.26241731586254025
200,29,25,-0.009979136294816834,0.6679602130327336
200,30,25,-0.005733468681857608,0.36853666481602054
200,31,25,-0.019389159276057836,0.759139004240909
200,32,25,-0.05212801424474956,1.8823711422352567
200,33,25,-0.07183522035867122,1.003657499310523
200,34,25,-0.06630551128251938,-0.8997232529862296
200,35,25,-0.05187908256288204,-1.1654160628869117
200,36,25,-0.01992120808376416,-0.6116006006528171
200,37,25,0.020791939968290266,-0.5934184786461311
200,38,25,0.032648238528105694,-0.6127797752454672
200,39,25,0.024013324267724432,0.1781538404661026
200,40,25,0.022322754453540615,1.3518037091408244
200,41,25,0.02340165517963707,0.4908364332344217
200,42,25,0.013881238040627877,-1.971581994828268
200,43,25,-0.008055850555434644,-3.191935600904626
200,44,25,-0.024106281760413927,-2.158352206170578
200,45,25,-0.022144658648880624,0.14281815846643675
200,46,25,-0.006564790470326348,1.5390995627023623
200,47,25,0.0028860344547795578,1.6868319301602475
200,48,25,0.012472034611361085,0.3386743396047038
200,1,26,0.016863360240896113,0.1721497275015369
200,2,26,0.008844031153876133,-1.850546099889351
200,3,26,0.0019415505072319763,-2.3261010147902055
200,4,26,-0.01846651060916634,-1.7513559124266198
200,5,26,-0.02952419468144172,0.2935299033549854
200,6,26,-0.021634582599691178,2.029479599374917
200,7,26,-0.0009741353380553729,1.7397103586275249
200,8,26,0.014482037007951932,-0.27551585658288613
200,9,26,0.018583932561879835,-1.200801903101539
200,10,26,0.024110245809040226,-0.37976267332110025
200,11,26,0.03979761266641955,0.5706696551384375
200,12,26,0.03728584644744529,0.6654294033269501
200,13,26,0.005069552972212019,0.3731339873432105
200,14,26,-0.02268343068397373,0.8493769563233391
200,15,26,-0.03334427280119582,0.7669899675815397
200,16,26,-0.031238125343769903,-1.1281826034974538
200,17,26,-0.005975223208360932,-1.9930565131204419
200,18,26,0.028026126151406826,-0.5485968438603929
200,19,26,0.04023432343915976,0.20050734920665442
200,20,26,0.027457722654382836,0.17900436866717215
200,21,26,0.024317356615282528,0.8917490046046157
200,22,26,0.014563453803875586,1.1859033006135937
200,23,26,-0.017158372928644812,1.2467141523547751
200,24,26,-0.031166906248491905,0.7287247035364322
200,25,26,-0.031166906248491947,-0.7287247035364317
200,26,26,-0.017158372928644833,-1.246714152354775
200,27,26,0.014563453803875517,-1.185903300613589
200,28,26,0.02431735661528258,-0.8917490046046157
200,29,26,0.02745772265438269,-0.17900436866717676
200,30,26,0.04023432343915978,-0.2005073492066515
200,31,26,0.02802612615140682,0.548596843860391
200,32,26,-0.0059752232083609665,1.9930565131204392
200,33,26,-0.031238125343769903,1.128182603497451
200,34,26,-0.033344272801195764,-0.7669899675815366
200,35,26,-0.022683430683973736,-0.8493769563233382
200,36,26,0.0050695529722120155,-0.373133987343212
200,37,26,0.0372858464474453,-0.6654294033269461
200,38,26,0.03979761266641953,-0.5706696551384385
200,39,26,0.024110245809040236,0.3797626733210995
200,40,26,0.018583932561879846,1.2008019031015391
200,41,26,0.014482037007951911,0.27551585658288563
200,42,26,-0.0009741353380553711,-1.7397103586275249
200,43,26,-0.021634582599691178,-2.029479599374916
200,44,26,-0.029524194681441723,-0.2935299033549914
200,45,26,-0.01846651060916636,1.7513559124266234
200,46,26,0.001941550507231971,2.3261010147902046
200,47,26,0.008844031153876143,1.8505460998893524
200,48,26,0.0168633602408961,-0.17214972750153523
200,1,27,0.01639513193099321,1.2787725995633321
200,2,27,0.012290243247521922,-0.962129014545408
200,3,27,0.010733223571797687,-1.7929741838357816
200,4,27,-0.009221524343524901,-2.2532788362934433
200,5,27,-0.026354770381619326,-1.0399608105353202
200,6,27,-0.02696707281808618,0.7420967338745288
200,7,27,-0.010474972687403281,1.2628538836338334
200,8,27,0.009161283147556688,-0.3508021721187456
200,9,27,0.018094838806496427,-1.3393440211066214
200,10,27,0.023323312257686767,-0.8159977017750695
200,11,27,0.04009784684009303,0.25933076084641116
200,12,27,0.043328987705496015,0.6781617660350067
200,13,27,0.016622332532785396,0.3140911115047793
200,14,27,-0.010807674411094188,0.6985336151429872
200,15,27,-0.021389852034099262,0.7599916889728813
200,16,27,-0.01445257205202954,-1.0645197154623622
200,17,27,0.01284379605984239,-1.9798172845125261
200,18,27,0.04453292219473162,-0.47646129273989
200,19,27,0.05635534778205162,0.4035655894242545
200,20,27,0.04188361825049493,0.5069161658337142
200,21,27,0.03190109882075208,1.3501230628346417
200,22,27,0.01428222134029812,1.6552193242197877
200,23,27,-0.022429043918946838,1.4694564404767423
200,24,27,-0.04044897824360171,0.7419518089760196
200,25,27,-0.04044897824360172,-0.7419518089760152
200,26,27,-0.022429043918946855,-1.4694564404767438
200,27,27,0.014282221340297989,-1.6552193242197843
200,28,27,0.03190109882075211,-1.3501230628346395
200,29,27,0.041883618250494796,-0.5069161658337178
200,30,27,0.05635534778205163,-0.4035655894242549
200,31,27,0.04453292219473165,0.47646129273988636
200,32,27,0.012843796059842394,1.979817284512527
200,33,27,-0.0144525720520295,1.0645197154623638
200,34,27,-0.021389852034099235,-0.7599916889728803
200,35,27,-0.010807674411094172,-0.6985336151429878
200,36,27,0.016622332532785365,-0.314091111504781
200,37,27,0.043328987705496,-0.6781617660350023
200,38,27,0.040097846840093015,-0.2593307608464122
200,39,27,0.023323312257686753,0.8159977017750668
200,40,27,0.01809483880649643,1.3393440211066243
200,41,27,0.009161283147556704,0.3508021721187469
200,42,27,-0.010474972687403251,-1.2628538836338328
200,43,27,-0.02696707281808617,-0.7420967338745301
200,44,27,-0.026354770381619326,1.03996081053532
200,45,27,-0.009221524343524887,2.2532788362934455
200,46,27,0.010733223571797703,1.7929741838357798
200,47,27,0.012290243247521914,0.9621290145454111
200,48,27,0.016395131930993165,-1.2787725995633292
200,1,28,0.003567944030461012,1.8334957287789024
200,2,28,0.009922943970738497,0.6728376844439212
200,3,28,0.015733986340063143,-0.04021372290698544
200,4,28,0.0037134943090403666,-1.515755668247595
200,5,28,-0.01578260611759513,-1.4913445537037666
200,6,28,-0.023925626739711596,-0.3986187994094854
200,7,28,-0.011095978014915785,0.5787455731082227
200,8,28,0.011411219998561846,-0.372037441676285
200,9,28,0.023040623927177883,-1.3292776567983244
200,10,28,0.024249329961559023,-0.9433387629025042
200,11,28,0.031582099714258,0.49974125322911117
200,12,28,0.02901984898928061,1.2278736933575243
200,13,28,0.0012747729187430404,0.712292817149297
200,14,28,-0.032158050253475616,0.8824320609113945
200,15,28,-0.049486764624328695,0.8626460900442033
200,16,28,-0.04134693030582889,-1.0423658815900732
200,17,28,-0.014563751995806212,-2.0170569051377765
200,18,28,0.012000008307382928,-0.5358155789245739
200,19,28,0.024711120269650784,0.138878826905837
200,20,28,0.01871410835486574,-0.15639674214010557
200,21,28,0.018870606702333845,0.49062203144969463
200,22,28,0.012997285788830545,0.9851236107091519
200,23,28,-0.0111701778843607,0.9947252205720974
200,24,28,-0.02419588003053351,0.5166766464385579
200,25,28,-0.024195880030533544,-0.5166766464385562
200,26,28,-0.011170177884360718,-0.9947252205720987
200,27,28,0.012997285788830464,-0.9851236107091503
200,28,28,0.018870606702333818,-0.49062203144969374
200,29,28,0.018714108354865616,0.15639674214010468
200,30,28,0.024711120269650774,-0.13887882690583664
200,31,28,0.012000008307382966,0.5358155789245717
200,32,28,-0.014563751995806238,2.0170569051377756
200,33,28,-0.04134693030582885,1.042365881590075
200,34,28,-0.04948676462432865,-0.8626460900442042
200,35,28,-0.03215805025347562,-0.8824320609113955
200,36,28,0.0012747729187430074,-0.7122928171492968
200,37,28,0.029019848989280606,-1.2278736933575227
200,38,28,0.031582099714257975,-0.499741253229112
200,39,28,0.024249329961559027,0.9433387629024994
200,40,28,0.0230406239271779,1.3292776567983249
200,41,28,0.011411219998561836,0.3720374416762864
200,42,28,-0.01109597801491575,-0.578745573108224
200,43,28,-0.023925626739711554,0.3986187994094864
200,44,28,-0.015782606117595147,1.4913445537037664
200,45,28,0.003713494309040363,1.5157556682475943
200,46,28,0.01573398634006316,0.040213722906988325
200,47,28,0.009922943970738535,-0.6728376844439199
200,48,28,0.0035679440304610694,-1.8334957287789033
200,1,29,-0.019663381720896433,-0.26850849903084284
200,2,29,-0.0015740814460888757,1.6652676470801215
200,3,29,0.006190185618053698,1.2048615169909431
200,4,29,0.009591492482446597,-0.16068147016925283
200,5,29,-0.002308498723184742,-1.1639140384106492
200,6,29,-0.012610119967855854,-0.8149080014806703
200,7,29,-0.00470677524725387,0.15548142998518377
200,8,29,0.019309284925092846,0.11965663371255739
200,9,29,0.031830969086298,-0.5529980719040215
200,10,29,0.02762985335673394,-0.6258818265326437
200,11,29,0.023013901891762643,0.9256400485453752
200,12,29,0.01145210974258213,1.9516516701986921
200,13,29,-0.017614801526275994,1.253598422066642
200,14,29,-0.055353181379957955,1.1516388003337337
200,15,29,-0.08083477733740445,1.2118311651848823
200,16,29,-0.07585905438549112,-0.5271080127048825
200,17,29,-0.054009821346271567,-1.691103703233903
200,18,29,-0.03644305736229526,-0.61884936884128
200,19,29,-0.023644926544711387,-0.32217807340043636
200,20,29,-0.01697390049367834,-1.1030035990112992
200,21,29,0.0007888482623785997,-0.8874344995949602
200,22,29,0.017512671675060876,-0.35285877964590906
200,23,29,0.018486659174625348,-0.06355421320490057
200,24,29,0.017902284204539265,0.04519207710943046
200,25,29,0.01790228420453921,-0.045192077109429574
200,26,29,0.018486659174625362,0.0635542132049027
200,27,29,0.017512671675060827,0.3528587796459098
200,28,29,0.0007888482623785945,0.8874344995949581
200,29,29,-0.01697390049367848,1.1030035990112974
200,30,29,-0.02364492654471134,0.3221780734004378
200,31,29,-0.03644305736229522,0.6188493688412794
200,32,29,-0.05400982134627163,1.6911037032339011
200,33,29,-0.0758590543854911,0.527108012704882
200,34,29,-0.08083477733740445,-1.2118311651848823
200,35,29,-0.05535318137995797,-1.151638800333734
200,36,29,-0.017614801526276036,-1.2535984220666418
200,37,29,0.011452109742582126,-1.9516516701986921
200,38,29,0.02301390189176261,-0.9256400485453761
200,39,29,0.027629853356733923,0.6258818265326405
200,40,29,0.03183096908629801,0.5529980719040222
200,41,29,0.01930928492509288,-0.11965663371255633
200,42,29,-0.004706775247253829,-0.155481429985185
200,43,29,-0.012610119967855861,0.8149080014806707
200,44,29,-0.0023084987231847586,1.1639140384106477
200,45,29,0.00959149248244664,0.16068147016924972
200,46,29,0.006190185618053718,-1.2048615169909407
200,47,29,-0.0015740814460888626,-1.6652676470801269
200,48,29,-0.01966338172089643,0.2685084990308415
200,1,30,-0.03170564687481843,-1.9332849313892329
200,2,30,-0.012360078339943077,2.070516061328807
200,3,30,-0.0047033089818176044,1.796091283325299
200,4,30,0.008198463481942083,1.3576744885343586
200,5,30,0.004627674931579642,-0.6040883568272302
200,6,30,-0.00413558533445363,-0.810134606720603
200,7,30,-0.002328949658464795,-0.3731512277070701
200,8,30,0.02038447133049836,0.1718355724316761
200,9,30,0.036081879714273825,-0.06071634664489908
200,10,30,0.03256513684819896,-0.5067377370368232
200,11,30,0.020622504858936283,0.730295015829866
200,12,30,0.0061128895539162426,1.978398895427893
200,13,30,-0.015462741056841901,1.5239865843553075
200,14,30,-0.04929804379733099,1.2075376149634722
200,15,30,-0.07649111270160415,1.1501407137361048
200,16,30,-0.07118529394501033,-0.12859997291979747
200,17,30,-0.05531985312118725,-0.9704343062684291
200,18,30,-0.05266505949394036,-0.17062140268284892
200,19,30,-0.04810681664693396,-0.2730428324141437
200,20,30,-0.034361854290248836,-1.5391579285551225
200,21,30,-0.0034879438566408245,-1.9164745296764052
200,22,30,0.03276878463635095,-1.5962159588165266
200,23,30,0.05947971392008462,-1.2238895470097724
200,24,30,0.07226383867299024,-0.5148288052213555
200,25,30,0.0722638386729902,0.5148288052213534
200,26,30,0.05947971392008469,1.2238895470097724
200,27,30,0.03276878463635091,1.5962159588165292
200,28,30,-0.0034879438566408454,1.9164745296764056
200,29,30,-0.034361854290248905,1.5391579285551207
200,30,30,-0.048106816646933954,0.27304283241414506
200,31,30,-0.05266505949394031,0.1706214026828488
200,32,30,-0.05531985312118727,0.970434306268433
200,33,30,-0.07118529394501032,0.12859997291979913
200,34,30,-0.07649111270160414,-1.1501407137361088
200,35,30,-0.04929804379733101,-1.2075376149634722
200,36,30,-0.015462741056841929,-1.5239865843553067
200,37,30,0.00611288955391626,-1.9783988954278942
200,38,30,0.020622504858936266,-0.7302950158298679
200,39,30,0.0325651368481989,0.5067377370368199
200,40,30,0.03608187971427387,0.06071634664489989
200,41,30,0.020384471330498415,-0.1718355724316723
200,42,30,-0.0023289496584648077,0.37315122770706877
200,43,30,-0.004135585334453648,0.8101346067206011
200,44,30,0.00462767493157964,0.6040883568272292
200,45,30,0.008198463481942097,-1.3576744885343581
200,46,30,-0.004703308981817597,-1.7960912833252978
200,47,30,-0.012360078339943065,-2.0705160613288105
200,48,30,-0.03170564687481843,1.9332849313892333
200,1,31,-0.014200915316478257,-0.4695229692776237
200,2,31,-0.01425435086046845,0.9465598149599121
200,3,31,-0.013550984701058493,1.4841747720025813
200,4,31,-0.0039148259517833,1.4357512695745287
200,5,31,0.003384374969885659,-0.40413861536078577
200,6,31,0.00129128510769626,-1.1852098381143532
200,7,31,0.0004004271537363497,-1.1723194072434169
200,8,31,0.015723565296022986,-0.10684778411160945
200,9,31,0.03102863123138427,0.05857894858736623
200,10,31,0.03134852385925191,-0.4140963512701761
200,11,31,0.0167378551756973,0.2506266335680508
200,12,31,0.005051069375068995,1.019248190741294
200,13,31,0.0019776196772083926,0.6758635548205278
200,14,31,-0.013293839851562288,0.39934645530421153
200,15,31,-0.03202633402332029,0.3543029978920593
200,16,31,-0.021814085615368975,-0.17092652890576404
200,17,31,-0.009230743107042989,-0.1533884500374749
200,18,31,-0.0233117361890168,0.7574225887485282
200,19,31,-0.03490636268074525,0.38265022941651416
200,20,31,-0.023360305120038317,-1.3987671608814927
200,21,31,0.010388445379476391,-2.377137549959495
200,22,31,0.05283357408859066,-2.0703941268849158
200,23,31,0.09152772115868334,-1.5312649862770769
200,24,31,0.10831056322751939,-0.6849621966987057
200,25,31,0.10831056322751928,0.6849621966987072
200,26,31,0.09152772115868336,1.5312649862770775
200,27,31,0.05283357408859059,2.0703941268849144
200,28,31,0.010388445379476384,2.3771375499594964
200,29,31,-0.0233603051200384,1.3987671608814933
200,30,31,-0.034906362680745213,-0.3826502294165153
200,31,31,-0.023311736189016777,-0.7574225887485312
200,32,31,-0.009230743107042999,0.15338845003747748
200,33,31,-0.02181408561536896,0.1709265289057654
200,34,31,-0.032026334023320266,-0.354302997892061
200,35,31,-0.013293839851562269,-0.3993464553042107
200,36,31,0.001977619677208389,-0.6758635548205261
200,37,31,0.0050510693750689915,-1.019248190741294
200,38,31,0.016737855175697237,-0.2506266335680516
200,39,31,0.03134852385925188,0.41409635127017363
200,40,31,0.031028631231384326,-0.058578948587364954
200,41,31,0.015723565296023003,0.10684778411161139
200,42,31,0.0004004271537363549,1.1723194072434164
200,43,31,0.0012912851076962648,1.1852098381143512
200,44,31,0.0033843749698856643,0.404138615360787
200,45,31,-0.003914825951783307,-1.4357512695745276
200,46,31,-0.013550984701058501,-1.484174772002583
200,47,31,-0.014254350860468482,-0.9465598149599141
200,48,31,-0.014200915316478277,0.4695229692776254
200,1,32,0.01458007352103954,1.0161922651878739
200,2,32,-0.0038087217646612746,-0.9513562052245427
200,3,32,-0.012225904916286227,-0.02029430790246689
200,4,32,-0.011586930884498359,-0.08386696914069947
200,5,32,0.0008973566865410421,-0.09131179703108167
200,6,32,0.005361915249029224,-1.158322465125637
200,7,32,0.004056554847019103,-1.2051160050383805
200,8,32,0.003017298146487353,0.15603489344441268
200,9,32,0.008689840688014632,0.5357256900417986
200,10,32,0.012024778881032833,-0.14693147010314436
200,11,32,-0.00037053125660083813,-0.3065408261504531
200,12,32,-0.007023158042309445,-0.2331596358803244
200,13,32,0.007469359745266231,-0.4784263638702749
200,14,32,0.013496508013839293,-0.5837102340456282
200,15,32,0.0075253607638119165,-0.5210026646984095
200,16,32,0.022067885500611218,-0.34436083182478233
200,17,32,0.034203746746254496,0.2672214278607606
200,18,32,0.012978847988528023,1.0559695990600415
200,19,32,-0.009768785794222652,0.8016146498782355
200,20,32,-0.004948008563322304,-0.6102686987870056
200,21,32,0.01761840671029276,-1.6790825653819605
200,22,32,0.04685208150368612,-1.5310804743565962
200,23,32,0.08044205690398006,-1.217981251063026
200,24,32,0.09269565095652331,-0.6400440714807212
200,25,32,0.09269565095652318,0.6400440714807224
200,26,32,0.08044205690398007,1.2179812510630283
200,27,32,0.04685208150368607,1.5310804743565933
200,28,32,0.017618406710292696,1.679082565381961
200,29,32,-0.004948008563322328,0.610268698787004
200,30,32,-0.009768785794222658,-0.8016146498782358
200,31,32,0.012978847988528063,-1.055969599060044
200,32,32,0.03420374674625454,-0.2672214278607585
200,33,32,0.022067885500611242,0.34436083182478333
200,34,32,0.0075253607638118905,0.521002664698407
200,35,32,0.013496508013839297,0.5837102340456327
200,36,32,0.007469359745266237,0.4784263638702779
200,37,32,-0.007023158042309442,0.23315963588032151
200,38,32,-0.0003705312566008711,0.306540826150453
200,39,32,0.012024778881032799,0.14693147010314553
200,40,32,0.008689840688014629,-0.5357256900417994
200,41,32,0.0030172981464873425,-0.15603489344441274
200,42,32,0.0040565548470190655,1.205116005038379
200,43,32,0.00536191524902924,1.1583224651256367
200,44,32,0.0008973566865410386,0.0913117970310845
200,45,32,-0.011586930884498373,0.08386696914070024
200,46,32,-0.012225904916286202,0.020294307902465114
200,47,32,-0.0038087217646612798,0.9513562052245454
200,48,32,0.014580073521039544,-1.0161922651878748
200,1,33,0.030516226279739725,0.7781160104847109
200,2,33,0.0046051133209353175,-1.4445351280066479
200,3,33,-0.013868841560230957,-1.5372178337423985
200,4,33,-0.018949678697541314,-0.8769376599125869
200,5,33,-0.005879803585171662,0.5034069417080047
200,6,33,0.00821353772837015,-0.09284814005517655
200,7,33,0.011973240293107982,-0.3432883960331605
200,8,33,-0.0001824020684165024,0.4518528975900682
200,9,33,-0.00767383984839843,1.0093809206662203
200,10,33,-0.006497200527849311,0.4863177886140999
200,11,33,-0.01463025408637992,-0.3078977232196119
200,12,33,-0.019574135035071973,-0.6843452547725959
200,13,33,-0.003461465311188804,-0.4632331925380537
200,14,33,0.008762780089632136,-0.5597662866947302
200,15,33,0.009371181403785879,-1.1045831186738329
200,16,33,0.025920509105753498,-0.785909245552348
200,17,33,0.03958981558682394,0.3001428376069227
200,18,33,0.020359503971531013,0.906261303913519
200,19,33,-0.0047534100133636,0.7605656646696335
200,20,33,-0.004416903009671512,0.13177371421986014
200,21,33,0.0029657128519786184,-0.4610936269887767
200,22,33,0.007342506755601646,-0.29002529292665097
200,23,33,0.021093116971630313,-0.3178954212559548
200,24,33,0.0212825898024587,-0.33911978153733463
200,25,33,0.021282589802458635,0.33911978153733446
200,26,33,0.0210931169716303,0.3178954212559569
200,27,33,0.007342506755601606,0.290025292926649
200,28,33,0.00296571285197857,0.4610936269887779
200,29,33,-0.004416903009671553,-0.1317737142198609
200,30,33,-0.00475341001336362,-0.7605656646696353
200,31,33,0.02035950397153102,-0.9062613039135197
200,32,33,0.03958981558682393,-0.30014283760692184
200,33,33,0.025920509105753525,0.7859092455523482
200,34,33,0.009371181403785836,1.1045831186738304
200,35,33,0.008762780089632131,0.5597662866947305
200,36,33,-0.003461465311188754,0.46323319253805495
200,37,33,-0.019574135035071983,0.6843452547725963
200,38,33,-0.014630254086379958,0.30789772321961395
200,39,33,-0.006497200527849325,-0.48631778861409897
200,40,33,-0.007673839848398419,-1.0093809206662225
200,41,33,-0.0001824020684164894,-0.45185289759006925
200,42,33,0.011973240293107973,0.34328839603316363
200,43,33,0.008213537728370156,0.09284814005517672
200,44,33,-0.00587980358517164,-0.503406941708006
200,45,33,-0.018949678697541328,0.8769376599125874
200,46,33,-0.013868841560230974,1.5372178337423974
200,47,33,0.00460511332093529,1.4445351280066498
200,48,33,0.0305162262797397,-0.778116010484712
200,1,34,0.0039653415862847315,0.09964473028604079
200,2,34,-0.009341213600301792,-0.5022316033982146
200,3,34,-0.019058653486503086,-1.2148186675020731
200,4,34,-0.019137985376928988,-0.5051648528930053
200,5,34,-0.002586380167417789,0.34457766217046765
200,6,34,0.02162141094203287,0.6946343425496362
200,7,34,0.028538640128861766,0.36634072591730427
200,8,34,0.011482437328401904,0.3531307518301551
200,9,34,-0.004377742343623061,0.8817214683236734
200,10,34,-0.007203565916385862,1.1124915842639787
200,11,34,-0.010627967169316285,0.20808505999608673
200,12,34,-0.01258885489499036,-0.6142769026020749
200,13,34,-0.005675596189763711,0.11162950487968787
200,14,34,-0.0029603522863245243,0.38190258714471004
200,15,34,-0.005854811368355681,-0.7443767503461843
200,16,34,0.004213877828866458,-0.8290665803037228
200,17,34,0.015538400795057144,0.37291489006045875
200,18,34,0.0028206078731383075,0.7333409014219335
200,19,34,-0.01828628323931608,0.3956117559346493
200,20,34,-0.017827509120607724,0.26273160024530673
200,21,34,-0.019486786360085412,0.3492741078501936
200,22,34,-0.03681049538858139,1.002990394228638
200,23,34,-0.04812326832646001,1.0313638541867376
200,24,34,-0.06312969166339284,0.27204201154834523
200,25,34,-0.0631296916633929,-0.2720420115483455
200,26,34,-0.04812326832646002,-1.0313638541867354
200,27,34,-0.03681049538858135,-1.0029903942286398
200,28,34,-0.019486786360085502,-0.3492741078501933
200,29,34,-0.01782750912060771,-0.2627316002453056
200,30,34,-0.018286283239316106,-0.3956117559346538
200,31,34,0.0028206078731383534,-0.7333409014219353
200,32,34,0.015538400795057198,-0.37291489006045725
200,33,34,0.004213877828866425,0.8290665803037243
200,34,34,-0.005854811368355736,0.7443767503461864
200,35,34,-0.00296035228632448,-0.38190258714471026
200,36,34,-0.0056755961897637,-0.11162950487968842
200,37,34,-0.012588854894990415,0.6142769026020742
200,38,34,-0.010627967169316306,-0.20808505999608676
200,39,34,-0.007203565916385882,-1.1124915842639795
200,40,34,-0.004377742343623046,-0.881721468323676
200,41,34,0.011482437328401904,-0.35313075183015574
200,42,34,0.028538640128861738,-0.36634072591730105
200,43,34,0.021621410942032848,-0.6946343425496375
200,44,34,-0.002586380167417781,-0.3445776621704691
200,45,34,-0.019137985376928963,0.5051648528930064
200,46,34,-0.019058653486503124,1.2148186675020751
200,47,34,-0.009341213600301837,0.5022316033982148
200,48,34,0.0039653415862847,-0.0996447302860411
200,1,35,-0.027784589742778625,-0.0933387856713331
200,2,35,-0.017239731209711725,0.6929829430033911
200,3,35,-0.005033463305553361,0.2620211761468133
200,4,35,0.0036100293402250034,-0.4830581287607124
200,5,35,0.01306274782268185,-0.6328654815352521
200,6,35,0.029223645318836467,0.24606152959439564
200,7,35,0.03393075121388703,0.6246420588373165
200,8,35,0.017551370410241452,0.06446269220954037
200,9,35,0.001288139022331881,-0.20331726979090406
200,10,35,0.0014694177037687653,0.3964143497042858
200,11,35,0.010575574720421768,-0.05589433270141761
200,12,35,0.017306632398254126,-0.6970430086195818
200,13,35,0.013663842353336456,0.4707863292535781
200,14,35,0.0010973911612980284,1.3603635634054974
200,15,35,-0.009324044536732717,0.3460268524929575
200,16,35,-0.010592168572756275,-0.2365624385068764
200,17,35,-0.008191320708222236,0.41010043030488685
200,18,35,-0.01372855926469816,0.3314455951819804
200,19,35,-0.0270773402265152,-0.05020706947553924
200,20,35,-0.028422040543323035,0.3776654713217389
200,21,35,-0.036657889967612184,0.9460802738496575
200,22,35,-0.06436669581957008,1.5262411606717894
200,23,35,-0.08818782638312038,1.442790700897784
200,24,35,-0.1067547033087333,0.5034300376442832
200,25,35,-0.1067547033087333,-0.503430037644286
200,26,35,-0.08818782638312038,-1.4427907008977832
200,27,35,-0.06436669581957002,-1.5262411606717907
200,28,35,-0.03665788996761223,-0.9460802738496548
200,29,35,-0.028422040543322934,-0.3776654713217385
200,30,35,-0.027077340226515288,0.05020706947553504
200,31,35,-0.013728559264698148,-0.33144559518197764
200,32,35,-0.008191320708222235,-0.4101004303048876
200,33,35,-0.010592168572756296,0.23656243850687822
200,34,35,-0.009324044536732742,-0.34602685249295617
200,35,35,0.001097391161298044,-1.3603635634054994
200,36,35,0.01366384235333647,-0.47078632925357844
200,37,35,0.017306632398254092,0.6970430086195849
200,38,35,0.010575574720421739,0.05589433270141786
200,39,35,0.0014694177037687505,-0.39641434970428663
200,40,35,0.0012881390223318744,0.20331726979090295
200,41,35,0.017551370410241428,-0.06446269220954151
200,42,35,0.03393075121388704,-0.6246420588373152
200,43,35,0.029223645318836443,-0.24606152959439664
200,44,35,0.01306274782268185,0.6328654815352491
200,45,35,0.0036100293402249878,0.4830581287607126
200,46,35,-0.005033463305553371,-0.2620211761468134
200,47,35,-0.01723973120971171,-0.6929829430033911
200,48,35,-0.027784589742778587,0.09333878567133265
200,1,36,-0.02673627718175859,0.20287085862779874
200,2,36,-0.016611317569164067,1.4140009007277579
200,3,36,3.8887365217875076e-5,0.7019993748959086
200,4,36,0.015211641838439944,-0.5691842409854857
200,5,36,0.016215195603987154,-1.215489553828514
200,6,36,0.012634694885347419,-0.5939233700044796
200,7,36,0.006716723840705544,0.5339454583194583
200,8,36,-0.001977597923519178,-0.11760675873148518
200,9,36,-0.008318885459198604,-1.0994196744921654
200,10,36,-0.003368894730834321,-0.9145722068552505
200,11,36,0.01962585142387243,-0.7454725956637541
200,12,36,0.037701811416065927,-0.4491475016999463
200,13,36,0.024580244335275697,0.7845038713093171
200,14,36,0.000997940388514371,1.4299460081996103
200,15,36,-0.005449673838922203,0.512605767120224
200,16,36,-0.005833163541946977,-0.04684693675458926
200,17,36,-0.011521926976049883,0.507805771644399
200,18,36,-0.018464394658441102,0.44808659165734577
200,19,36,-0.030152094795311633,0.07878346094574502
200,20,36,-0.038459014571196735,0.592971690608705
200,21,36,-0.05060007333908233,1.0994553483062406
200,22,36,-0.0735636309765561,1.0436648605071381
200,23,36,-0.0929680572246529,0.7123836819381861
200,24,36,-0.10170851505437672,0.2496204974171081
200,25,36,-0.10170851505437671,-0.2496204974171082
200,26,36,-0.09296805722465293,-0.7123836819381866
200,27,36,-0.07356363097655605,-1.0436648605071395
200,28,36,-0.05060007333908234,-1.0994553483062406
200,29,36,-0.038459014571196666,-0.5929716906087035
200,30,36,-0.030152094795311658,-0.07878346094574508
200,31,36,-0.01846439465844106,-0.4480865916573452
200,32,36,-0.01152192697604986,-0.5078057716444009
200,33,36,-0.005833163541946995,0.04684693675459134
200,34,36,-0.005449673838922238,-0.5126057671202221
200,35,36,0.0009979403885144074,-1.4299460081996125
200,36,36,0.02458024433527567,-0.784503871309319
200,37,36,0.03770181141606585,0.4491475016999502
200,38,36,0.019625851423872426,0.7454725956637547
200,39,36,-0.0033688947308343027,0.9145722068552486
200,40,36,-0.008318885459198632,1.0994196744921656
200,41,36,-0.001977597923519197,0.11760675873148652
200,42,36,0.006716723840705591,-0.5339454583194593
200,43,36,0.012634694885347422,0.5939233700044798
200,44,36,0.016215195603987122,1.2154895538285142
200,45,36,0.015211641838439946,0.5691842409854859
200,46,36,3.8887365217860764e-5,-0.7019993748959076
200,47,36,-0.016611317569164084,-1.4140009007277596
200,48,36,-0.026736277181758583,-0.20287085862779944
200,1,37,-0.0021453521431141105,0.8127515897306491
200,2,37,-0.006938173203441957,0.6719102903700229
200,3,37,0.0018572599613627585,-0.2798950001077274
200,4,37,0.014132106776016135,-0.7041412661530522
200,5,37,0.01234961033797851,-1.0354507666132253
200,6,37,-0.004996844429677476,-0.13809287792381172
200,7,37,-0.022875552276745197,0.8419968770948197
200,8,37,-0.023329445633912566,0.5098397607130385
200,9,37,-0.017458471394157644,-0.2899491408870374
200,10,37,-0.012940777681787724,-0.8895488004874513
200,11,37,0.006498548995043705,-0.786541063005773
200,12,37,0.0249540222995219,0.07934045881711073
200,13,37,0.008476318049020654,0.7855554362814782
200,14,37,-0.016870034568150533,0.43503677600671
200,15,37,-0.009225505817959884,-0.47633986107148674
200,16,37,0.005590974533529201,-0.46320767876364566
200,17,37,-0.002534491557305846,0.6942971348220282
200,18,37,-0.019004506428034924,1.2364177713358517
200,19,37,-0.03686035103054821,0.7489983163160389
200,20,37,-0.05279736703844825,0.5186314308231359
200,21,37,-0.06327887209889875,0.5633077859400668
200,22,37,-0.07168691469346306,0.2184437246132314
200,23,37,-0.08110668989176589,0.02552914104031978
200,24,37,-0.07967366103279888,0.07159106544867552
200,25,37,-0.07967366103279881,-0.07159106544867375
200,26,37,-0.08110668989176598,-0.025529141040322695
200,27,37,-0.071686914693463,-0.2184437246132321
200,28,37,-0.06327887209889874,-0.5633077859400681
200,29,37,-0.0527973670384482,-0.5186314308231348
200,30,37,-0.03686035103054824,-0.7489983163160381
200,31,37,-0.019004506428034897,-1.2364177713358515
200,32,37,-0.002534491557305819,-0.6942971348220284
200,33,37,0.0055909745335291534,0.4632076787636477
200,34,37,-0.009225505817959934,0.4763398610714873
200,35,37,-0.016870034568150553,-0.43503677600671264
200,36,37,0.008476318049020638,-0.7855554362814787
200,37,37,0.024954022299521903,-0.07934045881710897
200,38,37,0.006498548995043697,0.7865410630057724
200,39,37,-0.012940777681787776,0.8895488004874494
200,40,37,-0.017458471394157647,0.2899491408870383
200,41,37,-0.023329445633912538,-0.5098397607130389
200,42,37,-0.02287555227674516,-0.8419968770948225
200,43,37,-0.004996844429677481,0.13809287792381478
200,44,37,0.012349610337978496,1.0354507666132293
200,45,37,0.014132106776016175,0.7041412661530528
200,46,37,0.0018572599613627776,0.27989500010772606
200,47,37,-0.006938173203441947,-0.6719102903700238
200,48,37,-0.0021453521431141365,-0.8127515897306485
200,1,38,0.022556355512427788,0.0009151390504206075
200,2,38,0.008911265026710467,-1.5582859314810054
200,3,38,0.0004392809275851721,-1.1200679683862977
200,4,38,0.007143187525578662,-0.4368339895970008
200,5,38,0.01836343918839003,0.6114461073663865
200,6,38,0.005545522244909979,1.5913726122935892
200,7,38,-0.014036876393639538,1.2905215046499805
200,8,38,-0.012179256278024117,0.929536996424971
200,9,38,-0.0026557737563963424,0.49112360079113493
200,10,38,-0.0009664705985779334,-0.36083326024908763
200,11,38,0.0027368490283921653,-0.4025092696729748
200,12,38,0.005227533259093922,0.5748750558784936
200,13,38,-0.01151575727100549,0.6976586247603066
200,14,38,-0.029074373690058605,-0.43155965652442607
200,15,38,-0.013102975468760273,-1.1272187151252
200,16,38,0.012806248879937717,-0.6529231585798958
200,17,38,0.008391886470158995,0.4995983404438779
200,18,38,-0.012625237186598236,1.3452096350948501
200,19,38,-0.030802005136838756,1.1300441629625817
200,20,38,-0.04943453216547265,0.5128358491949345
200,21,38,-0.05957616419530211,0.22764261809465575
200,22,38,-0.057709976007245464,-0.2264490374565894
200,23,38,-0.05993820783095016,-0.33321657842303776
200,24,38,-0.053408336243105065,-0.025191837831431703
200,25,38,-0.05340833624310498,0.025191837831430725
200,26,38,-0.0599382078309502,0.3332165784230346
200,27,38,-0.05770997600724543,0.22644903745659128
200,28,38,-0.05957616419530207,-0.22764261809465747
200,29,38,-0.049434532165472646,-0.5128358491949339
200,30,38,-0.03080200513683877,-1.1300441629625795
200,31,38,-0.012625237186598196,-1.345209635094852
200,32,38,0.008391886470158929,-0.4995983404438775
200,33,38,0.012806248879937693,0.6529231585798977
200,34,38,-0.013102975468760254,1.1272187151251982
200,35,38,-0.029074373690058632,0.43155965652442496
200,36,38,-0.011515757271005482,-0.6976586247603052
200,37,38,0.005227533259093961,-0.5748750558784931
200,38,38,0.0027368490283921636,0.40250926967297485
200,39,38,-0.0009664705985779783,0.36083326024908613
200,40,38,-0.002655773756396358,-0.4911236007911351
200,41,38,-0.012179256278024136,-0.929536996424971
200,42,38,-0.014036876393639553,-1.290521504649981
200,43,38,0.005545522244909975,-1.5913726122935885
200,44,38,0.018363439188390014,-0.6114461073663857
200,45,38,0.007143187525578626,0.43683398959700026
200,46,38,0.0004392809275851634,1.1200679683862969
200,47,38,0.008911265026710467,1.5582859314810054
200,48,38,0.022556355512427826,-0.0009151390504189699
200,1,39,0.01388689876208414,-1.1911640585177758
200,2,39,0.016688551303500998,-1.3735461458716238
200,3,39,0.010837783321694161,-0.3242680140642085
200,4,39,0.015035526398443317,0.46093555095276395
200,5,39,0.02642090233464161,1.7614057784164288
200,6,39,0.020316399101611274,1.2627573835667953
200,7,39,0.004107235858429957,-0.20878975868074676
200,8,39,-0.0009547425028292797,-0.6163880095549854
200,9,39,0.009215890810341968,-0.4418718894137021
200,10,39,0.018922776315792682,-0.49449679608565766
200,11,39,0.014866420733557512,0.11196842714514896
200,12,39,-0.0023070192499854234,1.3359679299022196
200,13,39,-0.02224439883339802,1.0411431999001037
200,14,39,-0.028734589185564804,-0.5840663595559041
200,15,39,-0.011882154091072435,-1.0780491014723295
200,16,39,0.010013941927212038,-0.36242394100133046
200,17,39,0.008763598253476668,0.16733291659280491
200,18,39,-0.008119850520346467,0.5421981526273978
200,19,39,-0.016921076721489393,0.7383166171528358
200,20,39,-0.027735347190217113,0.5404853040631334
200,21,39,-0.03920395189301891,0.39144391252392274
200,22,39,-0.038068485701450196,-0.07220572079524584
200,23,39,-0.039412750771933756,-0.3753628418613142
200,24,39,-0.034175850352578745,-0.11289616072627573
200,25,39,-0.03417585035257863,0.11289616072627398
200,26,39,-0.03941275077193379,0.37536284186131175
200,27,39,-0.038068485701450085,0.07220572079524848
200,28,39,-0.03920395189301888,-0.39144391252392297
200,29,39,-0.027735347190217103,-0.5404853040631294
200,30,39,-0.01692107672148934,-0.7383166171528321
200,31,39,-0.008119850520346536,-0.5421981526274013
200,32,39,0.008763598253476656,-0.16733291659280491
200,33,39,0.010013941927212033,0.36242394100133013
200,34,39,-0.011882154091072461,1.0780491014723284
200,35,39,-0.02873458918556488,0.5840663595559036
200,36,39,-0.022244398833398033,-1.0411431999001028
200,37,39,-0.002307019249985433,-1.3359679299022202
200,38,39,0.014866420733557451,-0.11196842714514833
200,39,39,0.018922776315792644,0.4944967960856591
200,40,39,0.009215890810341982,0.4418718894137008
200,41,39,-0.0009547425028292719,0.6163880095549841
200,42,39,0.004107235858429929,0.2087897586807465
200,43,39,0.02031639910161125,-1.2627573835667953
200,44,39,0.026420902334641592,-1.7614057784164276
200,45,39,0.01503552639844331,-0.4609355509527652
200,46,39,0.010837783321694145,0.32426801406420724
200,47,39,0.016688551303500995,1.3735461458716256
200,48,39,0.013886898762084161,1.191164058517777
200,1,40,-0.005220108999108792,-0.39884630254226666
200,2,40,0.02319801322090179,0.8014705534299675
200,3,40,0.041318384196893834,0.5498341533174194
200,4,40,0.029847569855695397,0.7319314166703934
200,5,40,-0.00010861638875941286,0.5630733954672003
200,6,40,-0.013108740742875057,-0.5928448454960824
200,7,40,-0.00981959742732288,-1.5050514144424558
200,8,40,-0.007597473802524311,-1.533523972503921
200,9,40,0.0027138387390173227,-0.8857058309833848
200,10,40,0.023976771864378233,-0.302073246970602
200,11,40,0.026036774386562007,0.6082959314790467
200,12,40,-0.001268884768463763,1.5989197343392114
200,13,40,-0.02260549503542626,1.016975333342719
200,14,40,-0.01756675262946408,-0.642650587858167
200,15,40,-0.002337534513051159,-0.8789117307297067
200,16,40,0.005687376926130614,0.21201944273433196
200,17,40,-0.0005726790955757253,0.4666680269556549
200,18,40,-0.013873699234939026,-0.010283223196411728
200,19,40,-0.013113894206508483,-0.15606784389577721
200,20,40,-0.00788919075739051,-0.07751045034256376
200,21,40,-0.01248209734764423,0.24904591244715407
200,22,40,-0.017283380546550268,0.4456417325279055
200,23,40,-0.024596591145638842,0.2858035351065244
200,24,40,-0.02920501546759302,0.09972876180581985
200,25,40,-0.029205015467593,-0.0997287618058218
200,26,40,-0.0245965911456388,-0.2858035351065257
200,27,40,-0.017283380546550178,-0.4456417325279053
200,28,40,-0.012482097347644217,-0.24904591244715457
200,29,40,-0.007889190757390528,0.07751045034256637
200,30,40,-0.013113894206508438,0.1560678438957771
200,31,40,-0.013873699234939113,0.010283223196410243
200,32,40,-0.0005726790955757474,-0.46666802695565224
200,33,40,0.005687376926130632,-0.21201944273433057
200,34,40,-0.002337534513051188,0.8789117307297056
200,35,40,-0.017566752629464135,0.6426505878581671
200,36,40,-0.022605495035426283,-1.0169753333427203
200,37,40,-0.0012688847684637736,-1.598919734339213
200,38,40,0.026036774386561986,-0.6082959314790438
200,39,40,0.023976771864378185,0.3020732469706033
200,40,40,0.002713838739017302,0.885705830983383
200,41,40,-0.007597473802524339,1.5335239725039214
200,42,40,-0.009819597427322867,1.5050514144424578
200,43,40,-0.013108740742875016,0.5928448454960821
200,44,40,-0.00010861638875940376,-0.5630733954672023
200,45,40,0.029847569855695352,-0.7319314166703925
200,46,40,0.04131838419689382,-0.5498341533174194
200,47,40,0.023198013220901804,-0.8014705534299694
200,48,40,-0.005220108999108794,0.3988463025422656
200,1,41,0.006118533842466095,-0.1401862675664867
200,2,41,0.029934670873968713,0.009607686173336072
200,3,41,0.04297865708336214,0.3228333635627943
200,4,41,0.017264515378990593,1.0845703650152092
200,5,41,-0.02954902543237967,0.3468473540242358
200,6,41,-0.044545524195721165,-0.2553119370295525
200,7,41,-0.022282225974938268,-0.2687845775000172
200,8,41,-0.0026939867427904184,-0.10042027371546221
200,9,41,0.00043316577539227914,-0.09669469621927718
200,10,41,0.01016102617182004,0.03791236740357529
200,11,41,0.016990168437615385,0.4669272952484979
200,12,41,-0.0019331064758829003,0.5608799270516774
200,13,41,-0.017065792226306612,0.0026183892284400156
200,14,41,-0.0027269610159309414,-0.6581873546722079
200,15,41,0.010427303073232487,-0.37088736763705477
200,16,41,0.0033400181368242886,0.7473857260127875
200,17,41,-0.009081832071652491,0.9473157815068354
200,18,41,-0.01866031191289772,-0.0319683567845789
200,19,41,-0.014560354729062487,-0.7360196838097339
200,20,41,0.00021185372381805467,-0.7194244309384501
200,21,41,0.00542704337283429,-0.16227934713871728
200,22,41,-0.0022814523292489916,0.6945068258036928
200,23,41,-0.012636335831109513,0.9278851499264632
200,24,41,-0.025094473967442826,0.36226010658160646
200,25,41,-0.02509447396744287,-0.3622601065816091
200,26,41,-0.012636335831109416,-0.9278851499264634
200,27,41,-0.002281452329248954,-0.6945068258036937
200,28,41,0.005427043372834335,0.16227934713871842
200,29,41,0.00021185372381804935,0.7194244309384529
200,30,41,-0.014560354729062452,0.7360196838097353
200,31,41,-0.01866031191289777,0.03196835678457812
200,32,41,-0.009081832071652491,-0.9473157815068347
200,33,41,0.0033400181368242903,-0.7473857260127885
200,34,41,0.010427303073232386,0.37088736763705615
200,35,41,-0.002726961015930997,0.6581873546722105
200,36,41,-0.01706579222630664,-0.0026183892284416532
200,37,41,-0.0019331064758829146,-0.5608799270516782
200,38,41,0.016990168437615385,-0.46692729524849663
200,39,41,0.010161026171820032,-0.037912367403575536
200,40,41,0.00043316577539226353,0.0966946962192749
200,41,41,-0.0026939867427904184,0.10042027371546179
200,42,41,-0.022282225974938268,0.26878457750001933
200,43,41,-0.044545524195721234,0.255311937029553
200,44,41,-0.02954902543237973,-0.34684735402423705
200,45,41,0.01726451537899057,-1.0845703650152068
200,46,41,0.04297865708336211,-0.32283336356279324
200,47,41,0.0299346708739687,-0.009607686173338958
200,48,41,0.006118533842466064,0.14018626756648683
200,1,42,0.027170328885629248,-1.437755076948275
200,2,42,0.04303826909203129,-1.7045893763674504
200,3,42,0.03733859881719177,0.48150120844145106
200,4,42,0.01553336421177567,1.7496048209156767
200,5,42,-0.004941880831554559,1.4790191272796178
200,6,42,-0.01379950289747553,0.5304402496697194
200,7,42,-0.0055766690576909955,0.3053231234060841
200,8,42,0.006914712305516238,0.4845732319008963
200,9,42,0.007453534104688483,-0.023746633966713337
200,10,42,0.0010690738828554036,-0.19440311936602445
200,11,42,-0.0017872448117416213,0.11854421981247339
200,12,42,-0.006602795683533778,-0.27509839626182137
200,13,42,-0.010596843157801131,-0.8083097300784595
200,14,42,0.0017376230441981237,-0.4368039091050699
200,15,42,0.012608247545722298,0.23065137622047965
200,16,42,0.0011225469113672949,0.5915503009011825
200,17,42,-0.009751403480861716,0.4980946388927469
200,18,42,-0.00916481081037061,-0.09175670602531236
200,19,42,-0.007496059132406648,-0.41681007965550576
200,20,42,-0.001810841480110851,-0.21796239417166677
200,21,42,0.0017493546662499305,-0.08853176750827402
200,22,42,-0.004168786834681283,0.19469153622031554
200,23,42,-0.004885195298666858,0.33031541973002354
200,24,42,-0.010042889319664412,0.08355436511603268
200,25,42,-0.010042889319664483,-0.0835543651160347
200,26,42,-0.0048851952986667556,-0.3303154197300222
200,27,42,-0.004168786834681292,-0.19469153622031649
200,28,42,0.001749354666249943,0.08853176750827638
200,29,42,-0.001810841480110831,0.2179623941716662
200,30,42,-0.007496059132406655,0.4168100796555047
200,31,42,-0.009164810810370643,0.091756706025313
200,32,42,-0.009751403480861698,-0.49809463889274724
200,33,42,0.001122546911367236,-0.5915503009011811
200,34,42,0.012608247545722283,-0.23065137622047688
200,35,42,0.0017376230441981002,0.43680390910506994
200,36,42,-0.010596843157801222,0.8083097300784563
200,37,42,-0.0066027956835337884,0.27509839626181964
200,38,42,-0.0017872448117415896,-0.118544219812472
200,39,42,0.0010690738828553767,0.19440311936602622
200,40,42,0.0074535341046884345,0.023746633966714226
200,41,42,0.006914712305516273,-0.4845732319008973
200,42,42,-0.005576669057690975,-0.305323123406083
200,43,42,-0.013799502897475592,-0.5304402496697175
200,44,42,-0.004941880831554578,-1.479019127279619
200,45,42,0.01553336421177569,-1.749604820915677
200,46,42,0.037338598817191766,-0.48150120844145144
200,47,42,0.043038269092031255,1.7045893763674487
200,48,42,0.027170328885629227,1.4377550769482732
200,1,43,0.022217308414623514,-1.596139694746059
200,2,43,0.04375986392261068,-0.7920677973445931
200,3,43,0.03811108575512932,0.8152550271867154
200,4,43,0.01877671715941452,1.2053290675785782
200,5,43,0.008327339729774395,0.7646077435507681
200,6,43,0.004012686541708426,-0.2651970724080285
200,7,43,-0.003247913669955955,-0.5437258610627285
200,8,43,-0.0036823361493624833,-0.5196084037995428
200,9,43,0.009737501048118453,-0.5490867147453429
200,10,43,0.013255134206109435,-0.03312246059986518
200,11,43,-0.001800078380863263,0.6965687073895235
200,12,43,-0.011882960285383257,0.45167614882120977
200,13,43,-0.01031629586331906,-0.3932727162086551
200,14,43,-0.00471068654750769,-0.33639396817426526
200,15,43,0.0031290815078503106,0.14478988117766778
200,16,43,0.0026111294026833925,-0.0978637433570464
200,17,43,-0.0010407894919975264,-0.3684160950723925
200,18,43,0.006174942294940394,-0.11915425866640683
200,19,43,0.00545807193624998,0.3495538841951649
200,20,43,-0.004973141562517619,0.7350434079578851
200,21,43,-0.009557326300983849,0.29827991118934843
200,22,43,-0.011269186734290728,-0.49135479433749646
200,23,43,-0.00042474407835228675,-0.7704657034557549
200,24,43,0.007808504761292901,-0.4028617925955381
200,25,43,0.007808504761292866,0.40286179259553884
200,26,43,-0.0004247440783522346,0.7704657034557558
200,27,43,-0.011269186734290719,0.49135479433749507
200,28,43,-0.009557326300983828,-0.2982799111893477
200,29,43,-0.004973141562517585,-0.7350434079578836
200,30,43,0.005458071936249898,-0.3495538841951637
200,31,43,0.006174942294940395,0.11915425866640794
200,32,43,-0.0010407894919975359,0.36841609507239104
200,33,43,0.002611129402683369,0.09786374335704767
200,34,43,0.0031290815078503114,-0.1447898811776666
200,35,43,-0.004710686547507742,0.33639396817426526
200,36,43,-0.010316295863319093,0.39327271620865556
200,37,43,-0.01188296028538323,-0.4516761488212113
200,38,43,-0.0018000783808632633,-0.6965687073895251
200,39,43,0.013255134206109435,0.03312246059986712
200,40,43,0.009737501048118446,0.5490867147453422
200,41,43,-0.003682336149362481,0.519608403799541
200,42,43,-0.0032479136699559525,0.5437258610627279
200,43,43,0.004012686541708425,0.26519707240803014
200,44,43,0.008327339729774381,-0.7646077435507688
200,45,43,0.018776717159414535,-1.205329067578579
200,46,43,0.038111085755129295,-0.8152550271867133
200,47,43,0.04375986392261065,0.792067797344594
200,48,43,0.022217308414623518,1.596139694746059
200,1,44,0.006756316709819384,-0.28263732741711256
200,2,44,0.021316125383569667,0.483388052089118
200,3,44,0.020343258408234904,0.5865572594268534
200,4,44,0.0031419399171955216,0.3649958778795305
200,5,44,-0.011174110679476086,-0.3561594358170282
200,6,44,-0.014788454194295492,-0.24364817821199683
200,7,44,-0.01865432189505891,-0.24699839300665505
200,8,44,-0.013683486721985983,-0.9394200202425785
200,9,44,0.01018215681436002,-0.8359791183271359
200,10,44,0.027069697955821058,0.32044746063737245
200,11,44,0.011083171816391162,1.3053480812970624
200,12,44,-0.013906384313044426,1.1936792079686804
200,13,44,-0.017059916492076617,0.18982812519380843
200,14,44,-0.010024907604755176,-0.5179220528035204
200,15,44,-0.00398350791091294,-0.39758945351442804
200,16,44,0.003772703634332057,-0.3168630054570151
200,17,44,0.0046034264701030345,-0.3452483231215093
200,18,44,0.005149803644382156,0.0732774172525179
200,19,44,0.005245827690689335,0.46241651740234485
200,20,44,-0.004567911587490708,0.5370375255438322
200,21,44,-0.009180887364972568,0.22346388792233285
200,22,44,-0.0068653955476433715,-0.4019534441991057
200,23,44,-0.0006104919423714986,-0.6286703339439735
200,24,44,0.0073701287284908676,-0.27383000812248565
200,25,44,0.007370128728490877,0.27383000812248354
200,26,44,-0.0006104919423714157,0.6286703339439731
200,27,44,-0.006865395547643364,0.4019534441991086
200,28,44,-0.009180887364972539,-0.22346388792233202
200,29,44,-0.004567911587490744,-0.5370375255438309
200,30,44,0.005245827690689299,-0.46241651740234313
200,31,44,0.005149803644382152,-0.07327741725252042
200,32,44,0.004603426470102948,0.34524832312150855
200,33,44,0.0037727036343320757,0.31686300545701496
200,34,44,-0.003983507910912949,0.3975894535144275
200,35,44,-0.010024907604755277,0.5179220528035212
200,36,44,-0.01705991649207666,-0.18982812519380649
200,37,44,-0.013906384313044461,-1.1936792079686813
200,38,44,0.011083171816391143,-1.3053480812970641
200,39,44,0.027069697955821093,-0.3204474606373725
200,40,44,0.01018215681436002,0.8359791183271353
200,41,44,-0.013683486721985995,0.9394200202425775
200,42,44,-0.018654321895058924,0.2469983930066545
200,43,44,-0.014788454194295477,0.24364817821199714
200,44,44,-0.011174110679476077,0.35615943581702764
200,45,44,0.0031419399171955047,-0.3649958778795306
200,46,44,0.02034325840823488,-0.5865572594268521
200,47,44,0.021316125383569633,-0.48338805208911806
200,48,44,0.006756316709819356,0.2826373274171132
200,1,45,0.004811296173445077,0.16658707157423136
200,2,45,0.009594191533101468,0.10423442706113589
200,3,45,0.012861544994678587,0.16349730764978485
200,4,45,0.011741204567909594,0.176009362579025
200,5,45,0.0033950625456944496,0.4220110673633213
200,6,45,-0.012340727913958195,1.1176945790396084
200,7,45,-0.021506734312934532,0.5703695807620073
200,8,45,-0.009741412237038092,-0.7766818018843278
200,9,45,0.013034458088756806,-1.0382364367646093
200,10,45,0.02492067747889152,0.007110011697947068
200,11,45,0.013694256875783066,0.8023562679623315
200,12,45,-0.008075634919068316,0.5793064482487282
200,13,45,-0.013319965520623856,-0.07020067140569294
200,14,45,-0.0021802891643427262,-0.5298775141462362
200,15,45,0.003571904119631588,-0.3765731959714684
200,16,45,0.004143068670246847,0.1663837261625423
200,17,45,0.0018262807401885216,0.3384717795541339
200,18,45,-0.005445563048801877,0.14412068509168133
200,19,45,-0.004182849778571255,-0.20017493133012865
200,20,45,0.0016229253385048568,-0.5094223686738786
200,21,45,0.004022646097366949,-0.21604335929528629
200,22,45,0.006868706355032988,0.27610502749659116
200,23,45,-0.0011649581506998402,0.4899713113232778
200,24,45,-0.005342218926499373,0.2901707172851078
200,25,45,-0.005342218926499255,-0.29017071728510774
200,26,45,-0.001164958150699909,-0.4899713113232773
200,27,45,0.006868706355033108,-0.27610502749659027
200,28,45,0.0040226460973669526,0.21604335929528481
200,29,45,0.0016229253385048594,0.5094223686738819
200,30,45,-0.004182849778571203,0.20017493133013098
200,31,45,-0.005445563048801946,-0.14412068509168116
200,32,45,0.0018262807401884882,-0.33847177955413243
200,33,45,0.004143068670246871,-0.1663837261625441
200,34,45,0.0035719041196315545,0.37657319597146743
200,35,45,-0.0021802891643427453,0.5298775141462377
200,36,45,-0.0133199655206239,0.07020067140569262
200,37,45,-0.008075634919068346,-0.5793064482487281
200,38,45,0.013694256875783102,-0.8023562679623307
200,39,45,0.024920677478891557,-0.007110011697947574
200,40,45,0.01303445808875681,1.0382364367646106
200,41,45,-0.009741412237038071,0.77668180188433
200,42,45,-0.021506734312934515,-0.5703695807620079
200,43,45,-0.012340727913958188,-1.1176945790396102
200,44,45,0.003395062545694436,-0.4220110673633205
200,45,45,0.011741204567909566,-0.17600936257902428
200,46,45,0.012861544994678543,-0.1634973076497845
200,47,45,0.00959419153310145,-0.10423442706113722
200,48,45,0.004811296173445068,-0.1665870715742327
200,1,46,-0.0009969058868952673,-0.5235578232503444
200,2,46,0.0025005817559992493,-0.8041650167922565
200,3,46,0.015320511882209207,-0.822343541704809
200,4,46,0.031583618881133244,-0.28399377717114954
200,5,46,0.024015351396160935,1.4524359088273338
200,6,46,-0.009225098823611954,1.6520536892393558
200,7,46,-0.027204802667446668,0.17682039871906852
200,8,46,-0.011339119095857223,-1.0133435522991314
200,9,46,0.010809627233696351,-0.8541645033840225
200,10,46,0.01167465315085502,0.06846376339239513
200,11,46,-0.001029532467897379,0.34539990171122903
200,12,46,-0.008426803186384136,-0.22234505747937727
200,13,46,-0.004926793208757826,-0.531222497887984
200,14,46,0.005601219565799967,-0.21787947650217449
200,15,46,0.009268732830107405,0.1983830115444112
200,16,46,0.001360587873212212,0.5298915637752963
200,17,46,-0.004527632437727309,0.5019720290101968
200,18,46,-0.008098025234632216,-0.011611927765820512
200,19,46,-0.006613493891818905,-0.4870996717177952
200,20,46,0.004371088337895888,-0.6698838058396659
200,21,46,0.008766624658309859,-0.25448956531056993
200,22,46,0.008821133886880115,0.46648565468686964
200,23,46,-0.0006471078396610922,0.7440958055664396
200,24,46,-0.008651262275995284,0.3753054042614309
200,25,46,-0.008651262275995202,-0.37530540426143166
200,26,46,-0.0006471078396611621,-0.744095805566442
200,27,46,0.00882113388688019,-0.4664856546868691
200,28,46,0.008766624658309845,0.2544895653105694
200,29,46,0.00437108833789591,0.6698838058396667
200,30,46,-0.0066134938918188686,0.4870996717177954
200,31,46,-0.008098025234632248,0.011611927765821942
200,32,46,-0.004527632437727313,-0.5019720290101956
200,33,46,0.0013605878732121763,-0.5298915637752954
200,34,46,0.009268732830107408,-0.19838301154440954
200,35,46,0.005601219565799969,0.21787947650217504
200,36,46,-0.004926793208757867,0.5312224978879833
200,37,46,-0.008426803186384155,0.2223450574793758
200,38,46,-0.001029532467897351,-0.34539990171123003
200,39,46,0.011674653150855056,-0.06846376339239606
200,40,46,0.01080962723369636,0.8541645033840243
200,41,46,-0.011339119095857232,1.0133435522991323
200,42,46,-0.027204802667446668,-0.17682039871906735
200,43,46,-0.00922509882361197,-1.6520536892393547
200,44,46,0.024015351396160938,-1.4524359088273329
200,45,46,0.031583618881133216,0.2839937771711502
200,46,46,0.01532051188220919,0.8223435417048091
200,47,46,0.0025005817559992215,0.804165016792256
200,48,46,-0.0009969058868952757,0.5235578232503432
200,1,47,-0.014501731156294842,0.3424510448219817
200,2,47,-0.018533738789552907,-0.706586127735235
200,3,47,0.004031472561771584,-1.6757594341998125
200,4,47,0.026234573188239747,-0.5016460128542976
200,5,47,0.013557581221246782,1.3512608242137334
200,6,47,-0.019092509826120933,1.0276081960779093
200,7,47,-0.02831736887027789,-0.7441880506876604
200,8,47,-0.004872341146885005,-1.4111383938241158
200,9,47,0.01703122917142693,-0.2535072664622932
200,10,47,0.009666727322512446,0.9531850190930248
200,11,47,-0.010845125679539958,0.7587627193290918
200,12,47,-0.015096399727028614,-0.22624358305638195
200,13,47,-0.004276195008028449,-0.6105838595858261
200,14,47,0.003856947877981601,-0.10653510197808154
200,15,47,0.003674169203936592,0.3391860081460984
200,16,47,-0.002143606927585325,0.199206839667307
200,17,47,-0.004626693847049375,-0.08391154875716712
200,18,47,-0.0003702628305067581,-0.1672580412534415
200,19,47,0.0009059048365822196,0.016319760464114694
200,20,47,-0.00027643952338804044,0.234889964495135
200,21,47,-0.0018721833204365605,0.13225462344653904
200,22,47,-0.0037123099466338815,-0.09582175092919133
200,23,47,-0.00021848101151358324,-0.22378214439527655
200,24,47,0.0015204664927620016,-0.13619644847363505
200,25,47,0.0015204664927619225,0.1361964484736347
200,26,47,-0.0002184810115135236,0.22378214439527638
200,27,47,-0.0037123099466338967,0.09582175092918788
200,28,47,-0.0018721833204365685,-0.1322546234465373
200,29,47,-0.00027643952338800586,-0.23488996449513502
200,30,47,0.0009059048365822006,-0.016319760464116914
200,31,47,-0.0003702628305067529,0.16725804125344038
200,32,47,-0.0046266938470493745,0.0839115487571669
200,33,47,-0.0021436069275853537,-0.1992068396673066
200,34,47,0.0036741692039365978,-0.3391860081460971
200,35,47,0.0038569478779815662,0.10653510197808116
200,36,47,-0.004276195008028477,0.610583859585826
200,37,47,-0.015096399727028646,0.22624358305638087
200,38,47,-0.010845125679539961,-0.7587627193290937
200,39,47,0.009666727322512461,-0.9531850190930242
200,40,47,0.01703122917142694,0.25350726646229327
200,41,47,-0.004872341146884983,1.4111383938241147
200,42,47,-0.028317368870277883,0.7441880506876601
200,43,47,-0.019092509826120933,-1.02760819607791
200,44,47,0.013557581221246773,-1.3512608242137332
200,45,47,0.02623457318823974,0.501646012854299
200,46,47,0.004031472561771566,1.6757594341998125
200,47,47,-0.01853373878955292,0.7065861277352354
200,48,47,-0.014501731156294858,-0.34245104482198097
200,1,48,-0.014031821734977412,1.6557323865451283
200,2,48,-0.024185768932878767,-0.008586562937856645
200,3,48,-0.003974457711417193,-1.1964336271695006
200,4,48,0.012270622620623103,-0.057642183721945295
200,5,48,0.00276116770319906,0.7290891813440666
200,6,48,-0.013089128614473488,0.36916188287571844
200,7,48,-0.010784247687151883,-0.8361063319027084
200,8,48,0.009988208027645402,-1.1376267580190271
200,9,48,0.02391961728826936,0.09407359578823951
200,10,48,0.014924449746154056,1.1583744925023216
200,11,48,-0.004066111055138336,0.887383245968746
200,12,48,-0.010548110488198134,0.009835896579929948
200,13,48,-0.002625963311827748,-0.4068395769851001
200,14,48,0.002561860649599994,-0.19202932044213117
200,15,48,0.0007645399767286822,0.03911312773184803
200,16,48,3.4477586268252466e-5,-0.20495803303306015
200,17,48,0.001766328077611557,-0.4486732221371062
200,18,48,0.007018407300088283,-0.1706938490831005
200,19,48,0.007632097119607783,0.35882968071581245
200,20,48,-0.0014231655631559532,0.6747276852535817
200,21,48,-0.006647659072303553,0.28604828053436476
200,22,48,-0.007932564875957242,-0.44870408716768595
200,23,48,0.0018512462045328607,-0.7710121074829402
200,24,48,0.009589050886820712,-0.4014390974727908
200,25,48,0.009589050886820634,0.401439097472789
200,26,48,0.0018512462045329517,0.771012107482943
200,27,48,-0.007932564875957301,0.44870408716768706
200,28,48,-0.006647659072303538,-0.28604828053436254
200,29,48,-0.001423165563155972,-0.6747276852535814
200,30,48,0.007632097119607757,-0.35882968071581167
200,31,48,0.007018407300088273,0.17069384908309965
200,32,48,0.001766328077611516,0.44867322213710503
200,33,48,3.447758626824596e-5,0.20495803303306076
200,34,48,0.0007645399767286796,-0.03911312773184708
200,35,48,0.002561860649599965,0.19202932044213022
200,36,48,-0.0026259633118277596,0.4068395769851018
200,37,48,-0.010548110488198151,-0.009835896579930045
200,38,48,-0.004066111055138335,-0.8873832459687484
200,39,48,0.01492444974615404,-1.15837449250232
200,40,48,0.02391961728826938,-0.09407359578823965
200,41,48,0.009988208027645391,1.1376267580190267
200,42,48,-0.010784247687151863,0.8361063319027097
200,43,48,-0.013089128614473467,-0.36916188287571783
200,44,48,0.0027611677031990885,-0.7290891813440665
200,45,48,0.012270622620623109,0.05764218372194488
200,46,48,-0.0039744577114171915,1.1964336271694997
200,47,48,-0.024185768932878753,0.008586562937856423
200,48,48,-0.014031821734977416,-1.655732386545128
300,1,1,0.005657694102253062,-0.1912843064966962
300,2,1,0.0021091311048671026,-0.5702553535506021
300,3,1,0.005146304067004745,-0.20478283502075872
300,4,1,0.009503395296909405,0.20629691472171502
300,5,1,0.013842661919036187,0.2991418340521821
300,6,1,0.01857631623851925,-0.3267323644911895
300,7,1,0.011049871139627424,0.0010878706563526297
300,8,1,-0.0074982864106562675,0.5709133502205296
300,9,1,-0.006836773455096815,0.7659401291947099
300,10,1,-0.0004651083031007794,1.2049910451308148
300,11,1,-0.015674863307110425,-0.32165659059929236
300,12,1,-0.030834304055171534,-0.7799991066085609
300,13,1,-0.03442624668437908,0.6915986594524539
300,14,1,-0.03639373701457856,0.83128459161145
300,15,1,-0.03037194680168332,0.580644685569429
300,16,1,-0.016005021432606945,0.07999101447419954
300,17,1,-0.011642732764592257,-1.1041275995216155
300,18,1,-0.020508495228103718,-1.3366714426800441
300,19,1,-0.024141696917249766,-0.9904985554512926
300,20,1,-0.0254694232220481,-0.7436835112573976
300,21,1,-0.020443295268134397,0.021880788138483043
300,22,1,-0.00776453809444397,0.2746258908287137
300,23,1,-0.0004992095024160615,-0.033744145896088984
300,24,1,0.012724216251346156,-0.033457041973878304
300,25,1,0.012724216251346145,0.033457041973879324
300,26,1,-0.0004992095024160736,0.0337441458960861
300,27,1,-0.007764538094443968,-0.2746258908287126
300,28,1,-0.020443295268134317,-0.02188078813847949
300,29,1,-0.02546942322204815,0.7436835112574015
300,30,1,-0.0241416969172498,0.9904985554512936
300,31,1,-0.020508495228103742,1.336671442680041
300,32,1,-0.011642732764592285,1.1041275995216138
300,33,1,-0.016005021432606948,-0.07999101447419976
300,34,1,-0.03037194680168335,-0.5806446855694287
300,35,1,-0.03639373701457863,-0.8312845916114486
300,36,1,-0.03442624668437907,-0.691598659452453
300,37,1,-0.030834304055171548,0.779999106608559
300,38,1,-0.01567486330711045,0.32165659059929225
300,39,1,-0.000465108303100782,-1.2049910451308146
300,40,1,-0.006836773455096812,-0.7659401291947082
300,41,1,-0.007498286410656309,-0.5709133502205285
300,42,1,0.011049871139627424,-0.001087870656354184
300,43,1,0.018576316238519273,0.326732364491188
300,44,1,0.013842661919036206,-0.29914183405218353
300,45,1,0.009503395296909427,-0.20629691472171569
300,46,1,0.005146304067004745,0.20478283502076178
300,47,1,0.002109131104867108,0.5702553535506021
300,48,1,0.0056576941022530676,0.1912843064966946
300,1,2,0.006764057160425436,-0.3554815364396604
300,2,2,0.001524589006070218,-0.45436448777999194
300,3,2,0.004605020466318372,0.03904872600535214
300,4,2,0.011782830599661585,-0.10490598895513045
300,5,2,0.01709204712783229,-0.08584883441330377
300,6,2,0.019480656149049043,0.296591020992898
300,7,2,0.014069528651569359,-0.35134541628403737
300,8,2,0.0005907566772677176,0.029916345454085835
300,9,2,-0.010118987603667362,1.941689791546398
300,10,2,-0.015185573333061909,1.5837595841190246
300,11,2,-0.027319902235718008,-0.1662800989338432
300,12,2,-0.036081080598833165,-0.6909525281182821
300,13,2,-0.029352138691569513,-0.05426569747080691
300,14,2,-0.02945222613806449,0.5844374618147249
300,15,2,-0.03062741810055414,0.4754104449049108
300,16,2,-0.011896350346742034,-0.148523919287037
300,17,2,-0.0005734336890533959,-0.5884583473910033
300,18,2,-0.014827664241519546,-0.2342619559594164
300,19,2,-0.020643671566425218,-0.26091230532294685
300,20,2,-0.01942916298479042,-0.7905172312849846
300,21,2,-0.010748237482212902,-0.29789932215000303
300,22,2,0.005098433151824044,-0.10320958200237529
300,23,2,0.00961214811566557,-0.35712083100636255
300,24,2,0.024155315275471698,-0.11710415543605915
300,25,2,0.02415531527547176,0.11710415543606367
300,26,2,0.009612148115665523,0.3571208310063563
300,27,2,0.005098433151824009,0.10320958200237718
300,28,2,-0.01074823748221286,0.2978993221500044
300,29,2,-0.01942916298479056,0.7905172312849857
300,30,2,-0.020643671566425183,0.2609123053229467
300,31,2,-0.01482766424151957,0.23426195595941346
300,32,2,-0.0005734336890533378,0.5884583473910063
300,33,2,-0.011896350346742048,0.1485239192870379
300,34,2,-0.03062741810055418,-0.47541044490490997
300,35,2,-0.02945222613806454,-0.5844374618147256
300,36,2,-0.02935213869156956,0.05426569747080769
300,37,2,-0.0360810805988332,0.6909525281182799
300,38,2,-0.02731990223571802,0.1662800989338405
300,39,2,-0.015185573333061878,-1.583759584119025
300,40,2,-0.01011898760366738,-1.9416897915463986
300,41,2,0.0005907566772676972,-0.02991634545408317
300,42,2,0.014069528651569355,0.3513454162840396
300,43,2,0.019480656149049043,-0.2965910209929005
300,44,2,0.01709204712783227,0.08584883441329905
300,45,2,0.011782830599661613,0.10490598895513223
300,46,2,0.004605020466318416,-0.03904872600534848
300,47,2,0.0015245890060702422,0.4543644877799896
300,48,2,0.006764057160425412,0.35548153643965985
300,1,3,-0.0015280650796388564,0.1784592708989449
300,2,3,0.002773065816132532,0.01079751134857779
300,3,3,0.007823313706789082,-0.49501650473238434
300,4,3,0.013054837701303033,-0.4950766022658219
300,5,3,0.015062754893233247,-0.0088606529428895
300,6,3,0.014705622352878815,0.5468249695455935
300,7,3,0.01343499108820322,-0.06865793104554206
300,8,3,0.008658927024489059,-0.1461214338428863
300,9,3,-0.008135482920959653,0.9927253525449834
300,10,3,-0.024750011016688653,0.6369699678680053
300,11,3,-0.02821538430310587,-0.004946704954693182
300,12,3,-0.011096094277918953,-0.5555931760974586
300,13,3,0.019250932988464038,-0.9860518821385462
300,14,3,0.02040740224561981,-0.4204028690025592
300,15,3,0.0002382598436440099,-0.5470199358916414
300,16,3,0.005897449181953221,-0.7339777022532645
300,17,3,0.021509749991365047,0.6602648418962613
300,18,3,0.015106399748285742,2.085241207179489
300,19,3,0.012681578630857891,1.439177562809231
300,20,3,0.0140577158141936,-0.11932044157105975
300,21,3,0.012965875037184459,-0.5646376008893087
300,22,3,0.014311298079102714,-1.01363868073034
300,23,3,0.009974360464155235,-1.2198202297087781
300,24,3,0.019268521425192798,-0.4393744683498192
300,25,3,0.019268521425192836,0.43937446834982274
300,26,3,0.009974360464155155,1.2198202297087737
300,27,3,0.014311298079102702,1.0136386807303435
300,28,3,0.0129658750371845,0.5646376008893065
300,29,3,0.014057715814193497,0.11932044157105931
300,30,3,0.012681578630857943,-1.4391775628092336
300,31,3,0.015106399748285728,-2.085241207179492
300,32,3,0.02150974999136506,-0.660264841896257
300,33,3,0.00589744918195321,0.7339777022532676
300,34,3,0.0002382598436440125,0.547019935891643
300,35,3,0.02040740224561973,0.42040286900255863
300,36,3,0.019250932988463986,0.9860518821385484
300,37,3,-0.011096094277919006,0.5555931760974551
300,38,3,-0.028215384303105936,0.00494670495468863
300,39,3,-0.02475001101668861,-0.6369699678680062
300,40,3,-0.00813548292095963,-0.9927253525449826
300,41,3,0.008658927024489052,0.1461214338428864
300,42,3,0.013434991088203214,0.06865793104554327
300,43,3,0.014705622352878811,-0.5468249695455921
300,44,3,0.015062754893233277,0.00886065294288789
300,45,3,0.013054837701303064,0.4950766022658217
300,46,3,0.007823313706789087,0.49501650473238434
300,47,3,0.0027730658161325495,-0.010797511348576296
300,48,3,-0.0015280650796388442,-0.17845927089894453
300,1,4,-0.008369866297946017,0.39076717996155164
300,2,4,0.006651953209383237,0.3341636783287752
300,3,4,0.012712154066685867,-0.9265384921108675
300,4,4,0.01154818927991429,-0.6263156164826755
300,5,4,0.0034169346598635947,0.35225123978324696
300,6,4,0.0013427734561744526,0.3786759118007493
300,7,4,0.0015316096895307517,0.8454030858731874
300,8,4,-0.007318308032262707,0.4257922873871772
300,9,4,-0.022911585565168615,-1.1043762381938995
300,10,4,-0.03943109027056071,-0.3194109972226403
300,11,4,-0.03259685418948908,0.025136444820978127
300,12,4,0.013311259490379361,-1.1200399224496422
300,13,4,0.0546121978645385,-1.3090930796454003
300,14,4,0.05430265823320425,-0.7045925686325087
300,15,4,0.03860113015451859,-0.7766982290088652
300,16,4,0.0441939519145257,-0.9207244588540168
300,17,4,0.060456882053740876,0.4946177432277396
300,18,4,0.05081477765478566,1.8366832524485266
300,19,4,0.029550242654032784,1.2398433749843287
300,20,4,0.013081254904304465,0.4101622207824075
300,21,4,-0.0014156153323882318,0.32676345272936275
300,22,4,-0.007600072723075897,-0.3357116607215733
300,23,4,-0.00472145286051243,-0.7810120042338516
300,24,4,0.006606949199308843,-0.2969332282090029
300,25,4,0.006606949199308836,0.2969332282090068
300,26,4,-0.004721452860512468,0.7810120042338505
300,27,4,-0.007600072723075979,0.3357116607215737
300,28,4,-0.0014156153323881433,-0.32676345272936513
300,29,4,0.013081254904304397,-0.41016222078240894
300,30,4,0.02955024265403282,-1.2398433749843298
300,31,4,0.05081477765478566,-1.8366832524485275
300,32,4,0.060456882053740904,-0.4946177432277367
300,33,4,0.04419395191452565,0.9207244588540185
300,34,4,0.038601130154518604,0.776698229008866
300,35,4,0.05430265823320424,0.7045925686325094
300,36,4,0.0546121978645384,1.3090930796454006
300,37,4,0.013311259490379302,1.1200399224496411
300,38,4,-0.0325968541894891,-0.02513644482097882
300,39,4,-0.03943109027056075,0.3194109972226401
300,40,4,-0.022911585565168566,1.1043762381938997
300,41,4,-0.007318308032262717,-0.42579228738717856
300,42,4,0.001531609689530724,-0.8454030858731881
300,43,4,0.0013427734561744804,-0.3786759118007488
300,44,4,0.0034169346598635656,-0.35225123978324624
300,45,4,0.011548189279914262,0.626315616482672
300,46,4,0.012712154066685882,0.9265384921108657
300,47,4,0.006651953209383285,-0.3341636783287731
300,48,4,-0.008369866297946062,-0.39076717996155147
300,1,5,-0.003606341430175363,-0.21199453712301272
300,2,5,0.02159164194171065,0.40488363739760386
300,3,5,0.022759624731806045,0.01756701529731658
300,4,5,0.012216854778127251,-0.12138492219118063
300,5,5,0.0072474510389417945,0.333103851393299
300,6,5,0.0008827986193515203,0.8925860217978376
300,7,5,-0.013268050777914984,1.1053741007467033
300,8,5,-0.021811489987517658,0.5968313938268814
300,9,5,-0.030030143798665525,-0.4240481514433225
300,10,5,-0.04660579635478995,-0.5000478298906986
300,11,5,-0.03858837508190498,-0.889471807034769
300,12,5,0.007122373769576764,-1.8391522030755363
300,13,5,0.041852016493041475,-1.2210517275708643
300,14,5,0.0483336312325552,0.12994905019674458
300,15,5,0.05418805669705727,-0.12141364681104384
300,16,5,0.06398488926522672,-1.1646304239747545
300,17,5,0.0686192508516142,-0.5965757042055709
300,18,5,0.04942632655314266,0.4437408439679457
300,19,5,0.013051042371361073,0.5951593437891348
300,20,5,-0.01047215348496646,1.0497101229745662
300,21,5,-0.022708829118315295,1.4974504418881125
300,22,5,-0.028322111091885125,1.1105277402807814
300,23,5,-0.023763467062891053,0.6917448951415441
300,24,5,-0.020449081736096407,0.31094075418992534
300,25,5,-0.0204490817360964,-0.31094075418992695
300,26,5,-0.023763467062891026,-0.6917448951415435
300,27,5,-0.02832211109188512,-1.110527740280782
300,28,5,-0.022708829118315232,-1.4974504418881096
300,29,5,-0.010472153484966506,-1.049710122974565
300,30,5,0.013051042371361062,-0.5951593437891344
300,31,5,0.04942632655314268,-0.44374084396794444
300,32,5,0.06861925085161423,0.5965757042055705
300,33,5,0.06398488926522672,1.1646304239747498
300,34,5,0.05418805669705728,0.1214136468110418
300,35,5,0.04833363123255519,-0.12994905019674236
300,36,5,0.041852016493041384,1.221051727570865
300,37,5,0.007122373769576668,1.8391522030755376
300,38,5,-0.03858837508190495,0.8894718070347687
300,39,5,-0.04660579635479001,0.5000478298906987
300,40,5,-0.030030143798665573,0.4240481514433261
300,41,5,-0.02181148998751765,-0.5968313938268828
300,42,5,-0.01326805077791498,-1.1053741007467062
300,43,5,0.0008827986193515255,-0.8925860217978355
300,44,5,0.007247451038941772,-0.3331038513932982
300,45,5,0.012216854778127267,0.1213849221911773
300,46,5,0.02275962473180605,-0.017567015297319633
300,47,5,0.021591641941710694,-0.4048836373975995
300,48,5,-0.003606341430175278,0.21199453712301436
300,1,6,0.006131866193905679,-0.692691485607698
300,2,6,0.022309768074379083,-0.4130399598581559
300,3,6,0.02723047393719426,0.24337443908183592
300,4,6,0.02529490073387575,0.432499085052564
300,5,6,0.026547809553623042,0.25613445003402996
300,6,6,0.0073497654691532435,0.8131983553064501
300,7,6,-0.021898148688386885,0.7300561732250824
300,8,6,-0.022849845103391272,0.8873562206447585
300,9,6,-0.021865898304629885,1.5988956544641582
300,10,6,-0.041265814056844013,-0.3608092156833797
300,11,6,-0.0422464579883344,-2.032692756194489
300,12,6,-0.014650023305773679,-1.7626671237945593
300,13,6,0.00978392123035482,-0.31582157084357665
300,14,6,0.018611495089284738,1.4579659848248103
300,15,6,0.026486828503327512,0.7744002948721483
300,16,6,0.03021762712108217,-0.889054671910168
300,17,6,0.030199109461706876,-0.5822435958750605
300,18,6,0.027061876878121012,0.3069164252348052
300,19,6,0.006214002364057082,0.8823667613359181
300,20,6,-0.013609078718125578,1.3817397735558654
300,21,6,-0.028506116046917742,1.0396025962330957
300,22,6,-0.04568154160072539,0.7002951444027452
300,23,6,-0.058458019912550216,0.83637846912057
300,24,6,-0.0741816949174435,0.4309404733398205
300,25,6,-0.07418169491744347,-0.4309404733398219
300,26,6,-0.05845801991255019,-0.8363784691205687
300,27,6,-0.04568154160072534,-0.7002951444027468
300,28,6,-0.02850611604691775,-1.0396025962330935
300,29,6,-0.013609078718125512,-1.3817397735558654
300,30,6,0.006214002364057009,-0.8823667613359178
300,31,6,0.02706187687812099,-0.3069164252348038
300,32,6,0.03019910946170689,0.5822435958750589
300,33,6,0.030217627121082072,0.8890546719101673
300,34,6,0.02648682850332752,-0.7744002948721472
300,35,6,0.01861149508928473,-1.4579659848248077
300,36,6,0.009783921230354741,0.31582157084357876
300,37,6,-0.014650023305773766,1.762667123794559
300,38,6,-0.04224645798833446,2.032692756194486
300,39,6,-0.04126581405684409,0.3608092156833781
300,40,6,-0.021865898304629903,-1.598895654464158
300,41,6,-0.022849845103391324,-0.8873562206447616
300,42,6,-0.021898148688386913,-0.7300561732250824
300,43,6,0.007349765469153174,-0.8131983553064487
300,44,6,0.02654780955362303,-0.25613445003403007
300,45,6,0.02529490073387576,-0.43249908505256457
300,46,6,0.02723047393719427,-0.24337443908183637
300,47,6,0.022309768074379094,0.41303995985815317
300,48,6,0.006131866193905706,0.6926914856077004
300,1,7,0.016969035596398035,-0.7024472701014034
300,2,7,0.004309339032222418,-1.506119405942938
300,3,7,0.024055119901921575,-0.40392802172176556
300,4,7,0.04845235192940899,0.5178307605855111
300,5,7,0.03970326692019978,0.43215736782958036
300,6,7,0.006434324379713037,-0.28528470032808423
300,7,7,-0.010163001148486454,0.42954510856279937
300,8,7,-0.007885070574683208,1.4992897969572574
300,9,7,-0.008297122945803032,1.2913278925125529
300,10,7,-0.021052857580418985,0.057821657089850154
300,11,7,-0.02261558357364198,-1.4738432159454389
300,12,7,-0.0036093419386028468,-1.4852359801025532
300,13,7,0.005010565062323453,0.20247591747266763
300,14,7,-0.009502486005979947,1.531785459900397
300,15,7,-0.02270265927235054,1.1367048961417974
300,16,7,-0.023480839576730722,0.2584530248830055
300,17,7,-0.007918924238648433,-0.0670335266967636
300,18,7,0.019752929398379394,-0.16394729821767362
300,19,7,0.018474934061840944,0.6279590055491965
300,20,7,-0.008691783359045187,1.2097115322346028
300,21,7,-0.037113661282942335,0.3149257063687993
300,22,7,-0.05992499285151935,-0.00022333873249089087
300,23,7,-0.07575999228340584,0.40676214236759045
300,24,7,-0.09345246331116097,0.22701150717219684
300,25,7,-0.09345246331116094,-0.22701150717219948
300,26,7,-0.07575999228340574,-0.40676214236758884
300,27,7,-0.059924992851519324,0.00022333873248994718
300,28,7,-0.03711366128294233,-0.31492570636879874
300,29,7,-0.008691783359045087,-1.2097115322346035
300,30,7,0.018474934061840947,-0.6279590055491941
300,31,7,0.01975292939837939,0.1639472982176743
300,32,7,-0.007918924238648463,0.06703352669675938
300,33,7,-0.023480839576730774,-0.2584530248830028
300,34,7,-0.022702659272350576,-1.1367048961417958
300,35,7,-0.00950248600597999,-1.5317854599003955
300,36,7,0.0050105650623234,-0.202475917472664
300,37,7,-0.0036093419386029526,1.4852359801025536
300,38,7,-0.02261558357364199,1.4738432159454358
300,39,7,-0.02105285758041896,-0.057821657089851874
300,40,7,-0.008297122945803054,-1.2913278925125544
300,41,7,-0.00788507057468322,-1.4992897969572556
300,42,7,-0.010163001148486455,-0.4295451085627964
300,43,7,0.0064343243797130596,0.2852847003280824
300,44,7,0.03970326692019976,-0.432157367829582
300,45,7,0.048452351929408936,-0.5178307605855088
300,46,7,0.024055119901921572,0.4039280217217671
300,47,7,0.004309339032222454,1.506119405942938
300,48,7,0.016969035596398067,0.7024472701014013
300,1,8,0.019264782330491566,-0.830282604580978
300,2,8,0.0033855595833230346,-1.6692296679230434
300,3,8,0.0226157028456642,0.08999840223274218
300,4,8,0.04327605795707064,0.8316939786481626
300,5,8,0.029319533891436718,0.4898398834079181
300,6,8,0.0004917737559794262,-0.3256959843838355
300,7,8,-0.0009567698050176078,-0.0072241914331737656
300,8,8,0.0003851281178423832,0.36146357552072733
300,9,8,-0.004451584042262916,-0.010776050387162166
300,10,8,0.0014304743849355341,0.8268657623961895
300,11,8,0.014344015267907946,0.059788057344848766
300,12,8,0.023113114213198907,-1.179926697238113
300,13,8,0.01280593777852167,-0.13693637152049912
300,14,8,-0.01720191186242521,0.4218804250911857
300,15,8,-0.04133710442059374,0.32897836348666054
300,16,8,-0.045380528252726295,0.3366361578104854
300,17,8,-0.025781349168671384,-0.6189824292886913
300,18,8,0.009881015526447937,-1.2565923409139452
300,19,8,0.018387006671992126,0.23698690431293262
300,20,8,-0.0017674804444213627,1.3174594714290926
300,21,8,-0.021711520931751684,0.6199227723306648
300,22,8,-0.028272449568407326,0.6140672633779002
300,23,8,-0.032393545392044774,0.8272729728361837
300,24,8,-0.04172534738303087,0.29613463528175743
300,25,8,-0.04172534738303086,-0.29613463528176004
300,26,8,-0.032393545392044726,-0.8272729728361838
300,27,8,-0.028272449568407212,-0.6140672633779001
300,28,8,-0.02171152093175169,-0.6199227723306636
300,29,8,-0.0017674804444212395,-1.3174594714290933
300,30,8,0.018387006671992143,-0.23698690431293035
300,31,8,0.009881015526447906,1.2565923409139492
300,32,8,-0.025781349168671412,0.6189824292886907
300,33,8,-0.04538052825272633,-0.3366361578104851
300,34,8,-0.041337104420593775,-0.328978363486661
300,35,8,-0.017201911862425277,-0.4218804250911843
300,36,8,0.012805937778521613,0.13693637152050084
300,37,8,0.02311311421319874,1.1799266972381135
300,38,8,0.014344015267907842,-0.059788057344852985
300,39,8,0.0014304743849355471,-0.8268657623961941
300,40,8,-0.004451584042262939,0.01077605038716433
300,41,8,0.0003851281178423856,-0.3614635755207244
300,42,8,-0.0009567698050176139,0.0072241914331734325
300,43,8,0.0004917737559794301,0.3256959843838345
300,44,8,0.029319533891436687,-0.48983988340791706
300,45,8,0.04327605795707065,-0.8316939786481632
300,46,8,0.022615702845664193,-0.08999840223274294
300,47,8,0.00338555958332304,1.6692296679230447
300,48,8,0.019264782330491607,0.8302826045809787
300,1,9,0.012199637236536484,-0.717368470616375
300,2,9,0.015383993296887565,-0.8426388708064997
300,3,9,0.018294847398454845,0.6048401820460707
300,4,9,0.010057774989964977,1.0958898019861818
300,5,9,0.0025343507509778523,0.552956703490132
300,6,9,-0.008750645569178348,0.5451111437177367
300,7,9,-0.0152018509110231,-0.49995110533773107
300,8,9,-0.01454228599961884,-1.6618943073255272
300,9,9,-0.018133589285767526,-0.15612759293301437
300,10,9,-0.007850706999044752,1.05171442261019
300,11,9,0.01888111291022032,0.6072364482545654
300,12,9,0.023239205558132678,0.004603757650847973
300,13,9,0.007831398770992301,0.2830374187983264
300,14,9,-0.009764073565381858,0.17749279536880574
300,15,9,-0.02873300610146265,-0.3491487282212742
300,16,9,-0.034731453159182094,-0.45215243189372945
300,17,9,-0.01912384873400515,-1.1837470029090642
300,18,9,0.00822684901828489,-1.521396997833006
300,19,9,0.021127589689394953,0.03437568371738664
300,20,9,0.019095753085032252,0.7429599417169713
300,21,9,0.015453078512312077,0.03717947199133549
300,22,9,0.02103701219993756,0.37869234598859924
300,23,9,0.02307077271273511,0.579086727082885
300,24,9,0.018258952488733077,0.11401570835929686
300,25,9,0.01825895248873307,-0.11401570835930161
300,26,9,0.02307077271273517,-0.5790867270828863
300,27,9,0.021037012199937765,-0.37869234598859897
300,28,9,0.015453078512312013,-0.03717947199133498
300,29,9,0.019095753085032453,-0.7429599417169699
300,30,9,0.021127589689395022,-0.03437568371738475
300,31,9,0.008226849018284904,1.52139699783301
300,32,9,-0.01912384873400517,1.1837470029090633
300,33,9,-0.03473145315918214,0.452152431893729
300,34,9,-0.02873300610146271,0.34914872822127563
300,35,9,-0.00976407356538192,-0.17749279536880255
300,36,9,0.007831398770992204,-0.2830374187983256
300,37,9,0.023239205558132543,-0.004603757650850082
300,38,9,0.018881112910220245,-0.6072364482545691
300,39,9,-0.007850706999044731,-1.0517144226101904
300,40,9,-0.018133589285767564,0.15612759293301653
300,41,9,-0.014542285999618836,1.6618943073255306
300,42,9,-0.01520185091102309,0.4999511053377285
300,43,9,-0.008750645569178355,-0.5451111437177396
300,44,9,0.0025343507509778315,-0.5529567034901306
300,45,9,0.010057774989964961,-1.0958898019861796
300,46,9,0.018294847398454838,-0.6048401820460719
300,47,9,0.015383993296887503,0.8426388708064962
300,48,9,0.012199637236536453,0.7173684706163743
300,1,10,0.006802263491003642,-0.20150453673246932
300,2,10,0.01914253991218648,0.1431656082413552
300,3,10,0.01450754724366875,0.005525573945183049
300,4,10,-0.002173440496842975,0.4334028974280039
300,5,10,-0.010581013158706739,1.2560486600702505
300,6,10,-0.012085269448383371,0.9317398318361922
300,7,10,-0.016354655275509382,-0.7221019021276425
300,8,10,-0.019957178915966697,-1.5389941198078034
300,9,10,-0.027394619531891484,-0.13556758709272515
300,10,10,-0.028978122084176546,0.3533987088694511
300,11,10,-0.009164444478838428,0.16857963065239395
300,12,10,0.004749045465472232,0.8079107487966875
300,13,10,0.004428221607845199,1.104209925880997
300,14,10,0.0013679836371583958,0.7052303272348538
300,15,10,-0.013410937426172803,-0.16684109632633023
300,16,10,-0.02197943071950624,-0.6900131269947534
300,17,10,-0.007607019466801627,-1.0989313960177847
300,18,10,0.014285564496329744,-1.2783596608132954
300,19,10,0.027459462166355003,-0.33693558561738995
300,20,10,0.032965610656668046,-0.1225812032537156
300,21,10,0.031022482823289992,-0.8911953204031192
300,22,10,0.036978712371732766,-0.7905360127020706
300,23,10,0.05001292832105196,-0.8153301543153068
300,24,10,0.057221416978355755,-0.5777540415125938
300,25,10,0.05722141697835581,0.5777540415125911
300,26,10,0.050012928321052016,0.8153301543153054
300,27,10,0.03697871237173296,0.7905360127020695
300,28,10,0.03102248282328997,0.8911953204031201
300,29,10,0.032965610656668226,0.12258120325371724
300,30,10,0.027459462166355038,0.33693558561739223
300,31,10,0.014285564496329768,1.278359660813299
300,32,10,-0.007607019466801666,1.0989313960177884
300,33,10,-0.021979430719506258,0.6900131269947566
300,34,10,-0.013410937426172907,0.1668410963263295
300,35,10,0.0013679836371583588,-0.7052303272348545
300,36,10,0.004428221607845161,-1.1042099258809972
300,37,10,0.004749045465472109,-0.8079107487966879
300,38,10,-0.00916444447883846,-0.16857963065239556
300,39,10,-0.02897812208417657,-0.35339870886945235
300,40,10,-0.027394619531891498,0.13556758709272881
300,41,10,-0.01995717891596675,1.5389941198078017
300,42,10,-0.0163546552755094,0.7221019021276396
300,43,10,-0.01208526944838342,-0.9317398318361942
300,44,10,-0.010581013158706727,-1.2560486600702465
300,45,10,-0.0021734404968430307,-0.4334028974280018
300,46,10,0.014507547243668695,-0.005525573945183049
300,47,10,0.0191425399121865,-0.14316560824135866
300,48,10,0.006802263491003654,0.20150453673246765
300,1,11,0.0005455829472050949,-0.06363115627179927
300,2,11,0.0167591935060682,0.04675068455360387
300,3,11,0.020088578077196585,-0.58435646427508
300,4,11,0.010528704716433792,-0.23005848819164332
300,5,11,-0.007906929210297927,1.547045888479894
300,6,11,-0.007125332993010417,1.3683466546075387
300,7,11,0.0048627908871380875,-0.3076580306541007
300,8,11,-0.003423728909296488,-0.6035133695431805
300,9,11,-0.022655055711162008,-0.7333684560111698
300,10,11,-0.034507635005608,-0.4799402540113641
300,11,11,-0.033814236231734435,-0.5205181637970842
300,12,11,-0.016808459033297495,0.048108793262350305
300,13,11,-0.0035067044402173385,0.9762850944485069
300,14,11,-0.003318662375669557,0.6860502544215326
300,15,11,-0.007886209309411248,0.11572914990013336
300,16,11,-0.007402760599350058,-0.25194403685749533
300,17,11,0.004567284098416371,-0.7017603682925329
300,18,11,0.020427757211499465,-0.8815782347978535
300,19,11,0.02969692355737705,-0.3594858430767333
300,20,11,0.035808266933952566,-0.047329677298206654
300,21,11,0.03424911513294446,-0.47479460892987213
300,22,11,0.04153595425312313,-0.9111518107414855
300,23,11,0.07146513271058094,-1.5290074297984277
300,24,11,0.09475609515781903,-0.9899480264499085
300,25,11,0.09475609515781899,0.9899480264499078
300,26,11,0.071465132710581,1.5290074297984264
300,27,11,0.04153595425312321,0.9111518107414842
300,28,11,0.03424911513294454,0.47479460892987374
300,29,11,0.0358082669339527,0.04732967729820679
300,30,11,0.029696923557377096,0.3594858430767336
300,31,11,0.020427757211499482,0.8815782347978542
300,32,11,0.00456728409841638,0.7017603682925344
300,33,11,-0.007402760599350134,0.25194403685749656
300,34,11,-0.007886209309411269,-0.11572914990013358
300,35,11,-0.0033186623756696274,-0.686050254421532
300,36,11,-0.003506704440217343,-0.976285094448507
300,37,11,-0.01680845903329755,-0.04810879326234982
300,38,11,-0.03381423623173448,0.5205181637970844
300,39,11,-0.03450763500560801,0.47994025401136586
300,40,11,-0.022655055711161987,0.7333684560111684
300,41,11,-0.003423728909296521,0.6035133695431806
300,42,11,0.004862790887138058,0.30765803065410235
300,43,11,-0.007125332993010406,-1.3683466546075378
300,44,11,-0.007906929210297951,-1.5470458884798952
300,45,11,0.010528704716433749,0.23005848819164254
300,46,11,0.020088578077196575,0.5843564642750817
300,47,11,0.016759193506068193,-0.04675068455360354
300,48,11,0.0005455829472050637,0.06363115627179922
300,1,12,-0.01354995881021135,0.28312193320791185
300,2,12,0.0077305348129835935,-0.003820200467105739
300,3,12,0.015024713946110187,-1.0526872945606065
300,4,12,0.007226128601347055,-0.5718624799509576
300,5,12,-0.007122295888226264,0.5034794527367104
300,6,12,0.0037781337947090854,1.5364013382339607
300,7,12,0.021765357224222005,0.8776653474060582
300,8,12,0.01915571462624554,-0.18771703160069775
300,9,12,-0.001545296715584751,-0.22358908943298028
300,10,12,-0.021219915459178736,-0.5353191749427376
300,11,12,-0.03012208675724054,-1.397221529070479
300,12,12,-0.02182128605868617,-0.7820953592808582
300,13,12,-0.010182871995092085,0.4227194870294188
300,14,12,-0.007998975958758139,-0.1295453076304029
300,15,12,-0.002358960568917317,-0.2641960983428615
300,16,12,0.009072418608770817,0.08203122910879564
300,17,12,0.014861874568234436,-0.31818218481300165
300,18,12,0.025596694092840176,-0.46525885821864477
300,19,12,0.039826911169807855,-0.3539254327258156
300,20,12,0.05062258006732044,-0.014121564035645984
300,21,12,0.05165919873434696,0.15338776361534223
300,22,12,0.052911166699249605,-0.4470038672543521
300,23,12,0.08140064384891509,-1.37572359872322
300,24,12,0.10595700465480062,-0.9175224018679704
300,25,12,0.1059570046548006,0.9175224018679695
300,26,12,0.08140064384891514,1.375723598723219
300,27,12,0.05291116669924965,0.447003867254349
300,28,12,0.051659198734347,-0.15338776361533976
300,29,12,0.050622580067320504,0.014121564035646104
300,30,12,0.0398269111698078,0.3539254327258168
300,31,12,0.025596694092840197,0.4652588582186472
300,32,12,0.014861874568234313,0.31818218481300137
300,33,12,0.00907241860877082,-0.08203122910879644
300,34,12,-0.0023589605689173735,0.2641960983428626
300,35,12,-0.00799897595875824,0.12954530763040606
300,36,12,-0.010182871995092059,-0.4227194870294196
300,37,12,-0.021821286058686214,0.7820953592808607
300,38,12,-0.030122086757240627,1.3972215290704781
300,39,12,-0.02121991545917875,0.535319174942738
300,40,12,-0.0015452967155847736,0.22358908943298184
300,41,12,0.01915571462624547,0.18771703160069797
300,42,12,0.021765357224222036,-0.8776653474060566
300,43,12,0.0037781337947091114,-1.5364013382339596
300,44,12,-0.007122295888226304,-0.5034794527367097
300,45,12,0.007226128601347051,0.5718624799509581
300,46,12,0.015024713946110147,1.0526872945606085
300,47,12,0.007730534812983572,0.00382020046710424
300,48,12,-0.013549958810211378,-0.2831219332079137
300,1,13,-0.023897852084684146,1.060210465023058
300,2,13,-0.008567522880862828,1.3498134991693003
300,3,13,-0.01337109134558186,-1.0989079582923158
300,4,13,-0.01809969377087677,-1.699377556785091
300,5,13,-0.015775291856226125,-0.8430336723670565
300,6,13,0.006027762672072618,0.5637724664216478
300,7,13,0.023980064753463273,1.1722108730003615
300,8,13,0.02826375157648759,1.1217947811465283
300,9,13,0.012623971427345716,1.6004059885577808
300,10,13,-0.006597338928875271,-0.022848105648780703
300,11,13,-0.00940099976064787,-1.7381222112207697
300,12,13,-0.006503771477941468,-0.6672719741054677
300,13,13,-0.004693939030215406,0.0672538356353696
300,14,13,0.0005078570914665349,-0.7715688746996534
300,15,13,0.006775750201030179,-0.40064492457607437
300,16,13,0.013978842109777085,0.34723248964338393
300,17,13,0.012205507321606196,-0.3468565169265112
300,18,13,0.019754778603881046,-0.840035527324047
300,19,13,0.045306983985082254,-1.1160865667629905
300,20,13,0.06366207648251969,-0.7258950587556648
300,21,13,0.065154786822213,0.24074305465929324
300,22,13,0.05631474407306618,0.005949647638069176
300,23,13,0.06664668414226738,-0.7752880619901765
300,24,13,0.07953187858023976,-0.5222645020905283
300,25,13,0.0795318785802398,0.5222645020905287
300,26,13,0.06664668414226738,0.7752880619901751
300,27,13,0.056314744073066185,-0.005949647638071903
300,28,13,0.06515478682221305,-0.24074305465929086
300,29,13,0.06366207648251972,0.7258950587556673
300,30,13,0.04530698398508223,1.1160865667629916
300,31,13,0.019754778603881064,0.8400355273240475
300,32,13,0.012205507321606043,0.3468565169265108
300,33,13,0.013978842109777134,-0.34723248964338377
300,34,13,0.006775750201030148,0.40064492457607204
300,35,13,0.0005078570914664794,0.7715688746996537
300,36,13,-0.004693939030215414,-0.06725383563536994
300,37,13,-0.0065037714779415425,0.6672719741054678
300,38,13,-0.009400999760647908,1.7381222112207706
300,39,13,-0.006597338928875294,0.02284810564877887
300,40,13,0.012623971427345736,-1.6004059885577813
300,41,13,0.02826375157648758,-1.1217947811465292
300,42,13,0.02398006475346323,-1.172210873000362
300,43,13,0.006027762672072627,-0.5637724664216479
300,44,13,-0.015775291856226087,0.8430336723670575
300,45,13,-0.018099693770876817,1.6993775567850942
300,46,13,-0.013371091345581928,1.098907958292314
300,47,13,-0.00856752288086287,-1.3498134991693023
300,48,13,-0.023897852084684167,-1.0602104650230566
300,1,14,-0.022865896409046488,1.4397383897660287
300,2,14,-0.018913207101964622,2.1226926775549133
300,3,14,-0.03412386666775683,-0.5765377226267008
300,4,14,-0.0346817204066765,-2.3946440081031506
300,5,14,-0.025193556986149307,-1.76794411478918
300,6,14,-0.0063834097748951425,-0.7012150396890148
300,7,14,0.008299898862390144,0.20851593120833656
300,8,14,0.009383762005719032,2.601938183738621
300,9,14,-0.0041813008697474344,2.4261499430963287
300,10,14,-0.010467894424943596,-0.23881411870646613
300,11,14,-0.001191721530407936,-1.4817554691279642
300,12,14,0.0077404211738329445,-0.4472875810653057
300,13,14,0.00573377888488485,-0.009415314072751022
300,14,14,0.002990772262296622,-0.4148821142483959
300,15,14,-0.0021649246752088757,0.24713777217736754
300,16,14,-0.006479926583418068,0.6359142581358139
300,17,14,-0.007427896600802993,-0.5003229072226738
300,18,14,0.005301776258548053,-1.146910111718662
300,19,14,0.03703406810142199,-1.4080148530824268
300,20,14,0.05887069670952326,-1.0196930617985944
300,21,14,0.05969099245210014,0.33537523882990017
300,22,14,0.0488074255458045,0.5504966604431526
300,23,14,0.043689339841219026,0.14572315363134392
300,24,14,0.04444255934225033,0.06974475166524978
300,25,14,0.04444255934225034,-0.06974475166525068
300,26,14,0.04368933984121905,-0.14572315363134608
300,27,14,0.048807425545804556,-0.5504966604431553
300,28,14,0.05969099245210022,-0.3353752388298963
300,29,14,0.0588706967095232,1.0196930617985958
300,30,14,0.037034068101421944,1.408014853082428
300,31,14,0.0053017762585480036,1.1469101117186637
300,32,14,-0.007427896600803119,0.5003229072226744
300,33,14,-0.006479926583418036,-0.635914258135816
300,34,14,-0.002164924675208918,-0.2471377721773687
300,35,14,0.0029907722622965647,0.4148821142483953
300,36,14,0.005733778884884813,0.009415314072749911
300,37,14,0.007740421173832886,0.4472875810653074
300,38,14,-0.0011917215304079872,1.4817554691279633
300,39,14,-0.010467894424943603,0.2388141187064653
300,40,14,-0.004181300869747473,-2.426149943096329
300,41,14,0.00938376200571896,-2.6019381837386195
300,42,14,0.0082998988623901,-0.20851593120833678
300,43,14,-0.006383409774895149,0.7012150396890181
300,44,14,-0.025193556986149293,1.7679441147891817
300,45,14,-0.034681720406676504,2.3946440081031493
300,46,14,-0.03412386666775688,0.5765377226266994
300,47,14,-0.01891320710196464,-2.122692677554913
300,48,14,-0.022865896409046464,-1.439738389766027
300,1,15,-0.015153466627368335,1.2668750732679206
300,2,15,-0.013079699003891884,1.6223439573510343
300,3,15,-0.023099055956194114,-0.20501346348983673
300,4,15,-0.023526537623235096,-1.4203768255671119
300,5,15,-0.019927388783874657,-2.168493318310675
300,6,15,-0.008893628065453105,-1.9394818526760802
300,7,15,-0.006422557525491009,-0.3209949888343204
300,8,15,-0.016401702072801536,2.35317968662823
300,9,15,-0.025578461898008158,1.9659550366985368
300,10,15,-0.018941411639056716,-0.5015016439676607
300,11,15,-0.0024972729410841256,-1.234157235738115
300,12,15,0.015066927416883109,-0.5193641468719249
300,13,15,0.017974536252925555,0.1556993330436727
300,14,15,0.00625337401272159,0.41256881705278226
300,15,15,-0.007870770686338737,0.9684102612907544
300,16,15,-0.017199270320490245,0.6154345086533887
300,17,15,-0.015578994306166815,-0.7978895171025602
300,18,15,0.0028110353336115073,-1.074225626316259
300,19,15,0.029980715791706886,-0.872189951589349
300,20,15,0.04645966730178832,-0.5017814746698571
300,21,15,0.04680069615647827,0.5387046423088172
300,22,15,0.040373142278154764,0.6169413871728321
300,23,15,0.03129477043408946,0.41579596386899886
300,24,15,0.026290140016641997,0.31726464708129504
300,25,15,0.02629014001664203,-0.3172646470812983
300,26,15,0.0312947704340895,-0.4157959638689981
300,27,15,0.040373142278154764,-0.6169413871728315
300,28,15,0.046800696156478326,-0.5387046423088138
300,29,15,0.046459667301788216,0.5017814746698555
300,30,15,0.029980715791706834,0.8721899515893481
300,31,15,0.0028110353336115073,1.0742256263162608
300,32,15,-0.015578994306166933,0.7978895171025592
300,33,15,-0.017199270320490245,-0.615434508653391
300,34,15,-0.007870770686338768,-0.9684102612907539
300,35,15,0.006253374012721533,-0.4125688170527793
300,36,15,0.017974536252925503,-0.15569933304367076
300,37,15,0.015066927416883046,0.5193641468719254
300,38,15,-0.0024972729410841763,1.2341572357381154
300,39,15,-0.01894141163905684,0.5015016439676608
300,40,15,-0.02557846189800817,-1.9659550366985372
300,41,15,-0.016401702072801564,-2.35317968662823
300,42,15,-0.00642255752549105,0.32099498883431543
300,43,15,-0.00889362806545306,1.9394818526760835
300,44,15,-0.01992738878387467,2.1684933183106745
300,45,15,-0.023526537623235165,1.4203768255671103
300,46,15,-0.023099055956194207,0.20501346348983607
300,47,15,-0.013079699003891913,-1.6223439573510325
300,48,15,-0.015153466627368297,-1.2668750732679197
300,1,16,-0.008324924091489005,0.7735934827200324
300,2,16,-0.0005429351111173267,0.8174715605852054
300,3,16,-0.000789264117117008,0.6984173094675177
300,4,16,0.0018623278091721776,-0.14155128751680546
300,5,16,0.005136199135115149,-1.6959550878241263
300,6,16,0.009303677496029592,-2.5983988524170294
300,7,16,-0.00021477616707935758,-0.7207658757944715
300,8,16,-0.011320475652258567,0.8175014115248936
300,9,16,-0.014104173707945636,1.4004389892682134
300,10,16,-0.01240097874316659,0.15026815683873873
300,11,16,-0.0016560739755755239,-0.685435887020448
300,12,16,0.01535741207275788,-0.3192405486655882
300,13,16,0.020593493491057425,-0.07447291574528772
300,14,16,0.009961181442999716,0.1624364191206711
300,15,16,-0.002420798101239151,0.7804582805076385
300,16,16,-0.007146642022930876,0.30201486321669935
300,17,16,-0.004702406533711532,-0.8955816145818445
300,18,16,0.010165190323951655,-0.6575939329783511
300,19,16,0.02515560441872322,-0.33145673055278396
300,20,16,0.030377726677946894,-0.348588809044887
300,21,16,0.03373234839425284,0.13388171389072723
300,22,16,0.03353395740592364,0.05938135503442346
300,23,16,0.025825873350141512,0.19755278139005522
300,24,16,0.017889931673347913,0.3240434396005112
300,25,16,0.017889931673347983,-0.3240434396005103
300,26,16,0.025825873350141488,-0.19755278139005694
300,27,16,0.0335339574059237,-0.05938135503442432
300,28,16,0.03373234839425283,-0.13388171389072598
300,29,16,0.030377726677946863,0.34858880904488887
300,30,16,0.02515560441872309,0.3314567305527854
300,31,16,0.0101651903239516,0.6575939329783491
300,32,16,-0.004702406533711629,0.8955816145818419
300,33,16,-0.007146642022930859,-0.3020148632166969
300,34,16,-0.0024207981012391373,-0.7804582805076377
300,35,16,0.009961181442999683,-0.16243641912067142
300,36,16,0.020593493491057366,0.0744729157452888
300,37,16,0.015357412072757834,0.31924054866558693
300,38,16,-0.0016560739755756108,0.6854358870204469
300,39,16,-0.01240097874316665,-0.15026815683874062
300,40,16,-0.014104173707945668,-1.4004389892682148
300,41,16,-0.011320475652258594,-0.8175014115248924
300,42,16,-0.00021477616707936843,0.7207658757944705
300,43,16,0.009303677496029592,2.59839885241703
300,44,16,0.0051361991351151215,1.6959550878241272
300,45,16,0.0018623278091721672,0.14155128751680368
300,46,16,-0.000789264117117009,-0.6984173094675233
300,47,16,-0.0005429351111173467,-0.8174715605852079
300,48,16,-0.008324924091488994,-0.7735934827200284
300,1,17,-0.012818025263265255,0.5696616031233808
300,2,17,-0.009880951408992669,0.5314236243496073
300,3,17,-0.007597798761478192,1.3504078758412783
300,4,17,0.0038899886043521487,0.6615902049695908
300,5,17,0.014238898027296802,-0.8496051792196241
300,6,17,0.012013214569511092,-2.1123575658859464
300,7,17,0.0023898442600293395,-1.9639141283389538
300,8,17,0.0037619962020794292,-0.28923232910575
300,9,17,0.0019949739189578292,1.2594624715050131
300,10,17,-0.007519626752000401,0.7140993251748736
300,11,17,-0.006494534246143622,0.038523584147081846
300,12,17,0.0019003936084371286,0.32121537326586674
300,13,17,0.0029990622444562524,-0.25252789964522415
300,14,17,-0.00045694344336853375,-0.4754546492934212
300,15,17,-0.002989224026539171,0.06930833295202937
300,16,17,0.0007114668375887276,-0.14175692156206463
300,17,17,0.0022517999011456556,-0.5443821855173148
300,18,17,0.0044408611576961,0.22841289307684454
300,19,17,0.007242403573641246,0.13973486574346217
300,20,17,0.0075753094898237715,-0.6282477218584306
300,21,17,0.020431119226666336,-0.4508903257632034
300,22,17,0.027138343504049523,-0.20572190288372716
300,23,17,0.017272755217704983,0.420304195792441
300,24,17,0.004386352365180705,0.5146650349741203
300,25,17,0.004386352365180684,-0.5146650349741212
300,26,17,0.017272755217705014,-0.42030419579244027
300,27,17,0.027138343504049457,0.20572190288372683
300,28,17,0.020431119226666322,0.45089032576320287
300,29,17,0.00757530948982367,0.6282477218584287
300,30,17,0.007242403573641124,-0.13973486574346045
300,31,17,0.004440861157696107,-0.2284128930768471
300,32,17,0.002251799901145536,0.5443821855173123
300,33,17,0.0007114668375887228,0.1417569215620663
300,34,17,-0.002989224026539137,-0.06930833295203065
300,35,17,-0.00045694344336856107,0.47545464929342185
300,36,17,0.002999062244456223,0.2525278996452234
300,37,17,0.0019003936084370943,-0.32121537326586586
300,38,17,-0.006494534246143698,-0.03852358414708201
300,39,17,-0.007519626752000498,-0.7140993251748781
300,40,17,0.0019949739189577837,-1.2594624715050111
300,41,17,0.0037619962020794184,0.2892323291057484
300,42,17,0.002389844260029368,1.9639141283389514
300,43,17,0.012013214569511127,2.112357565885945
300,44,17,0.014238898027296828,0.8496051792196226
300,45,17,0.0038899886043521647,-0.6615902049695879
300,46,17,-0.007597798761478159,-1.3504078758412774
300,47,17,-0.009880951408992693,-0.5314236243496036
300,48,17,-0.012818025263265254,-0.5696616031233797
300,1,18,-0.01452676990126882,-0.2673836958078384
300,2,18,-0.025020051974710522,1.5357741700186285
300,3,18,-0.02865185293620219,1.2269210167466449
300,4,18,-0.009358677317816089,2.1567943284041107
300,5,18,-0.0030035303305612476,0.5927517834540433
300,6,18,-0.005917929722192345,-1.6328736691751473
300,7,18,-0.0018836268622070846,-2.901652937250879
300,8,18,0.010855724492354954,-0.3421129063256677
300,9,18,0.006805515700926122,0.9895318658761042
300,10,18,-0.003959035267270546,0.4532294197410289
300,11,18,-0.004764341340585897,0.4380578029189218
300,12,18,-0.002367442863705564,0.9017762780879094
300,13,18,-0.008880190934565399,-0.013394236013087674
300,14,18,-0.012192380248750655,-0.48052213542024375
300,15,18,-0.007471211600180673,-0.18848156141831562
300,16,18,0.0036847819068100305,-0.2690384225843665
300,17,18,0.0064416481017915105,-0.0771638599102425
300,18,18,0.00031329224317542235,0.8061377598713237
300,19,18,-0.0020389711263782933,0.2608431578640671
300,20,18,3.0037797945887436e-5,-0.813516730989474
300,21,18,0.01831666660305021,-0.4878000490615759
300,22,18,0.026226457949621307,0.09179031370348376
300,23,18,0.009730379281375608,0.8673879803026183
300,24,18,-0.007780275595841724,0.7310538705713402
300,25,18,-0.007780275595841709,-0.7310538705713386
300,26,18,0.009730379281375594,-0.8673879803026159
300,27,18,0.02622645794962122,-0.0917903137034844
300,28,18,0.018316666603050216,0.48780004906157876
300,29,18,3.00377979457608e-5,0.8135167309894722
300,30,18,-0.002038971126378327,-0.26084315786406564
300,31,18,0.000313292243175391,-0.8061377598713247
300,32,18,0.0064416481017914055,0.07716385991024066
300,33,18,0.003684781906810021,0.2690384225843655
300,34,18,-0.007471211600180689,0.18848156141831307
300,35,18,-0.012192380248750637,0.4805221354202454
300,36,18,-0.008880190934565445,0.013394236013087452
300,37,18,-0.0023674428637056005,-0.9017762780879093
300,38,18,-0.004764341340585977,-0.43805780291892205
300,39,18,-0.003959035267270616,-0.4532294197410326
300,40,18,0.00680551570092606,-0.9895318658761014
300,41,18,0.010855724492354885,0.34211290632566727
300,42,18,-0.0018836268622071093,2.9016529372508755
300,43,18,-0.005917929722192379,1.6328736691751464
300,44,18,-0.00300353033056117,-0.5927517834540407
300,45,18,-0.009358677317816064,-2.1567943284041142
300,46,18,-0.02865185293620222,-1.2269210167466464
300,47,18,-0.025020051974710567,-1.5357741700186285
300,48,18,-0.014526769901268808,0.2673836958078395
300,1,19,-0.006536958783208728,-2.28625661584848
300,2,19,-0.012273883874544733,1.5662257614356245
300,3,19,-0.02411518245396573,1.9612318434466767
300,4,19,-0.015843318829975396,4.434640141876367
300,5,19,-0.020656174234734904,2.220866326969885
300,6,19,-0.018182485799479,-1.1933720430904873
300,7,19,-0.005713218730550659,-2.3544783306504247
300,8,19,0.008187534071589111,-0.20277753023142997
300,9,19,0.007547927499751021,0.1912990064155029
300,10,19,0.004159047208711398,-0.1707029788934447
300,11,19,0.006797968041416814,0.25437885545660976
300,12,19,0.008898725849426432,0.9700329603621808
300,13,19,-0.0029863571249805813,0.3813626717358999
300,14,19,-0.012592593589862939,-0.10130590527645236
300,15,19,-0.008820707691274453,-0.2151898695396157
300,16,19,0.0028436693316330856,-0.558733797046758
300,17,19,0.0054543568300272375,-0.2771112584830951
300,18,19,0.00016265954555870336,0.5224199769736485
300,19,19,0.0014201180519874453,-0.08356687460078888
300,20,19,0.008041769914734292,-0.901770667217491
300,21,19,0.024957982803140353,-0.26648672033643733
300,22,19,0.02775054035445277,0.4195657544838835
300,23,19,0.004361785332835406,1.0851022077435148
300,24,19,-0.015194787862076554,0.7985711071412277
300,25,19,-0.015194787862076523,-0.7985711071412283
300,26,19,0.004361785332835409,-1.0851022077435142
300,27,19,0.02775054035445266,-0.41956575448387995
300,28,19,0.0249579828031403,0.2664867203364371
300,29,19,0.008041769914734178,0.9017706672174901
300,30,19,0.0014201180519874132,0.08356687460078975
300,31,19,0.0001626595455586524,-0.5224199769736494
300,32,19,0.005454356830027136,0.2771112584830938
300,33,19,0.0028436693316330783,0.5587337970467546
300,34,19,-0.008820707691274443,0.21518986953961075
300,35,19,-0.012592593589862918,0.1013059052764562
300,36,19,-0.002986357124980637,-0.38136267173589944
300,37,19,0.008898725849426399,-0.9700329603621789
300,38,19,0.006797968041416762,-0.2543788554566108
300,39,19,0.004159047208711281,0.17070297889344166
300,40,19,0.007547927499751002,-0.19129900641550046
300,41,19,0.008187534071589102,0.2027775302314294
300,42,19,-0.0057132187305507015,2.3544783306504233
300,43,19,-0.018182485799479044,1.1933720430904835
300,44,19,-0.020656174234734842,-2.220866326969889
300,45,19,-0.015843318829975403,-4.434640141876365
300,46,19,-0.024115182453965753,-1.9612318434466793
300,47,19,-0.012273883874544755,-1.566225761435622
300,48,19,-0.006536958783208688,2.2862566158484827
300,1,20,0.0023933957979672266,-3.290003344349392
300,2,20,0.00919174056178661,0.3767897917470939
300,3,20,-0.004414244925816977,3.3328911414220204
300,4,20,-0.013296203259152324,5.8943735099518975
300,5,20,-0.01924887598386993,2.5690914456704195
300,6,20,-0.011978551359951637,-0.4327993688495694
300,7,20,-0.004846525437933436,-1.396607091844345
300,8,20,0.005660792897110084,-0.44668237557786317
300,9,20,0.007153366898112839,-0.2780600480380565
300,10,20,0.004569576022507857,-0.5628204636096458
300,11,20,0.009751613819923658,-0.29849270837346287
300,12,20,0.014061427074737617,0.5230232450952254
300,13,20,-4.334479887806598e-5,0.24077674968760826
300,14,20,-0.013106843633347711,-0.13315127781704636
300,15,20,-0.012564541818581035,-0.16188160691582587
300,16,20,-0.005872711663955538,-0.5732676795436622
300,17,20,-0.006397865893972288,-0.5802889373238285
300,18,20,-0.006829941106330281,-0.18686887852673412
300,19,20,0.003316145499207561,-0.7529838598831148
300,20,20,0.014122518448547684,-1.0049686677775438
300,21,20,0.026480922905306396,0.015542946811326189
300,22,20,0.022290692160345918,0.5878562241236166
300,23,20,-0.0034798671167747585,0.9662512496859934
300,24,20,-0.020721373236062865,0.6797133339549044
300,25,20,-0.020721373236062816,-0.6797133339549009
300,26,20,-0.0034798671167747884,-0.966251249685994
300,27,20,0.02229069216034583,-0.5878562241236132
300,28,20,0.026480922905306396,-0.01554294681132503
300,29,20,0.014122518448547587,1.0049686677775438
300,30,20,0.0033161454992074748,0.7529838598831169
300,31,20,-0.0068299411063303065,0.18686887852673556
300,32,20,-0.00639786589397236,0.5802889373238271
300,33,20,-0.005872711663955588,0.5732676795436633
300,34,20,-0.01256454181858099,0.16188160691582426
300,35,20,-0.013106843633347728,0.1331512778170486
300,36,20,-4.3344798878137535e-5,-0.2407767496876081
300,37,20,0.014061427074737612,-0.5230232450952224
300,38,20,0.009751613819923536,0.2984927083734661
300,39,20,0.004569576022507741,0.5628204636096411
300,40,20,0.007153366898112773,0.2780600480380572
300,41,20,0.005660792897110054,0.4466823755778644
300,42,20,-0.004846525437933466,1.3966070918443463
300,43,20,-0.011978551359951652,0.4327993688495657
300,44,20,-0.019248875983869887,-2.5690914456704173
300,45,20,-0.013296203259152359,-5.8943735099519
300,46,20,-0.004414244925816953,-3.3328911414220213
300,47,20,0.009191740561786597,-0.37678979174709437
300,48,20,0.002393395797967197,3.2900033443493872
300,1,21,0.0016032596490374793,-2.5102135006328896
300,2,21,0.002023938008531059,-0.0711035750815665
300,3,21,-0.0072609952805557584,3.252795363341498
300,4,21,-0.009401075949719763,5.239735037487991
300,5,21,-0.004754935060974159,2.4229107679255186
300,6,21,-0.00015151671166999158,0.09567038821478296
300,7,21,-0.0005463645189640164,-1.2322276800862664
300,8,21,0.006607014220616166,-0.5672042041315382
300,9,21,0.005200088033277066,-0.33576938501654696
300,10,21,0.001321497609352627,-0.8929958522316104
300,11,21,0.007179452562007413,-0.6229248951407361
300,12,21,0.010198989597312372,0.11161015834687432
300,13,21,-0.0022802065264982893,-0.4916091717185308
300,14,21,-0.009511437352020603,-0.7845645615549685
300,15,21,-0.008474717430761596,-0.21655128683414643
300,16,21,-0.00942409346169702,-0.29363172957539213
300,17,21,-0.016655554256543373,-0.5105175620407673
300,18,21,-0.015153999473629795,-0.5538316705253056
300,19,21,0.0023956906270860387,-1.1982927341342695
300,20,21,0.016075254238331706,-1.107054901260752
300,21,21,0.025223358338474496,0.1532898848921259
300,22,21,0.016972040110987706,0.6238735727208922
300,23,21,-0.007590773089566889,0.8216114987155176
300,24,21,-0.020893310182429837,0.5701611277745929
300,25,21,-0.020893310182429792,-0.5701611277745932
300,26,21,-0.007590773089566851,-0.8216114987155172
300,27,21,0.01697204011098767,-0.6238735727208904
300,28,21,0.025223358338474507,-0.153289884892125
300,29,21,0.016075254238331626,1.107054901260754
300,30,21,0.0023956906270859646,1.1982927341342722
300,31,21,-0.01515399947362984,0.5538316705253041
300,32,21,-0.016655554256543414,0.5105175620407683
300,33,21,-0.009424093461697007,0.2936317295753926
300,34,21,-0.008474717430761627,0.21655128683414812
300,35,21,-0.009511437352020594,0.7845645615549697
300,36,21,-0.002280206526498351,0.4916091717185368
300,37,21,0.010198989597312282,-0.11161015834687307
300,38,21,0.007179452562007349,0.6229248951407405
300,39,21,0.0013214976093525177,0.8929958522316056
300,40,21,0.005200088033276994,0.33576938501654696
300,41,21,0.00660701422061616,0.5672042041315382
300,42,21,-0.0005463645189640026,1.2322276800862682
300,43,21,-0.00015151671166999158,-0.09567038821478728
300,44,21,-0.004754935060974177,-2.422910767925516
300,45,21,-0.009401075949719725,-5.239735037487992
300,46,21,-0.007260995280555731,-3.2527953633415003
300,47,21,0.0020239380085310954,0.07110357508157072
300,48,21,0.0016032596490375296,2.5102135006328887
300,1,22,-0.006417812571928874,-0.5022067613961654
300,2,22,-0.03113478852764938,0.7455145807871255
300,3,22,-0.03317210774734073,1.7577749852487057
300,4,22,-0.007429726633418123,3.6459623739644966
300,5,22,0.007400788927046701,2.550297137909711
300,6,22,0.0052866347983056465,0.08042473808310535
300,7,22,0.0010913313819262403,-1.3745192696976773
300,8,22,0.003117655861439056,-0.5013677027528177
300,9,22,0.0004898944525707715,-0.8675077190595684
300,10,22,0.003107504493444304,-1.6320159481281182
300,11,22,0.011595031085875784,-0.8793282626544093
300,12,22,0.01058337883925669,-0.1482745557043933
300,13,22,-0.0034977326232094436,-1.1149463454738335
300,14,22,-0.007619023007108611,-1.3923500287232045
300,15,22,-0.004576463253611903,-0.5119852405655101
300,16,22,-0.006071440871127707,-0.3826601825345121
300,17,22,-0.012895540610227657,-0.5828769813111608
300,18,22,-0.009825961690746855,-0.6791344667422855
300,19,22,0.008035816494089862,-1.2490809804961072
300,20,22,0.017576534566058982,-1.0304846119362336
300,21,22,0.021666865722221616,0.18584850492255742
300,22,22,0.012901149631337547,0.432248267429205
300,23,22,-0.006129780345430066,0.507165999718566
300,24,22,-0.013243299539223923,0.40973537130194065
300,25,22,-0.013243299539223884,-0.40973537130193943
300,26,22,-0.006129780345430102,-0.5071659997185636
300,27,22,0.012901149631337448,-0.4322482674292032
300,28,22,0.02166686572222168,-0.18584850492255625
300,29,22,0.017576534566058895,1.030484611936231
300,30,22,0.008035816494089855,1.249080980496112
300,31,22,-0.009825961690746888,0.6791344667422803
300,32,22,-0.012895540610227737,0.5828769813111618
300,33,22,-0.00607144087112774,0.3826601825345075
300,34,22,-0.004576463253611924,0.51198524056551
300,35,22,-0.007619023007108613,1.3923500287232062
300,36,22,-0.0034977326232095316,1.1149463454738306
300,37,22,0.01058337883925664,0.1482745557043953
300,38,22,0.011595031085875694,0.8793282626544133
300,39,22,0.003107504493444185,1.6320159481281153
300,40,22,0.0004898944525707121,0.8675077190595677
300,41,22,0.003117655861439048,0.5013677027528147
300,42,22,0.0010913313819262247,1.374519269697675
300,43,22,0.005286634798305674,-0.08042473808310902
300,44,22,0.007400788927046726,-2.5502971379097135
300,45,22,-0.007429726633418123,-3.645962373964498
300,46,22,-0.03317210774734072,-1.7577749852487015
300,47,22,-0.031134788527649417,-0.7455145807871228
300,48,22,-0.006417812571928881,0.5022067613961602
300,1,23,-0.013010075558022707,-0.0981511809728251
300,2,23,-0.048141493839540826,1.4764741908058323
300,3,23,-0.05025140181982348,1.1629187082600252
300,4,23,-0.012030715719991624,3.2799321527039504
300,5,23,0.007230453743052623,2.7511133416043814
300,6,23,0.0019471798816001209,0.3771860532561827
300,7,23,-0.009862370879805047,-0.8572036397011099
300,8,23,-0.012244011014896954,-0.4932671750089064
300,9,23,-0.006689914440985264,-1.5457168811266961
300,10,23,0.008340392928586918,-2.0461537089403166
300,11,23,0.020895836281128885,-0.7075895755645818
300,12,23,0.016282786438657475,0.35767250355429414
300,13,23,-0.0050384055517357675,-0.4961766205695196
300,14,23,-0.016966312544393382,-1.0148892787591752
300,15,23,-0.016401926807934116,-0.679802596077847
300,16,23,-0.011968827564874761,-0.9709861693423355
300,17,23,-0.008284820012027998,-1.1158786755639118
300,18,23,0.001152899273487956,-0.6889489662420724
300,19,23,0.015335395908035863,-0.7252396359672436
300,20,23,0.014448699937433088,-0.4361434622260015
300,21,23,0.01056791673093501,0.3546754217265511
300,22,23,0.003545950803040482,0.08677793652205402
300,23,23,-0.006274040292131446,-0.011157703328436047
300,24,23,-0.005175446180403898,0.1740102767733822
300,25,23,-0.0051754461804039064,-0.17401027677338107
300,26,23,-0.006274040292131444,0.011157703328435867
300,27,23,0.0035459508030403863,-0.0867779365220563
300,28,23,0.010567916730935042,-0.35467542172655114
300,29,23,0.01444869993743309,0.43614346222599826
300,30,23,0.015335395908035846,0.7252396359672469
300,31,23,0.0011528992734879864,0.6889489662420687
300,32,23,-0.008284820012028083,1.115878675563915
300,33,23,-0.011968827564874811,0.9709861693423324
300,34,23,-0.016401926807934133,0.6798025960778428
300,35,23,-0.016966312544393368,1.0148892787591732
300,36,23,-0.005038405551735792,0.4961766205695209
300,37,23,0.01628278643865745,-0.3576725035542925
300,38,23,0.02089583628112876,0.7075895755645831
300,39,23,0.00834039292858678,2.0461537089403103
300,40,23,-0.0066899144409853385,1.5457168811266977
300,41,23,-0.012244011014896989,0.49326717500890493
300,42,23,-0.009862370879805037,0.8572036397011104
300,43,23,0.001947179881600117,-0.37718605325618804
300,44,23,0.007230453743052624,-2.751113341604382
300,45,23,-0.01203071571999159,-3.2799321527039527
300,46,23,-0.05025140181982347,-1.16291870826003
300,47,23,-0.04814149383954089,-1.4764741908058352
300,48,23,-0.013010075558022645,0.09815118097282352
300,1,24,-0.01299703162762032,-1.6554370568940784
300,2,24,-0.031259702655719424,0.9743135149176296
300,3,24,-0.0390648822212007,2.0922452668263176
300,4,24,-0.01443283106164873,3.8956567745409885
300,5,24,0.0052549850818230225,2.164793351896499
300,6,24,0.0032346256436285455,0.818025432339036
300,7,24,-0.01586285053353851,-0.2995902787440239
300,8,24,-0.017761486089906242,-0.5875389454765696
300,9,24,-0.005226952788972679,-1.4129078198727387
300,10,24,0.013481193778279374,-1.612163878006593
300,11,24,0.029983125145732634,-0.35257630362509784
300,12,24,0.028627434336624787,1.1275133585179216
300,13,24,0.0007769687419400813,0.8490527899042872
300,14,24,-0.025548392291578067,0.23418925542978333
300,15,24,-0.033560745163247724,-0.21478639803224428
300,16,24,-0.023198044326473998,-1.2734960664044566
300,17,24,-0.005116573705172581,-1.6168496862847137
300,18,24,0.014372780492026116,-0.6705572824221915
300,19,24,0.025924178366471942,-0.07035246350028196
300,20,24,0.01415080887916671,0.3369484124233028
300,21,24,0.0017828452268109133,0.6945187636254155
300,22,24,-0.004165022432349586,-0.13499377212043387
300,23,24,-0.005610960172129355,-0.4687676630844638
300,24,24,0.002536605223109797,-0.04282981497116953
300,25,24,0.002536605223109818,0.042829814971169416
300,26,24,-0.0056109601721293706,0.46876766308446405
300,27,24,-0.004165022432349674,0.13499377212043023
300,28,24,0.0017828452268109766,-0.6945187636254155
300,29,24,0.014150808879166666,-0.3369484124233071
300,30,24,0.025924178366471966,0.07035246350028657
300,31,24,0.01437278049202612,0.670557282422191
300,32,24,-0.005116573705172649,1.6168496862847137
300,33,24,-0.02319804432647403,1.2734960664044561
300,34,24,-0.03356074516324776,0.2147863980322412
300,35,24,-0.025548392291578088,-0.23418925542978256
300,36,24,0.0007769687419400398,-0.8490527899042869
300,37,24,0.02862743433662471,-1.1275133585179182
300,38,24,0.02998312514573253,0.35257630362509707
300,39,24,0.013481193778279268,1.6121638780065912
300,40,24,-0.005226952788972742,1.4129078198727383
300,41,24,-0.01776148608990627,0.5875389454765672
300,42,24,-0.015862850533538586,0.2995902787440234
300,43,24,0.003234625643628539,-0.818025432339041
300,44,24,0.0052549850818230616,-2.1647933518964955
300,45,24,-0.014432831061648754,-3.8956567745409925
300,46,24,-0.039064882221200685,-2.0922452668263194
300,47,24,-0.031259702655719465,-0.9743135149176274
300,48,24,-0.012997031627620292,1.6554370568940766
300,1,25,-0.010059170603621463,-3.05467338605595
300,2,25,-0.008904798891314899,0.5301640696591792
300,3,25,-0.020288633037108098,2.5772278619371685
300,4,25,-0.012012157087348183,4.229381736415062
300,5,25,0.0003080475038225866,1.4962138181317612
300,6,25,0.002907542950536746,0.18129726604611324
300,7,25,-0.009610418374669492,-0.850325547752023
300,8,25,-0.008478900929585547,-0.26405139684553514
300,9,25,-0.0030171138812614445,-0.2875409359402432
300,10,25,0.007057365603250906,-0.7754432349574985
300,11,25,0.026075928356513876,-0.31390884164870647
300,12,25,0.03587182727231706,1.1276097888716377
300,13,25,0.014323661561823431,1.3366389116259518
300,14,25,-0.017698221139418636,1.1207761547252582
300,15,25,-0.0361966401361632,0.5677749471148028
300,16,25,-0.029728379713785263,-0.9451818623040457
300,17,25,-0.007142743528812513,-1.7029600298508996
300,18,25,0.019228143583859304,-0.7038857856893611
300,19,25,0.03304162891485517,0.14577259380252355
300,20,25,0.01916261314126822,0.602612508009501
300,21,25,0.003980674101219383,0.8776622155454712
300,22,25,-0.002667046829337123,-0.04653166977874394
300,23,25,-0.0027671456347237167,-0.43254081859158033
300,24,25,0.005882267315184097,-0.02578035346302475
300,25,25,0.005882267315184129,0.02578035346302357
300,26,25,-0.002767145634723702,0.4325408185915807
300,27,25,-0.002667046829337165,0.046531669778740625
300,28,25,0.003980674101219392,-0.877662215545472
300,29,25,0.019162613141268187,-0.6026125080094977
300,30,25,0.03304162891485517,-0.14577259380252167
300,31,25,0.01922814358385931,0.7038857856893629
300,32,25,-0.007142743528812568,1.7029600298508962
300,33,25,-0.02972837971378528,0.9451818623040482
300,34,25,-0.03619664013616324,-0.5677749471148017
300,35,25,-0.017698221139418664,-1.1207761547252537
300,36,25,0.01432366156182336,-1.3366389116259543
300,37,25,0.035871827272317,-1.1276097888716359
300,38,25,0.026075928356513768,0.3139088416487067
300,39,25,0.007057365603250794,0.7754432349574982
300,40,25,-0.003017113881261515,0.2875409359402449
300,41,25,-0.008478900929585566,0.2640513968455347
300,42,25,-0.009610418374669541,0.8503255477520215
300,43,25,0.002907542950536691,-0.1812972660461164
300,44,25,0.0003080475038225606,-1.49621381813176
300,45,25,-0.012012157087348204,-4.229381736415068
300,46,25,-0.020288633037108067,-2.57722786193717
300,47,25,-0.008904798891314887,-0.530164069659186
300,48,25,-0.010059170603621386,3.054673386055951
300,1,26,-0.0069471588026135764,-1.7539646462559362
300,2,26,-0.005362092978712978,1.122106184583497
300,3,26,-0.012287644408335966,1.9237961544924742
300,4,26,-0.0076010679162421034,3.717559530443228
300,5,26,-0.00993257924515877,1.0658583262626795
300,6,26,-0.00617881265921339,-1.7049748977159733
300,7,26,-0.0005519104466829962,-2.286933153855467
300,8,26,0.0015936648899252909,0.35425578944335856
300,9,26,-0.010161548990201224,0.9892637971984988
300,10,26,-0.013462201418910722,-0.3059140343156436
300,11,26,0.007271516803453519,-0.8764367591128778
300,12,26,0.03066865293083878,0.09001601116678355
300,13,26,0.023586202086589982,0.5355405551739942
300,14,26,-0.005102395806390714,1.0411242554604472
300,15,26,-0.031069977711580682,1.1089162618889465
300,16,26,-0.03306001512022232,-0.2872513021685883
300,17,26,-0.013732966347565038,-1.4923579334926462
300,18,26,0.015253100398401331,-0.914580468284612
300,19,26,0.034118550550302745,-0.230848766413724
300,20,26,0.024892825136327717,0.2746050372268565
300,21,26,0.011190522424863705,0.842876010308399
300,22,26,0.002514711010782082,0.20584281678624194
300,23,26,-0.0009242983383329444,-0.12109760442961302
300,24,26,0.003999368975423162,0.11425035218519954
300,25,26,0.003999368975423155,-0.11425035218520019
300,26,26,-0.0009242983383328944,0.121097604429613
300,27,26,0.0025147110107820283,-0.2058428167862424
300,28,26,0.011190522424863776,-0.8428760103083962
300,29,26,0.024892825136327672,-0.27460503722685575
300,30,26,0.03411855055030275,0.23084876641372432
300,31,26,0.015253100398401375,0.9145804682846106
300,32,26,-0.013732966347565184,1.4923579334926453
300,33,26,-0.033060015120222316,0.287251302168591
300,34,26,-0.031069977711580717,-1.1089162618889472
300,35,26,-0.0051023958063907485,-1.0411242554604463
300,36,26,0.023586202086589937,-0.5355405551739941
300,37,26,0.030668652930838692,-0.09001601116677944
300,38,26,0.007271516803453427,0.8764367591128818
300,39,26,-0.01346220141891084,0.3059140343156438
300,40,26,-0.01016154899020126,-0.9892637971984954
300,41,26,0.0015936648899252323,-0.3542557894433618
300,42,26,-0.000551910446683083,2.2869331538554682
300,43,26,-0.006178812659213447,1.7049748977159709
300,44,26,-0.009932579245158711,-1.0658583262626842
300,45,26,-0.007601067916242125,-3.7175595304432285
300,46,26,-0.012287644408336,-1.9237961544924773
300,47,26,-0.0053620929787130175,-1.122106184583494
300,48,26,-0.0069471588026135365,1.753964646255939
300,1,27,-0.004418728617101849,0.2798112846631895
300,2,27,-0.002296549629198695,1.2118776632837143
300,3,27,-0.004784117604110027,1.5824059186191612
300,4,27,-0.003912057479472373,2.23357906380301
300,5,27,-0.01487984455601877,0.4089663372863589
300,6,27,-0.014018337700852066,-3.197566108309632
300,7,27,-0.0007464895401981895,-3.0178502385395
300,8,27,0.0010217698113570376,0.5157142068263947
300,9,27,-0.015224747409503745,1.5393849642328354
300,10,27,-0.02184696193439902,-0.17625937238030048
300,11,27,-0.0010701405516530507,-1.2220687379042174
300,12,27,0.02627892228704605,-0.4968903920485272
300,13,27,0.026093590416378314,0.08427545612351575
300,14,27,9.696331991942151e-5,0.8339061968152227
300,15,27,-0.0278504434821305,1.138262172978376
300,16,27,-0.03297947914110901,-0.12860566695028194
300,17,27,-0.015739114661736435,-1.5001879079672982
300,18,27,0.013530832452113154,-1.0376238021151531
300,19,27,0.03455702205731266,-0.40385764961730913
300,20,27,0.029061780415389385,0.04057638061495339
300,21,27,0.01739930326406724,0.7275374118636717
300,22,27,0.008435680941517596,0.2944842084056761
300,23,27,0.003933489605778255,0.04179139643855023
300,24,27,0.006413223648419045,0.19194924186816842
300,25,27,0.006413223648419092,-0.1919492418681676
300,26,27,0.003933489605778253,-0.04179139643854915
300,27,27,0.0084356809415176,-0.2944842084056779
300,28,27,0.017399303264067315,-0.7275374118636724
300,29,27,0.02906178041538937,-0.04057638061495246
300,30,27,0.034557022057312634,0.40385764961731196
300,31,27,0.013530832452113149,1.0376238021151565
300,32,27,-0.01573911466173657,1.5001879079672988
300,33,27,-0.032979479141109075,0.1286056669502822
300,34,27,-0.027850443482130578,-1.1382621729783773
300,35,27,9.696331991935082e-5,-0.8339061968152228
300,36,27,0.02609359041637824,-0.08427545612351453
300,37,27,0.026278922287045987,0.4968903920485275
300,38,27,-0.001070140551653157,1.222068737904216
300,39,27,-0.02184696193439914,0.17625937238029643
300,40,27,-0.015224747409503839,-1.5393849642328332
300,41,27,0.0010217698113569552,-0.515714206826396
300,42,27,-0.0007464895401982571,3.0178502385395
300,43,27,-0.014018337700852108,3.1975661083096325
300,44,27,-0.014879844556018752,-0.40896633728635967
300,45,27,-0.00391205747947234,-2.2335790638030097
300,46,27,-0.004784117604110001,-1.5824059186191652
300,47,27,-0.0022965496291987193,-1.2118776632837136
300,48,27,-0.004418728617101859,-0.2798112846631886
300,1,28,-0.0013976353999849362,0.6571404182038146
300,2,28,0.010676074830065517,0.9229904017521277
300,3,28,0.006789571604228272,1.5316695056319132
300,4,28,-0.0008964428338424934,0.6481007827929803
300,5,28,-0.009491422128368641,-0.9607054051646634
300,6,28,-0.011497183091707636,-2.9872237775891297
300,7,28,-0.00971964389689901,-2.166328684920699
300,8,28,-0.005773923981642553,0.20099438519259372
300,9,28,-0.006467962903020747,1.465378145607162
300,10,28,-0.004113036229549704,-0.071054107424997
300,11,28,0.014697779838474602,-0.8052430853733312
300,12,28,0.032559801903119676,0.18030624536080025
300,13,28,0.023225105164501308,0.7908952512868657
300,14,28,-0.0071815619806185945,0.9486750016094355
300,15,28,-0.03179071122319822,0.8495521158634396
300,16,28,-0.029583290700601856,-0.3620103451601539
300,17,28,-0.006954183653568643,-1.6570684765401082
300,18,28,0.023587642951884057,-0.9873386401823774
300,19,28,0.04257704600680011,-0.1278004706693819
300,20,28,0.03512141105609942,0.28101686129540615
300,21,28,0.02194121447453551,0.7631189370835938
300,22,28,0.014359799063605627,0.11122974650392727
300,23,28,0.014928436531145431,-0.257266728946947
300,24,28,0.020091960636003305,0.03563564680693243
300,25,28,0.020091960636003353,-0.03563564680693372
300,26,28,0.014928436531145454,0.25726672894694913
300,27,28,0.014359799063605629,-0.11122974650392788
300,28,28,0.021941214474535564,-0.7631189370835915
300,29,28,0.0351214110560994,-0.28101686129540565
300,30,28,0.0425770460068001,0.12780047066938327
300,31,28,0.023587642951884077,0.9873386401823789
300,32,28,-0.006954183653568745,1.6570684765401096
300,33,28,-0.029583290700601884,0.3620103451601559
300,34,28,-0.03179071122319827,-0.8495521158634413
300,35,28,-0.0071815619806186535,-0.9486750016094386
300,36,28,0.023225105164501218,-0.7908952512868657
300,37,28,0.032559801903119606,-0.18030624536079984
300,38,28,0.014697779838474513,0.8052430853733301
300,39,28,-0.004113036229549788,0.07105410742499631
300,40,28,-0.006467962903020796,-1.4653781456071622
300,41,28,-0.005773923981642627,-0.20099438519259305
300,42,28,-0.009719643896899121,2.166328684920699
300,43,28,-0.011497183091707672,2.9872237775891293
300,44,28,-0.009491422128368664,0.96070540516466
300,45,28,-0.0008964428338425119,-0.6481007827929792
300,46,28,0.006789571604228233,-1.5316695056319154
300,47,28,0.010676074830065496,-0.9229904017521258
300,48,28,-0.0013976353999849223,-0.6571404182038171
300,1,29,-0.00918433720443013,0.5161309192471518
300,2,29,0.007847338507480723,0.6451238279622098
300,3,29,0.0028711110518269524,0.5304592762227631
300,4,29,-0.006990120408782271,-0.7095674704712376
300,5,29,-0.009866737625185269,-2.0781780480909777
300,6,29,-0.014351033084040187,-1.2229825600400326
300,7,29,-0.026779952592499344,-0.5302072908653829
300,8,29,-0.02036562839303471,0.37044821746515844
300,9,29,-0.0019121119327594506,0.9903511844116538
300,10,29,0.015768121207164525,-0.24706576490062998
300,11,29,0.030575373890901994,-0.4359608200581404
300,12,29,0.033118083922600135,0.8800900809603733
300,13,29,0.011831197884279079,1.5401191816329862
300,14,29,-0.019813261083860043,0.8805968789247217
300,15,29,-0.03534883331344119,0.2300000861991418
300,16,29,-0.02325136871253296,-0.8373331584258344
300,17,29,0.003017394794695665,-1.8279053755002068
300,18,29,0.031225623376102622,-0.8771933003491406
300,19,29,0.04681040626053151,0.14688712745462618
300,20,29,0.03945163183354123,0.44880499972229837
300,21,29,0.027221836634861944,0.6931756993342975
300,22,29,0.022373047718895422,-0.11887202718509148
300,23,29,0.028312679876953812,-0.571280327492696
300,24,29,0.03594292042951283,-0.13978966532718898
300,25,29,0.03594292042951285,0.13978966532718742
300,26,29,0.02831267987695385,0.5712803274926948
300,27,29,0.0223730477188954,0.11887202718509061
300,28,29,0.027221836634861996,-0.6931756993342967
300,29,29,0.039451631833541174,-0.44880499972230115
300,30,29,0.046810406260531505,-0.14688712745462446
300,31,29,0.03122562337610261,0.8771933003491414
300,32,29,0.0030173947946955386,1.8279053755002075
300,33,29,-0.023251368712533,0.8373331584258369
300,34,29,-0.03534883331344126,-0.23000008619914422
300,35,29,-0.019813261083860154,-0.8805968789247197
300,36,29,0.011831197884278949,-1.5401191816329822
300,37,29,0.03311808392260005,-0.8800900809603753
300,38,29,0.030575373890901952,0.4359608200581377
300,39,29,0.015768121207164473,0.24706576490062798
300,40,29,-0.0019121119327594385,-0.9903511844116535
300,41,29,-0.020365628393034782,-0.370448217465156
300,42,29,-0.026779952592499424,0.5302072908653818
300,43,29,-0.014351033084040187,1.2229825600400352
300,44,29,-0.009866737625185236,2.0781780480909746
300,45,29,-0.00699012040878228,0.709567470471236
300,46,29,0.0028711110518268865,-0.5304592762227633
300,47,29,0.007847338507480671,-0.6451238279622092
300,48,29,-0.009184337204430088,-0.5161309192471497
300,1,30,-0.021958763057860337,1.0201401359251414
300,2,30,-0.013607696978907468,1.2532750857559256
300,3,30,-0.01699757172198872,-1.1289469803815149
300,4,30,-0.013078517039207151,-2.0122063208263956
300,5,30,-0.01668600954098813,-1.1373852494474843
300,6,30,-0.022768536084544645,0.19731676751170113
300,7,30,-0.029309156354601164,0.7184834152899089
300,8,30,-0.02247130464576871,1.2905062696039629
300,9,30,-0.00103834912437843,0.5003524004265663
300,10,30,0.021382556274969683,-0.6347480142796276
300,11,30,0.028915454397681537,-0.655093792026018
300,12,30,0.020692620286678502,0.6133626279720976
300,13,30,-0.0012538265312765895,0.9737683227614717
300,14,30,-0.022351123595918926,-0.003478116601530412
300,15,30,-0.027572812362324662,-0.30600747817301455
300,16,30,-0.013658141050112952,-0.6676952832351122
300,17,30,0.007082158281068475,-1.4326746250694267
300,18,30,0.029394299291157805,-0.8061320836381021
300,19,30,0.04604117189530314,-0.1535312026879017
300,20,30,0.047476942359990865,-0.03301697937959974
300,21,30,0.04201609503169915,0.31404097593961494
300,22,30,0.03854468004691296,-0.10479507787348717
300,23,30,0.043206905580227134,-0.3995459543952975
300,24,30,0.04736320889594641,-0.0975752846387504
300,25,30,0.04736320889594642,0.0975752846387499
300,26,30,0.04320690558022711,0.3995459543953012
300,27,30,0.03854468004691293,0.10479507787348413
300,28,30,0.042016095031699195,-0.3140409759396141
300,29,30,0.04747694235999082,0.033016979379601075
300,30,30,0.04604117189530313,0.15353120268790282
300,31,30,0.029394299291157833,0.8061320836381018
300,32,30,0.007082158281068366,1.4326746250694256
300,33,30,-0.013658141050112938,0.6676952832351131
300,34,30,-0.027572812362324745,0.30600747817301244
300,35,30,-0.022351123595919023,0.003478116601530662
300,36,30,-0.0012538265312766815,-0.9737683227614711
300,37,30,0.020692620286678426,-0.6133626279720983
300,38,30,0.02891545439768145,0.6550937920260174
300,39,30,0.021382556274969662,0.6347480142796272
300,40,30,-0.0010383491243784616,-0.5003524004265694
300,41,30,-0.02247130464576879,-1.290506269603962
300,42,30,-0.029309156354601313,-0.7184834152899113
300,43,30,-0.022768536084544676,-0.19731676751170046
300,44,30,-0.01668600954098816,1.1373852494474852
300,45,30,-0.013078517039207151,2.012206320826394
300,46,30,-0.016997571721988687,1.128946980381515
300,47,30,-0.0136076969789075,-1.2532750857559243
300,48,30,-0.02195876305786036,-1.0201401359251412
300,1,31,-0.025418317973520274,1.828788427859061
300,2,31,-0.022553464665412984,2.0126321854270706
300,3,31,-0.023037466081315905,-2.032603398986245
300,4,31,-0.012789445275657873,-2.2126238307090453
300,5,31,-0.02132640209075369,0.26163405956811436
300,6,31,-0.02124532624892176,0.889687020157162
300,7,31,-0.0113298308497616,1.1730605104250884
300,8,31,-0.003946942339958005,1.3802962580488787
300,9,31,0.0043047142911815635,0.48006782413624616
300,10,31,0.014418214801302516,-1.0258601584155846
300,11,31,0.015539230378814077,-1.359702212427039
300,12,31,0.005826209299294735,-0.11144247713566474
300,13,31,-0.006724313004171062,0.1674875052734545
300,14,31,-0.01137053953811304,-0.5723842909219887
300,15,31,-0.00847558575030804,-0.20410499178909644
300,16,31,-0.0006438049061260531,0.18207166880105102
300,17,31,0.007213475327337951,-0.6566293732870696
300,18,31,0.0216525050197068,-0.8805683087427179
300,19,31,0.0436430482186057,-0.8564770738075121
300,20,31,0.06063257763380151,-0.7355403269093892
300,21,31,0.06590004355691031,0.0019494576348470238
300,22,31,0.06221151705850215,0.21873965337969933
300,23,31,0.060491131443267634,0.06272410006076105
300,24,31,0.05723111927573929,0.029733099338157404
300,25,31,0.05723111927573927,-0.02973309933815818
300,26,31,0.06049113144326762,-0.06272410006076044
300,27,31,0.06221151705850214,-0.21873965337970308
300,28,31,0.0659000435569103,-0.00194945763484701
300,29,31,0.060632577633801525,0.7355403269093896
300,30,31,0.0436430482186057,0.8564770738075126
300,31,31,0.021652505019706805,0.8805683087427206
300,32,31,0.007213475327337863,0.656629373287068
300,33,31,-0.0006438049061260834,-0.18207166880105072
300,34,31,-0.008475585750308117,0.20410499178909802
300,35,31,-0.011370539538113103,0.5723842909219887
300,36,31,-0.006724313004171094,-0.16748750527345346
300,37,31,0.005826209299294685,0.11144247713566519
300,38,31,0.01553923037881399,1.3597022124270381
300,39,31,0.014418214801302443,1.0258601584155846
300,40,31,0.0043047142911815505,-0.4800678241362458
300,41,31,-0.003946942339958095,-1.3802962580488791
300,42,31,-0.011329830849761696,-1.1730605104250897
300,43,31,-0.02124532624892176,-0.8896870201571618
300,44,31,-0.02132640209075371,-0.2616340595681146
300,45,31,-0.012789445275657913,2.212623830709046
300,46,31,-0.023037466081315967,2.032603398986243
300,47,31,-0.022553464665413015,-2.01263218542707
300,48,31,-0.02541831797352027,-1.8287884278590616
300,1,32,-0.01577707189661253,0.8948707577859769
300,2,32,0.003747934165193966,0.89207272042418
300,3,32,0.0015652988597959342,-0.7613770691494139
300,4,32,-0.011555196529824875,-0.8506202752925853
300,5,32,-0.02351490632293809,0.4282289266072719
300,6,32,-0.013727676376114212,1.593293188497927
300,7,32,0.004102984117273588,0.5452973724576463
300,8,32,0.014639138088031342,-0.09494377924489927
300,9,32,0.009556494506587333,-0.03183397001153432
300,10,32,0.002291418554848904,-1.1938799168783896
300,11,32,-0.0008826890433449434,-1.4960769664767328
300,12,32,-0.005256930957940174,-0.24875817512172138
300,13,32,-0.008993721026951585,0.485095115267666
300,14,32,-0.007359248819435743,-0.1653432674457641
300,15,32,-0.0044038349245685586,0.09879675285660244
300,16,32,-0.0012861242162065965,0.6203202529202103
300,17,32,0.0009189108601365945,-0.21243769902443727
300,18,32,0.012717556621852371,-0.9081738816356909
300,19,32,0.038970840474947206,-1.2784280674813933
300,20,32,0.0681826096484175,-1.2434762509063746
300,21,32,0.0830946763036986,-0.38217195878894117
300,22,32,0.07953990009835488,0.49018736780090744
300,23,32,0.070713987931436,0.5853061841597165
300,24,32,0.05921345624647586,0.18841873220203167
300,25,32,0.059213456246475796,-0.1884187322020321
300,26,32,0.07071398793143599,-0.5853061841597156
300,27,32,0.07953990009835488,-0.49018736780091254
300,28,32,0.08309467630369859,0.3821719587889423
300,29,32,0.06818260964841756,1.2434762509063766
300,30,32,0.03897084047494719,1.2784280674813933
300,31,32,0.0127175566218524,0.908173881635693
300,32,32,0.000918910860136487,0.2124376990244367
300,33,32,-0.0012861242162065512,-0.6203202529202089
300,34,32,-0.004403834924568607,-0.09879675285660099
300,35,32,-0.007359248819435825,0.1653432674457633
300,36,32,-0.008993721026951632,-0.4850951152676673
300,37,32,-0.005256930957940249,0.24875817512172416
300,38,32,-0.0008826890433449911,1.496076966476732
300,39,32,0.0022914185548488833,1.1938799168783913
300,40,32,0.009556494506587316,0.031833970011537316
300,41,32,0.014639138088031313,0.09494377924489816
300,42,32,0.004102984117273573,-0.545297372457646
300,43,32,-0.01372767637611425,-1.5932931884979284
300,44,32,-0.023514906322938137,-0.42822892660727174
300,45,32,-0.011555196529824912,0.8506202752925883
300,46,32,0.001565298859795883,0.7613770691494123
300,47,32,0.0037479341651939844,-0.8920727204241798
300,48,32,-0.01577707189661257,-0.8948707577859765
300,1,33,-0.00048802869943124355,-0.9051101997578079
300,2,33,0.031046961160465403,-0.28589892804324135
300,3,33,0.022300241306382734,0.7509672301062755
300,4,33,-0.014571307673268198,0.6096565341699284
300,5,33,-0.033981608512962384,0.5363197388247363
300,6,33,-0.017762493700791575,0.9664348110573977
300,7,33,0.006140104660084867,-0.5573730662709495
300,8,33,0.014103259678746248,-1.5244733208890093
300,9,33,0.003186274625062645,-0.9745150313171144
300,10,33,-0.009464888814030452,-0.46018409972644625
300,11,33,-0.011371333554824385,-0.6429261843080804
300,12,33,-0.008729780658116451,0.4619632248142234
300,13,33,-0.01091692437567294,1.5431353829611325
300,14,33,-0.012893146298407026,0.6074887806257969
300,15,33,-0.012486280881774822,0.13353597641174347
300,16,33,-0.008322398195649667,0.20503102266303116
300,17,33,-0.003839000711803907,-0.4916392180265537
300,18,33,0.007261050933206243,-1.2188009198470582
300,19,33,0.030871530229357864,-1.4454694140684232
300,20,33,0.06269194914814637,-1.315621596004179
300,21,33,0.08248290875526446,-0.6451166303029092
300,22,33,0.08086850570412735,0.5507152497832949
300,23,33,0.06868139274804506,0.7955892868912707
300,24,33,0.05235520598581153,0.20210549102522513
300,25,33,0.052355205985811504,-0.2021054910252259
300,26,33,0.06868139274804509,-0.7955892868912691
300,27,33,0.0808685057041274,-0.550715249783298
300,28,33,0.08248290875526441,0.645116630302909
300,29,33,0.0626919491481464,1.315621596004181
300,30,33,0.03087153022935781,1.4454694140684268
300,31,33,0.007261050933206215,1.2188009198470593
300,32,33,-0.003839000711804023,0.49163921802655197
300,33,33,-0.008322398195649701,-0.20503102266303055
300,34,33,-0.01248628088177487,-0.13353597641174228
300,35,33,-0.012893146298407137,-0.6074887806257966
300,36,33,-0.010916924375672989,-1.5431353829611363
300,37,33,-0.008729780658116483,-0.46196322481422497
300,38,33,-0.011371333554824468,0.6429261843080799
300,39,33,-0.009464888814030455,0.46018409972644525
300,40,33,0.0031862746250626503,0.9745150313171184
300,41,33,0.014103259678746174,1.524473320889009
300,42,33,0.006140104660084802,0.5573730662709497
300,43,33,-0.017762493700791616,-0.966434811057394
300,44,33,-0.033981608512962384,-0.536319738824738
300,45,33,-0.0145713076732682,-0.6096565341699278
300,46,33,0.022300241306382706,-0.7509672301062759
300,47,33,0.031046961160465413,0.2858989280432392
300,48,33,-0.0004880286994312401,0.9051101997578086
300,1,34,0.008237373656211414,-0.6143341490129781
300,2,34,0.02039955973776762,0.006700616148902994
300,3,34,0.011292232667602087,0.5579303080543117
300,4,34,-0.017885817113810275,1.267325045405689
300,5,34,-0.040194097846985674,1.1057028033143594
300,6,34,-0.02595028997075914,-0.303064518902443
300,7,34,0.0021844641428385592,-1.238880835084468
300,8,34,0.009552235870347318,-1.9168303843339862
300,9,34,-0.0013037368395924292,-0.7323212173790458
300,10,34,-0.011438580450139674,0.6900071883777281
300,11,34,-0.006849470274664603,0.42361960648697305
300,12,34,-0.0006831091788589245,1.1515292920421862
300,13,34,-0.005623640342264694,1.8001090034917233
300,14,34,-0.014129117279349034,0.6540066302497487
300,15,34,-0.01750098692247614,-0.6518627144817846
300,16,34,-0.010539007629428604,-0.7903287827152179
300,17,34,-0.002514976141392604,-0.6957310736251008
300,18,34,0.005475569300330871,-1.0418585246951448
300,19,34,0.019600433423727415,-1.0599953862932365
300,20,34,0.046505457580608145,-1.1106631334093553
300,21,34,0.06831337871412857,-0.9039595235901765
300,22,34,0.06952116668741162,0.4797794159735086
300,23,34,0.05518319624194533,0.9090151650845466
300,24,34,0.035291228528381874,0.20762665726867402
300,25,34,0.03529122852838194,-0.20762665726867652
300,26,34,0.05518319624194535,-0.9090151650845437
300,27,34,0.06952116668741175,-0.4797794159735066
300,28,34,0.06831337871412849,0.9039595235901791
300,29,34,0.046505457580608145,1.1106631334093557
300,30,34,0.019600433423727373,1.0599953862932352
300,31,34,0.005475569300330817,1.0418585246951446
300,32,34,-0.0025149761413926592,0.6957310736251013
300,33,34,-0.010539007629428637,0.790328782715217
300,34,34,-0.01750098692247625,0.6518627144817843
300,35,34,-0.014129117279349094,-0.6540066302497467
300,36,34,-0.0056236403422647175,-1.8001090034917246
300,37,34,-0.0006831091788590375,-1.1515292920421865
300,38,34,-0.006849470274664653,-0.42361960648697206
300,39,34,-0.011438580450139634,-0.6900071883777329
300,40,34,-0.0013037368395924056,0.7323212173790455
300,41,34,0.009552235870347313,1.9168303843339856
300,42,34,0.0021844641428385714,1.2388808350844682
300,43,34,-0.02595028997075913,0.3030645189024429
300,44,34,-0.040194097846985695,-1.105702803314361
300,45,34,-0.0178858171138103,-1.267325045405689
300,46,34,0.011292232667602094,-0.5579303080543117
300,47,34,0.020399559737767622,-0.006700616148901772
300,48,34,0.008237373656211413,0.6143341490129773
300,1,35,0.007562456127554687,0.42952805232312097
300,2,35,-0.0096973495341228,0.2503048415275192
300,3,35,-0.01438662706705598,0.17924725233248773
300,4,35,-0.01765407676124433,0.7190259436302789
300,5,35,-0.027279841665048724,0.9118483255518754
300,6,35,-0.0256136463554896,-0.4505478197038877
300,7,35,-0.0019513783912850622,-1.9301378860395566
300,8,35,0.012435839460990342,-1.430661098698276
300,9,35,0.0006706936734723057,0.7558537069992781
300,10,35,-0.009995285970892154,1.6562144710579036
300,11,35,-0.004410348155893305,1.2853038874952707
300,12,35,-0.0018289877140054544,0.5975845264262789
300,13,35,-0.008820072318449787,0.4072537176270919
300,14,35,-0.018273755755410483,-0.24496853817794534
300,15,35,-0.020201565086035052,-1.4485258960207663
300,16,35,-0.010915689220129567,-1.0707127254605848
300,17,35,-0.002794396983894583,-0.14851367490006023
300,18,35,-0.0014690139257367398,-0.15472405125601843
300,19,35,-0.0011875017691448993,-0.21491935526515668
300,20,35,0.015301750605153746,-0.7871413530311058
300,21,35,0.037600027569071624,-1.1099129509270593
300,22,35,0.04167946060928395,0.4705101281225582
300,23,35,0.026184829988344052,1.2244993557792516
300,24,35,0.003129531555899184,0.3776278130807472
300,25,35,0.0031295315558991475,-0.37762781308075155
300,26,35,0.02618482998834413,-1.2244993557792532
300,27,35,0.04167946060928405,-0.47051012812255816
300,28,35,0.0376000275690716,1.109912950927062
300,29,35,0.015301750605153777,0.7871413530311093
300,30,35,-0.0011875017691449124,0.21491935526515588
300,31,35,-0.0014690139257367814,0.15472405125601932
300,32,35,-0.002794396983894603,0.14851367490006404
300,33,35,-0.010915689220129626,1.0707127254605848
300,34,35,-0.02020156508603508,1.4485258960207656
300,35,35,-0.018273755755410497,0.2449685381779459
300,36,35,-0.008820072318449862,-0.4072537176270927
300,37,35,-0.0018289877140055745,-0.5975845264262788
300,38,35,-0.004410348155893343,-1.2853038874952714
300,39,35,-0.00999528597089214,-1.6562144710579043
300,40,35,0.0006706936734723259,-0.7558537069992778
300,41,35,0.012435839460990306,1.430661098698279
300,42,35,-0.0019513783912851069,1.9301378860395544
300,43,35,-0.025613646355489593,0.4505478197038849
300,44,35,-0.027279841665048713,-0.9118483255518762
300,45,35,-0.01765407676124437,-0.719025943630276
300,46,35,-0.014386627067055931,-0.17924725233248623
300,47,35,-0.009697349534122716,-0.25030484152752047
300,48,35,0.0075624561275546825,-0.42952805232311964
300,1,36,0.004217205503894354,0.2239774393026625
300,2,36,-0.022092044265103316,-0.4068984426496782
300,3,36,-0.02212000058033779,0.17766729440996495
300,4,36,-0.008403581600235278,-0.07728407924502508
300,5,36,-0.0010122971390513049,-0.052882892025005956
300,6,36,-0.009173514829166346,-0.5241905528747157
300,7,36,-0.00011571759388762066,-1.6153988713095546
300,8,36,0.015424159188062198,-0.2719904748549302
300,9,36,0.007830386097974477,1.5802870156843865
300,10,36,-0.007026166984136197,2.095425161708697
300,11,36,-0.01000507577450067,0.8710974950699385
300,12,36,-0.009053501228835829,-1.020273913993992
300,13,36,-0.013079591633286248,-1.00684464893479
300,14,36,-0.019213047849828253,-0.7766133772635576
300,15,36,-0.01971717716811432,-0.9924647928130143
300,16,36,-0.01606200998381092,-0.19375209594638285
300,17,36,-0.012621471708096825,0.5958825595691889
300,18,36,-0.011501647552530681,0.4983262420870911
300,19,36,-0.017772316001289454,0.4940134953075939
300,20,36,-0.013581941981487045,-0.06154457517231826
300,21,36,-0.0005675180044617308,-0.7144722374936365
300,22,36,-0.0013621847779361155,0.4074842563935961
300,23,36,-0.016690629648247513,1.0677480181986618
300,24,36,-0.03881825080969408,0.34040265486960875
300,25,36,-0.0388182508096941,-0.3404026548696106
300,26,36,-0.016690629648247406,-1.067748018198662
300,27,36,-0.0013621847779360045,-0.40748425639359787
300,28,36,-0.0005675180044617135,0.7144722374936369
300,29,36,-0.013581941981486911,0.06154457517231737
300,30,36,-0.017772316001289482,-0.4940134953075916
300,31,36,-0.011501647552530664,-0.4983262420870869
300,32,36,-0.012621471708096873,-0.595882559569189
300,33,36,-0.01606200998381095,0.19375209594638432
300,34,36,-0.019717177168114386,0.9924647928130149
300,35,36,-0.019213047849828323,0.7766133772635603
300,36,36,-0.013079591633286293,1.006844648934793
300,37,36,-0.009053501228835935,1.020273913993989
300,38,36,-0.010005075774500723,-0.8710974950699408
300,39,36,-0.0070261669841362295,-2.0954251617086976
300,40,36,0.007830386097974444,-1.580287015684385
300,41,36,0.015424159188062149,0.27199047485493055
300,42,36,-0.00011571759388763258,1.6153988713095533
300,43,36,-0.00917351482916634,0.5241905528747146
300,44,36,-0.0010122971390512832,0.052882892025005845
300,45,36,-0.00840358160023525,0.07728407924502452
300,46,36,-0.022120000580337765,-0.1776672944099661
300,47,36,-0.02209204426510328,0.40689844264967845
300,48,36,0.004217205503894391,-0.22397743930266056
300,1,37,0.0039084646499687285,-0.3999165374195691
300,2,37,-0.01543899083586681,-1.118461665232626
300,3,37,-0.009822109720980762,0.2640167280531672
300,4,37,0.004523980168198603,0.4442016768443677
300,5,37,0.013957314105309574,-0.6926550261745952
300,6,37,0.007071510071042415,-0.8607908262016796
300,7,37,0.0018115584784475338,0.30519188838070394
300,8,37,0.009280200736404143,0.48798675679530673
300,9,37,0.01073391511388103,0.9302376140391334
300,10,37,-0.0059014668669643555,1.251766772739638
300,11,37,-0.010980561451639467,-0.8209017311732278
300,12,37,0.00030211281792624604,-1.9908909119653733
300,13,37,0.0030292178110608555,-0.8065277613949235
300,14,37,-0.0026174097105787497,0.38065088406430836
300,15,37,-0.004526472370810787,0.6811463402212762
300,16,37,-0.005904001484912678,0.7609915530618472
300,17,37,-0.003997195374163194,0.7410543315799627
300,18,37,0.002289259825808825,0.3277339730675566
300,19,37,-0.0057535808733318716,0.4724860132650459
300,20,37,-0.013964173631887995,0.5388305885363601
300,21,37,-0.020604481041033185,0.07125618781948515
300,22,37,-0.03439206749811147,0.506062571043091
300,23,37,-0.05242581497502574,0.816383891148895
300,24,37,-0.07215467257836113,0.28771076501245235
300,25,37,-0.07215467257836113,-0.2877107650124552
300,26,37,-0.052425814975025645,-0.8163838911488943
300,27,37,-0.034392067498111356,-0.5060625710430906
300,28,37,-0.02060448104103324,-0.07125618781948463
300,29,37,-0.013964173631887894,-0.5388305885363616
300,30,37,-0.005753580873331892,-0.4724860132650444
300,31,37,0.0022892598258088294,-0.3277339730675516
300,32,37,-0.003997195374163171,-0.7410543315799643
300,33,37,-0.005904001484912717,-0.7609915530618481
300,34,37,-0.004526472370810835,-0.6811463402212742
300,35,37,-0.002617409710578803,-0.3806508840643088
300,36,37,0.0030292178110607466,0.8065277613949235
300,37,37,0.0003021128179260986,1.9908909119653726
300,38,37,-0.010980561451639493,0.8209017311732251
300,39,37,-0.005901466866964357,-1.2517667727396402
300,40,37,0.010733915113880995,-0.9302376140391312
300,41,37,0.009280200736404107,-0.4879867567953041
300,42,37,0.0018115584784475607,-0.30519188838070405
300,43,37,0.007071510071042422,0.8607908262016756
300,44,37,0.013957314105309556,0.692655026174594
300,45,37,0.0045239801681986255,-0.4442016768443682
300,46,37,-0.009822109720980698,-0.2640167280531651
300,47,37,-0.015438990835866811,1.1184616652326265
300,48,37,0.003908464649968713,0.3999165374195681
300,1,38,0.00010666481882354827,-0.31445381272174483
300,2,38,-0.01446807458710603,-0.31992605407739216
300,3,38,-0.016013227175708224,0.6265064613408022
300,4,38,-0.008195784191446412,0.5872875357808351
300,5,38,0.00012431325782147427,-0.8423687700041417
300,6,38,-0.0013140297287043852,-0.7024911446869009
300,7,38,-0.00726805888587984,1.101057875908239
300,8,38,-0.004736190739268354,0.9362095678764423
300,9,38,-0.004138046148241793,0.27101114237574997
300,10,38,-0.017196769220129925,-0.5557911910224368
300,11,38,-0.01623958206199936,-1.6779041470794935
300,12,38,0.007441514252371884,-1.665473701613878
300,13,38,0.024500153506569432,-0.054499921667143264
300,14,38,0.023537579812369848,1.7921803779155314
300,15,38,0.01932213659542978,1.6876440336530059
300,16,38,0.010953089043409053,0.5966377253303223
300,17,38,0.00821784004504234,-0.0132164142720963
300,18,38,0.01583627000370427,-0.5189141248028155
300,19,38,0.013090303491892986,-0.1688241048624644
300,20,38,0.004196205210071375,0.7621884810943897
300,21,38,-0.018073908041473376,1.0954806685402885
300,22,38,-0.04456606642528216,1.1950812315964616
300,23,38,-0.07075559844372,1.1822264764465449
300,24,38,-0.09052014340339401,0.5513436497951366
300,25,38,-0.09052014340339391,-0.5513436497951378
300,26,38,-0.07075559844372004,-1.1822264764465418
300,27,38,-0.04456606642528207,-1.1950812315964598
300,28,38,-0.01807390804147341,-1.0954806685402887
300,29,38,0.004196205210071403,-0.7621884810943889
300,30,38,0.013090303491892958,0.16882410486246097
300,31,38,0.015836270003704286,0.5189141248028163
300,32,38,0.008217840045042396,0.01321641427209641
300,33,38,0.01095308904340898,-0.5966377253303197
300,34,38,0.019322136595429744,-1.6876440336530012
300,35,38,0.023537579812369695,-1.7921803779155316
300,36,38,0.024500153506569283,0.054499921667141904
300,37,38,0.00744151425237183,1.6654737016138752
300,38,38,-0.01623958206199936,1.6779041470794893
300,39,38,-0.017196769220129866,0.5557911910224358
300,40,38,-0.004138046148241783,-0.2710111423757466
300,41,38,-0.004736190739268363,-0.9362095678764423
300,42,38,-0.007268058885879855,-1.1010578759082397
300,43,38,-0.0013140297287044297,0.7024911446869015
300,44,38,0.00012431325782145345,0.8423687700041438
300,45,38,-0.008195784191446408,-0.5872875357808358
300,46,38,-0.016013227175708238,-0.626506461340804
300,47,38,-0.014468074587106044,0.31992605407739383
300,48,38,0.00010666481882356822,0.31445381272174544
300,1,39,-0.00811593644239731,0.7884712815245739
300,2,39,-0.023299044143334606,1.5130634259989195
300,3,39,-0.03744029630648758,0.49486713271534166
300,4,39,-0.03063894673264128,-0.8553069004780653
300,5,39,-0.015276939625581623,-0.9183836123226907
300,6,39,-0.008597184507066227,-0.527682246481446
300,7,39,-0.004035471030634547,0.1410262061176411
300,8,39,-0.002149788362524186,1.3759632355953113
300,9,39,-0.013586013950529201,0.15411766287309678
300,10,39,-0.02927086760323965,-1.4434581740486947
300,11,39,-0.026211252859395278,-1.0299025361688332
300,12,39,0.0040680173220534075,-0.8647823459235997
300,13,39,0.03299268469429596,-0.12049575418091393
300,14,39,0.03898932616771209,1.113338102552356
300,15,39,0.032793202369109965,0.8046702080656494
300,16,39,0.019559654467426697,-0.21810647042247525
300,17,39,0.012682243062684628,-0.6859028954408872
300,18,39,0.01886813850777181,-1.0783540670404288
300,19,39,0.02960778616604083,-0.8173233752376128
300,20,39,0.028272804607708493,0.7719025324829152
300,21,39,-0.0009267378676173724,2.0681132838684775
300,22,39,-0.03556789383516681,1.8851452566924578
300,23,39,-0.0664898622076169,1.4441232054702535
300,24,39,-0.08265396171277861,0.7207917544732143
300,25,39,-0.08265396171277851,-0.7207917544732145
300,26,39,-0.0664898622076169,-1.4441232054702515
300,27,39,-0.0355678938351668,-1.8851452566924594
300,28,39,-0.0009267378676173985,-2.0681132838684793
300,29,39,0.02827280460770853,-0.7719025324829131
300,30,39,0.02960778616604086,0.8173233752376102
300,31,39,0.018868138507771838,1.0783540670404301
300,32,39,0.01268224306268469,0.6859028954408897
300,33,39,0.019559654467426676,0.21810647042247913
300,34,39,0.03279320236910991,-0.8046702080656442
300,35,39,0.03898932616771201,-1.1133381025523557
300,36,39,0.03299268469429585,0.12049575418091071
300,37,39,0.004068017322053356,0.864782345923596
300,38,39,-0.026211252859395327,1.02990253616883
300,39,39,-0.02927086760323967,1.4434581740486934
300,40,39,-0.013586013950529184,-0.1541176628730927
300,41,39,-0.002149788362524189,-1.3759632355953104
300,42,39,-0.004035471030634603,-0.14102620611763977
300,43,39,-0.008597184507066289,0.5276822464814478
300,44,39,-0.01527693962558166,0.9183836123226927
300,45,39,-0.030638946732641333,0.8553069004780632
300,46,39,-0.03744029630648761,-0.49486713271534405
300,47,39,-0.023299044143334596,-1.513063425998917
300,48,39,-0.008115936442397324,-0.7884712815245745
300,1,40,-0.017784513363945178,1.3778466882891693
300,2,40,-0.022109372007540564,1.6005118143645483
300,3,40,-0.03295477448393035,-0.4289539236693489
300,4,40,-0.031239663950624923,-1.4651159016629396
300,5,40,-0.01462147986407071,-0.8042519582810714
300,6,40,0.003608290500557886,-0.31686580187952557
300,7,40,0.011189900424230233,-0.1594498814188312
300,8,40,0.008070331603843843,0.5278736958286978
300,9,40,-0.007597362398754405,0.289326699411685
300,10,40,-0.02821799312615162,-0.10384288415797166
300,11,40,-0.02862244372891181,-0.12934817553100977
300,12,40,-0.0011309671275049073,-0.26666004449748143
300,13,40,0.0280311482201613,-0.6583023700134646
300,14,40,0.0395722984826103,-0.8486830892531025
300,15,40,0.038895101713380446,-0.7961727321355855
300,16,40,0.03415114046817417,-0.8012920950926508
300,17,40,0.026220830878856932,-0.3929305018089931
300,18,40,0.026073697143838528,-0.3611452723841241
300,19,40,0.04475586950983694,-0.5976481125577713
300,20,40,0.048910528301999746,0.7663344581681724
300,21,40,0.02331129309638486,2.2383981103024917
300,22,40,-0.010156654331746093,1.6268224685039956
300,23,40,-0.03448293641240556,0.8389353759785413
300,24,40,-0.040560978455363765,0.4286526971253323
300,25,40,-0.04056097845536377,-0.42865269712533594
300,26,40,-0.03448293641240548,-0.838935375978541
300,27,40,-0.010156654331746152,-1.6268224685039954
300,28,40,0.023311293096384907,-2.238398110302494
300,29,40,0.0489105283019997,-0.7663344581681713
300,30,40,0.04475586950983696,0.5976481125577715
300,31,40,0.02607369714383849,0.36114527238412364
300,32,40,0.026220830878856943,0.3929305018089957
300,33,40,0.034151140468174114,0.8012920950926536
300,34,40,0.038895101713380384,0.7961727321355895
300,35,40,0.03957229848261023,0.8486830892531042
300,36,40,0.028031148220161197,0.6583023700134611
300,37,40,-0.00113096712750494,0.26666004449747827
300,38,40,-0.02862244372891181,0.12934817553100902
300,39,40,-0.02821799312615165,0.10384288415797238
300,40,40,-0.0075973623987543775,-0.289326699411685
300,41,40,0.008070331603843888,-0.5278736958286989
300,42,40,0.011189900424230174,0.15944988141883204
300,43,40,0.0036082905005578106,0.31686580187952657
300,44,40,-0.014621479864070766,0.8042519582810708
300,45,40,-0.03123966395062492,1.4651159016629371
300,46,40,-0.03295477448393038,0.42895392366934704
300,47,40,-0.022109372007540505,-1.6005118143645454
300,48,40,-0.017784513363945164,-1.3778466882891676
300,1,41,-0.016526089849150848,0.5001309033703226
300,2,41,-0.00524508805002619,0.0695443295410709
300,3,41,-0.003316285062325262,-0.9031667216788744
300,4,41,-0.008976517732290808,-0.5656092489666844
300,5,41,-0.0031499285712024627,-0.1656415724635461
300,6,41,0.01321674041109218,0.36254725908032115
300,7,41,0.01275589217773272,0.19450496337779632
300,8,41,0.003070500477400995,-0.7550231619731924
300,9,41,-0.008117640731536521,0.6375265284265308
300,10,41,-0.026276853230405395,1.5749183122953982
300,11,41,-0.03450370844971744,0.3662313139539306
300,12,41,-0.016616759396007,-0.5712596189755486
300,13,41,0.012299430134776135,-1.4812241876510133
300,14,41,0.021732312262813674,-1.6540897436200266
300,15,41,0.02211095552234501,-0.9866268558840425
300,16,41,0.029911398979616345,-0.31288547610699274
300,17,41,0.028590708180817655,0.632632942444447
300,18,41,0.02897212772658549,0.8260713179960026
300,19,41,0.04544875499329422,0.1177785620058396
300,20,41,0.04795559654796071,0.5693245725838413
300,21,41,0.029854340679368915,1.3323836018333481
300,22,41,0.008000087378235984,0.4111755855380305
300,23,41,0.0022787974068386035,-0.4578461366323714
300,24,41,0.012352289986259733,-0.22092958566015794
300,25,41,0.012352289986259729,0.2209295856601549
300,26,41,0.002278797406838732,0.45784613663237306
300,27,41,0.008000087378235939,-0.4111755855380315
300,28,41,0.029854340679368988,-1.3323836018333473
300,29,41,0.04795559654796067,-0.5693245725838386
300,30,41,0.0454487549932942,-0.117778562005838
300,31,41,0.028972127726585535,-0.8260713179960044
300,32,41,0.02859070818081763,-0.6326329424444478
300,33,41,0.02991139897961636,0.31288547610699236
300,34,41,0.022110955522345002,0.9866268558840405
300,35,41,0.02173231226281356,1.6540897436200286
300,36,41,0.01229943013477609,1.4812241876510155
300,37,41,-0.016616759396007055,0.5712596189755444
300,38,41,-0.03450370844971748,-0.36623131395392944
300,39,41,-0.02627685323040539,-1.574918312295397
300,40,41,-0.008117640731536546,-0.6375265284265317
300,41,41,0.0030705004774009715,0.7550231619731914
300,42,41,0.012755892177732688,-0.1945049633777951
300,43,41,0.013216740411092113,-0.36254725908031926
300,44,41,-0.0031499285712025225,0.16564157246354433
300,45,41,-0.008976517732290796,0.5656092489666822
300,46,41,-0.0033162850623252773,0.9031667216788737
300,47,41,-0.005245088050026192,-0.06954432954107073
300,48,41,-0.016526089849150844,-0.5001309033703228
300,1,42,0.00030100997755650935,-0.3172748776761969
300,2,42,0.006899729595212444,-0.5623719582091362
300,3,42,0.014152392810437911,-0.5261353496279334
300,4,42,0.01389279071489186,0.01731870590938639
300,5,42,0.00569739783714281,0.7850451879056711
300,6,42,0.003054513747552872,0.8668092149575896
300,7,42,-0.001638956900808614,-0.03734445743572831
300,8,42,-0.015592837732647287,-0.24768074895634973
300,9,42,-0.02249328049426052,0.8312430130061701
300,10,42,-0.025770615477709917,1.4356205132711808
300,11,42,-0.03762031678913156,0.42477837928090495
300,12,42,-0.027992564508088395,-1.4902213079463105
300,13,42,0.00013239169139836124,-1.8158672954870785
300,14,42,0.003456364049289036,-0.4150406937713555
300,15,42,-0.0031731271023157526,0.5797505380242975
300,16,42,0.0018603369159848337,0.7544892777513194
300,17,42,0.006851279999551103,0.5818851781545742
300,18,42,0.00830950504922014,0.2097213594627303
300,19,42,0.011451068161461488,-0.23396110005915766
300,20,42,0.006063455708147039,-0.1958986446933623
300,21,42,-0.005221540313762569,0.06700535285860787
300,22,42,-0.007015964102038028,-0.7274501121494703
300,23,42,0.011526077664750181,-1.5860104212902324
300,24,42,0.039813779238252016,-0.8296611033758549
300,25,42,0.03981377923825199,0.8296611033758553
300,26,42,0.011526077664750225,1.586010421290231
300,27,42,-0.007015964102038056,0.7274501121494709
300,28,42,-0.0052215403137624685,-0.06700535285860412
300,29,42,0.006063455708146979,0.1958986446933651
300,30,42,0.011451068161461481,0.23396110005915804
300,31,42,0.008309505049220086,-0.20972135946273213
300,32,42,0.0068512799995511,-0.5818851781545745
300,33,42,0.0018603369159848476,-0.7544892777513201
300,34,42,-0.0031731271023157405,-0.5797505380242977
300,35,42,0.0034563640492889388,0.4150406937713559
300,36,42,0.00013239169139826062,1.8158672954870807
300,37,42,-0.027992564508088423,1.4902213079463067
300,38,42,-0.0376203167891316,-0.424778379280906
300,39,42,-0.025770615477709938,-1.4356205132711777
300,40,42,-0.022493280494260505,-0.8312430130061731
300,41,42,-0.01559283773264734,0.24768074895634973
300,42,42,-0.001638956900808659,0.037344457435731754
300,43,42,0.0030545137475528478,-0.8668092149575866
300,44,42,0.005697397837142751,-0.7850451879056729
300,45,42,0.013892790714891749,-0.0173187059093875
300,46,42,0.014152392810437892,0.5261353496279344
300,47,42,0.0068997295952124395,0.562371958209134
300,48,42,0.00030100997755648506,0.31727487767619666
300,1,43,0.01283674146639505,-0.41087441779089007
300,2,43,0.012882822314765074,-0.26962757256169
300,3,43,0.014468567623718872,0.20107584079858679
300,4,43,0.014708544806873187,0.4839037754047197
300,5,43,0.004707803325702095,1.1645526465879927
300,6,43,-0.011564250000588212,0.6253782531682963
300,7,43,-0.023508510968805563,-0.2007100562617914
300,8,43,-0.029788711566751114,0.49962871579223866
300,9,43,-0.0199259123718576,0.32590371142812147
300,10,43,-0.0070901224173317325,0.0764595735998213
300,11,43,-0.013012591386736034,-0.35192683637369626
300,12,43,-0.011254992908852055,-1.4129198824286977
300,13,43,0.008391027251208097,-0.6920284745391361
300,14,43,0.016783270139003582,1.0276261404568274
300,15,43,-0.0006499262782432608,1.7032851036676127
300,16,43,-0.022835270624251457,0.9584400741129333
300,17,43,-0.026494453950819143,-0.4469608097816377
300,18,43,-0.028695381206488218,-0.8010556869835433
300,19,43,-0.03246484814189779,-0.48579076639713065
300,20,43,-0.035349719595608314,-0.7137499378487289
300,21,43,-0.03553008270173688,-0.7586256437064208
300,22,43,-0.0231597270381669,-1.0629288054090078
300,23,43,0.000984109236367779,-1.6904326440271973
300,24,43,0.029864627276013758,-0.9216391033740475
300,25,43,0.02986462727601367,0.9216391033740496
300,26,43,0.0009841092363677955,1.6904326440271955
300,27,43,-0.023159727038166822,1.0629288054090045
300,28,43,-0.03553008270173684,0.7586256437064202
300,29,43,-0.03534971959560836,0.7137499378487314
300,30,43,-0.03246484814189769,0.48579076639713065
300,31,43,-0.028695381206488346,0.8010556869835398
300,32,43,-0.02649445395081914,0.4469608097816382
300,33,43,-0.022835270624251506,-0.9584400741129329
300,34,43,-0.0006499262782433094,-1.7032851036676087
300,35,43,0.016783270139003523,-1.027626140456826
300,36,43,0.008391027251208053,0.692028474539135
300,37,43,-0.011254992908852079,1.4129198824286946
300,38,43,-0.013012591386736104,0.35192683637369615
300,39,43,-0.007090122417331767,-0.07645957359981781
300,40,43,-0.019925912371857615,-0.3259037114281218
300,41,43,-0.02978871156675114,-0.4996287157922396
300,42,43,-0.023508510968805588,0.20071005626179206
300,43,43,-0.011564250000588257,-0.6253782531682962
300,44,43,0.0047078033257020166,-1.1645526465879925
300,45,43,0.014708544806873131,-0.48390377540471907
300,46,43,0.01446856762371889,-0.20107584079858917
300,47,43,0.012882822314765077,0.26962757256168846
300,48,43,0.012836741466395034,0.41087441779089
300,1,44,0.012064631356818062,-0.6705771664601506
300,2,44,0.016888371868807088,-0.3955430586093216
300,3,44,0.015198780776721457,0.8262080076037402
300,4,44,0.006660558341600994,1.1265782259417185
300,5,44,-0.0030343540075820317,0.43051195124971753
300,6,44,-0.023234580471391722,0.2285431529717569
300,7,44,-0.039847082104581606,0.21742940708745676
300,8,44,-0.027651285636912194,-0.6741089007225439
300,9,44,-0.0029861604953637638,-0.936333496101558
300,10,44,0.013208307100302548,-0.9212935508165409
300,11,44,0.02271113263985955,-1.0121059021680534
300,12,44,0.02082863032226168,-0.27649550942090595
300,13,44,0.027007034064164524,0.4371833185147711
300,14,44,0.04044514015760527,1.1872501705619023
300,15,44,0.013345479563040514,1.8452213696772397
300,16,44,-0.029776413453403462,0.9596494874962747
300,17,44,-0.04021770966075065,-0.5799188670794357
300,18,44,-0.03911204079999615,-0.3742866607385119
300,19,44,-0.038100286168620795,0.46093684825979625
300,20,44,-0.03285921106715662,-0.060411222580071075
300,21,44,-0.02175776250855376,-0.479503328929792
300,22,44,-0.005362363203107061,-0.32414073965493007
300,23,44,0.007313699121142698,-0.5215480143432734
300,24,44,0.019181487772867118,-0.35190941139517373
300,25,44,0.019181487772867108,0.35190941139517284
300,26,44,0.007313699121142713,0.5215480143432738
300,27,44,-0.005362363203107086,0.32414073965493084
300,28,44,-0.02175776250855371,0.47950332892979225
300,29,44,-0.03285921106715667,0.06041122258007225
300,30,44,-0.03810028616862075,-0.4609368482597934
300,31,44,-0.03911204079999622,0.3742866607385136
300,32,44,-0.040217709660750695,0.5799188670794351
300,33,44,-0.029776413453403462,-0.9596494874962758
300,34,44,0.013345479563040389,-1.8452213696772377
300,35,44,0.04044514015760521,-1.1872501705619005
300,36,44,0.027007034064164465,-0.43718331851477266
300,37,44,0.020828630322261624,0.2764955094209046
300,38,44,0.022711132639859532,1.0121059021680565
300,39,44,0.013208307100302491,0.9212935508165401
300,40,44,-0.0029861604953638366,0.936333496101557
300,41,44,-0.027651285636912187,0.6741089007225421
300,42,44,-0.039847082104581634,-0.21742940708745792
300,43,44,-0.023234580471391746,-0.22854315297175679
300,44,44,-0.003034354007582042,-0.4305119512497178
300,45,44,0.006660558341600932,-1.1265782259417203
300,46,44,0.015198780776721446,-0.8262080076037401
300,47,44,0.01688837186880709,0.395543058609319
300,48,44,0.012064631356818033,0.6705771664601511
300,1,45,0.008321406053490445,-0.6229151412459965
300,2,45,0.01227534508533605,-0.6265542093883539
300,3,45,0.01996913317503211,0.4881287910006185
300,4,45,0.01847281959931435,0.7984101932514474
300,5,45,-0.0008569030562744755,0.0168616571437053
300,6,45,-0.026065675801231376,0.3772476706910074
300,7,45,-0.02938691113645568,0.5786078675274654
300,8,45,-0.011093400540937827,-1.2963191736300854
300,9,45,0.004576513921185614,-1.9764777785118839
300,10,45,0.022232675695659673,-1.253484485869588
300,11,45,0.043756914559134295,-0.3203369820951213
300,12,45,0.048064977595430686,0.25592794661829327
300,13,45,0.0505468458636083,0.12761480542814174
300,14,45,0.05159085986827065,0.7309786077656267
300,15,45,0.01665795594086336,1.7140514293990825
300,16,45,-0.026088238479950496,1.1396958286123173
300,17,45,-0.03163583558380531,-0.3887668990979116
300,18,45,-0.016079163939303275,-0.38068662594116026
300,19,45,-0.00862792834235383,0.739171167037718
300,20,45,-0.008931015729180983,0.7257458194285336
300,21,45,-0.002409045672783075,0.09125095453096965
300,22,45,0.009687432376383157,0.17591452031554067
300,23,45,0.014741647388717756,0.3636584960463488
300,24,45,0.012323647782991063,0.1482776668454367
300,25,45,0.012323647782991099,-0.148277666845439
300,26,45,0.014741647388717773,-0.3636584960463477
300,27,45,0.009687432376383219,-0.17591452031553945
300,28,45,-0.002409045672783101,-0.09125095453097293
300,29,45,-0.008931015729180952,-0.7257458194285336
300,30,45,-0.008627928342353843,-0.7391711670377187
300,31,45,-0.01607916393930328,0.38068662594116276
300,32,45,-0.031635835583805345,0.3887668990979116
300,33,45,-0.02608823847995049,-1.1396958286123196
300,34,45,0.016657955940863323,-1.7140514293990852
300,35,45,0.05159085986827059,-0.730978607765624
300,36,45,0.05054684586360821,-0.12761480542814224
300,37,45,0.04806497759543063,-0.25592794661829465
300,38,45,0.04375691455913427,0.32033698209512496
300,39,45,0.022232675695659676,1.253484485869588
300,40,45,0.004576513921185555,1.9764777785118794
300,41,45,-0.011093400540937819,1.2963191736300854
300,42,45,-0.029386911136455723,-0.5786078675274683
300,43,45,-0.026065675801231432,-0.3772476706910059
300,44,45,-0.000856903056274492,-0.016861657143703662
300,45,45,0.018472819599314374,-0.7984101932514472
300,46,45,0.01996913317503208,-0.4881287910006189
300,47,45,0.012275345085335993,0.6265542093883543
300,48,45,0.008321406053490472,0.6229151412459988
300,1,46,0.0060206817672437685,-0.12609450035052233
300,2,46,0.010090243852630278,-0.5048676895458447
300,3,46,0.024455892617586607,-0.5749604022452767
300,4,46,0.03255745909664647,-0.01069046624833316
300,5,46,0.011162528457248778,0.8028502743376578
300,6,46,-0.015439420682539829,0.7497559008879602
300,7,46,-0.017229156554723533,0.4954268251844348
300,8,46,-0.012111801745191183,0.05067386329946662
300,9,46,-0.006309790187517068,-1.6432222597077077
300,10,46,0.009257805860011544,-1.232835452359767
300,11,46,0.023382834059454342,0.41601135119276894
300,12,46,0.038817220049218955,-0.04004797948792049
300,13,46,0.05157502277325395,-0.42562715583348787
300,14,46,0.039321181180947726,0.43140738455271344
300,15,46,0.003083971545210737,1.296316379164283
300,16,46,-0.02725822517344459,1.044501658785634
300,17,46,-0.019744292466719986,-0.3417688028136794
300,18,46,0.01948825931439266,-1.0360097293944321
300,19,46,0.036319299225930524,-0.24079185671362435
300,20,46,0.01981450600000915,0.2968587911047115
300,21,46,0.003043617003209315,-0.4764775131991999
300,22,46,-0.004723335944461931,-0.6777882034282798
300,23,46,-0.0085115920606363,0.04899682930696658
300,24,46,-0.021318576614535026,0.1721852130221001
300,25,46,-0.021318576614535043,-0.17218521302210252
300,26,46,-0.008511592060636274,-0.04899682930696189
300,27,46,-0.004723335944461924,0.6777882034282792
300,28,46,0.0030436170032092993,0.47647751319919995
300,29,46,0.019814506000009228,-0.2968587911047114
300,30,46,0.0363192992259305,0.24079185671362563
300,31,46,0.019488259314392648,1.036009729394433
300,32,46,-0.019744292466720017,0.34176880281367583
300,33,46,-0.027258225173444593,-1.044501658785635
300,34,46,0.0030839715452107386,-1.2963163791642813
300,35,46,0.03932118118094771,-0.4314073845527121
300,36,46,0.05157502277325392,0.4256271558334875
300,37,46,0.03881722004921895,0.04004797948791705
300,38,46,0.0233828340594543,-0.4160113511927687
300,39,46,0.009257805860011518,1.232835452359769
300,40,46,-0.006309790187517106,1.6432222597077095
300,41,46,-0.012111801745191188,-0.05067386329946626
300,42,46,-0.01722915655472356,-0.4954268251844355
300,43,46,-0.01543942068253986,-0.7497559008879601
300,44,46,0.01116252845724875,-0.8028502743376573
300,45,46,0.0325574590966465,0.010690466248332088
300,46,46,0.024455892617586576,0.5749604022452751
300,47,46,0.010090243852630229,0.5048676895458444
300,48,46,0.006020681767243819,0.1260945003505216
300,1,47,0.002445065685844251,-0.33439428782780906
300,2,47,0.02282649463274782,-0.3132615464862132
300,3,47,0.02806055988508798,-0.6085827164509986
300,4,47,0.019362387062006332,0.1441024959457611
300,5,47,0.009220440431500476,1.3733906862524259
300,6,47,-0.002860223663430423,1.1272424433442014
300,7,47,-0.025188121593876206,0.3196433542146463
300,8,47,-0.039639769187448826,0.4620866799314516
300,9,47,-0.030614366193920974,0.09414031736929335
300,10,47,-0.020479901496012212,-0.34816067065573375
300,11,47,-0.017339000905538336,-0.34791305007483275
300,12,47,-0.004243048911181244,-0.5294561743246682
300,13,47,0.005477172330803987,-0.45269774844807686
300,14,47,0.000629881952176687,0.19574778012537697
300,15,47,-0.007418400840938895,0.6972204158273809
300,16,47,-0.01591870104690546,0.21584801946844384
300,17,47,-0.009764335160024794,-0.762250026445791
300,18,47,0.024014528901966127,-1.299505102756474
300,19,47,0.039208905174648194,-0.6436477870015479
300,20,47,0.024506502498284514,0.4038697497096315
300,21,47,0.009196161688225884,0.026099968536523466
300,22,47,-0.0035966019801369487,-0.1101378272127315
300,23,47,-0.012961624741640403,0.7401955515101932
300,24,47,-0.03364867756137772,0.5291974749488405
300,25,47,-0.03364867756137776,-0.5291974749488424
300,26,47,-0.012961624741640322,-0.7401955515101896
300,27,47,-0.0035966019801370206,0.11013782721273149
300,28,47,0.009196161688225835,-0.026099968536523147
300,29,47,0.024506502498284594,-0.4038697497096326
300,30,47,0.03920890517464813,0.6436477870015491
300,31,47,0.02401452890196618,1.2995051027564744
300,32,47,-0.009764335160024798,0.7622500264457859
300,33,47,-0.015918701046905376,-0.21584801946844268
300,34,47,-0.007418400840938852,-0.6972204158273799
300,35,47,0.0006298819521766454,-0.19574778012537508
300,36,47,0.0054771723308039335,0.45269774844807736
300,37,47,-0.004243048911181242,0.5294561743246674
300,38,47,-0.01733900090553833,0.34791305007483214
300,39,47,-0.020479901496012285,0.34816067065573586
300,40,47,-0.030614366193921033,-0.09414031736929049
300,41,47,-0.03963976918744887,-0.46208667993145186
300,42,47,-0.025188121593876265,-0.3196433542146484
300,43,47,-0.002860223663430462,-1.1272424433442045
300,44,47,0.00922044043150044,-1.373390686252427
300,45,47,0.01936238706200625,-0.1441024959457618
300,46,47,0.02806055988508794,0.6085827164509999
300,47,47,0.0228264946327478,0.31326154648621374
300,48,47,0.002445065685844217,0.33439428782780667
300,1,48,0.0002857595120621557,-0.6040361344446075
300,2,48,0.028661670287123,-0.07980819393854968
300,3,48,0.024994136592114514,0.18027091046722496
300,4,48,0.0022980684559420917,0.6149228854916345
300,5,48,0.0019270055885005234,0.9606775962280089
300,6,48,0.006471343235188281,1.1349668195012934
300,7,48,-0.019291583967439144,0.25245366452137524
300,8,48,-0.039154063637570506,-0.3138352437003223
300,9,48,-0.03014769900543165,1.183535159940905
300,10,48,-0.02141589414580654,0.5643679580076247
300,11,48,-0.019632863200677756,-1.1169024249115536
300,12,48,-0.020495909446935027,-0.7531187633640868
300,13,48,-0.025727308586403843,-0.41242055640056713
300,14,48,-0.019397076927068446,-0.08081776777072977
300,15,48,0.00021053705426167177,0.1255033285496706
300,16,48,0.004473226897433584,-0.724585697140359
300,17,48,-0.005235200203821882,-1.2857629786684064
300,18,48,-0.0032146986412148,-1.0707265627936873
300,19,48,-0.00038678547937571507,-0.10708844556861408
300,20,48,0.0026126189340334137,1.2288996351709558
300,21,48,0.011877392565626903,1.4535878785140315
300,22,48,0.015659836687491845,1.4522009231034456
300,23,48,0.011872285078661225,1.7346914370012354
300,24,48,-0.0046368090042559675,0.8493784791751453
300,25,48,-0.004636809004255982,-0.8493784791751472
300,26,48,0.011872285078661263,-1.7346914370012345
300,27,48,0.015659836687491817,-1.4522009231034476
300,28,48,0.011877392565626869,-1.4535878785140308
300,29,48,0.002612618934033443,-1.228899635170956
300,30,48,-0.00038678547937575497,0.10708844556861297
300,31,48,-0.003214698641214791,1.070726562793686
300,32,48,-0.005235200203821859,1.285762978668402
300,33,48,0.004473226897433587,0.7245856971403645
300,34,48,0.0002105370542617238,-0.1255033285496669
300,35,48,-0.019397076927068446,0.08081776777073021
300,36,48,-0.0257273085864039,0.4124205564005684
300,37,48,-0.020495909446934978,0.7531187633640887
300,38,48,-0.01963286320067777,1.1169024249115505
300,39,48,-0.02141589414580661,-0.5643679580076262
300,40,48,-0.030147699005431693,-1.1835351599409025
300,41,48,-0.039154063637570555,0.3138352437003197
300,42,48,-0.019291583967439165,-0.25245366452137497
300,43,48,0.006471343235188282,-1.1349668195012943
300,44,48,0.0019270055885004917,-0.9606775962280092
300,45,48,0.0022980684559420882,-0.6149228854916341
300,46,48,0.024994136592114493,-0.1802709104672231
300,47,48,0.028661670287122992,0.07980819393854864
300,48,48,0.0002857595120620846,0.6040361344446058
400,1,1,-0.010887152735271168,0.7238652184663084
400,2,1,-0.02052122224712464,0.5404638200802457
400,3,1,-0.023623091507092363,-0.7504458901763856
400,4,1,-0.008136723340352503,-1.3884350258060625
400,5,1,0.016274161647197232,-0.5147288290005325
400,6,1,0.018291175955516853,0.31877876371498876
400,7,1,-0.003104696804681115,0.29794554134097023
400,8,1,-0.012646959753892614,0.5286143704333057
400,9,1,-0.008269258557420838,0.5739417600461183
400,10,1,-0.010157470234049731,-0.7057039793202711
400,11,1,-0.008713086112709479,-1.2742498141792753
400,12,1,0.008830692947554904,-0.2922142227294069
400,13,1,0.019640725294939473,0.9051485095840696
400,14,1,0.013761984899330828,0.3380989810815389
400,15,1,0.008979644302922571,-0.4654008144062495
400,16,1,0.0023660744306359853,-0.2331199038479338
400,17,1,0.008430593957380593,-0.9492191933528541
400,18,1,0.026185105945795897,-1.1779787541724551
400,19,1,0.024978177383984248,-1.2824265574548077
400,20,1,0.00936069994260255,-1.4427516123418282
400,21,1,-0.0012348516765799723,0.03550728801227809
400,22,1,0.004698467295702947,1.135673051485492
400,23,1,0.026943331222655544,1.3792715546904049
400,24,1,0.048846686721133036,0.8024315697596642
400,25,1,0.04884668672113311,-0.8024315697596672
400,26,1,0.026943331222655468,-1.3792715546904073
400,27,1,0.004698467295702941,-1.1356730514854878
400,28,1,-0.001234851676579973,-0.035507288012275096
400,29,1,0.00936069994260256,1.4427516123418311
400,30,1,0.024978177383984234,1.2824265574548097
400,31,1,0.026185105945795872,1.1779787541724545
400,32,1,0.008430593957380599,0.9492191933528564
400,33,1,0.0023660744306360005,0.23311990384793346
400,34,1,0.008979644302922599,0.46540081440624814
400,35,1,0.01376198489933082,-0.33809898108153924
400,36,1,0.0196407252949394,-0.9051485095840697
400,37,1,0.008830692947554907,0.29221422272940845
400,38,1,-0.008713086112709517,1.2742498141792753
400,39,1,-0.010157470234049708,0.705703979320271
400,40,1,-0.008269258557420812,-0.5739417600461206
400,41,1,-0.01264695975389264,-0.5286143704333063
400,42,1,-0.003104696804681106,-0.2979455413409684
400,43,1,0.018291175955516888,-0.31877876371498715
400,44,1,0.016274161647197187,0.5147288290005338
400,45,1,-0.008136723340352505,1.3884350258060612
400,46,1,-0.023623091507092346,0.7504458901763851
400,47,1,-0.020521222247124646,-0.540463820080244
400,48,1,-0.010887152735271183,-0.7238652184663079
400,1,2,-0.01608547374223293,1.0912449935257675
400,2,2,-0.022855264252930222,-0.021549380165710674
400,3,2,-0.020894931995867103,-0.944191667826475
400,4,2,-0.010080764177344697,-0.8725102280482832
400,5,2,0.01679418904608512,-0.4844054785319068
400,6,2,0.028042237587354597,0.07490679208430696
400,7,2,-0.000414036138726796,0.6903844209483212
400,8,2,-0.020747953835782887,1.2116465410819954
400,9,2,-0.011745419946164,0.5099962973612422
400,10,2,-0.007533355623962948,-1.218696639603526
400,11,2,-0.009736905043629528,-1.24253424469716
400,12,2,0.001181024221204089,0.5608456111993616
400,13,2,0.010221694618319494,0.7942505903669552
400,14,2,0.0021085159062889866,0.44828314611330355
400,15,2,-0.009332243861665167,0.014193844447761988
400,16,2,-0.009367790753482689,-0.9384814555782091
400,17,2,0.013290734243863163,-0.28933512892341906
400,18,2,0.038806338261893905,0.08275811140866818
400,19,2,0.041687578281922565,-0.8192447975605275
400,20,2,0.023198841625381224,-0.8957751107224274
400,21,2,0.007577539381004033,-0.09467954172894014
400,22,2,0.01652048953884982,0.7566791129417051
400,23,2,0.04230671249759188,1.3627187319640928
400,24,2,0.06982887958650605,0.7884138840585508
400,25,2,0.06982887958650617,-0.7884138840585507
400,26,2,0.04230671249759187,-1.3627187319640959
400,27,2,0.01652048953884981,-0.7566791129417016
400,28,2,0.00757753938100407,0.0946795417289422
400,29,2,0.023198841625381203,0.8957751107224288
400,30,2,0.0416875782819226,0.8192447975605285
400,31,2,0.0388063382618939,-0.08275811140867168
400,32,2,0.013290734243863202,0.28933512892341756
400,33,2,-0.009367790753482742,0.9384814555782102
400,34,2,-0.009332243861665127,-0.014193844447760014
400,35,2,0.0021085159062889515,-0.4482831461133036
400,36,2,0.010221694618319472,-0.7942505903669523
400,37,2,0.0011810242212041073,-0.5608456111993586
400,38,2,-0.009736905043629495,1.2425342446971601
400,39,2,-0.007533355623962932,1.2186966396035224
400,40,2,-0.011745419946163977,-0.5099962973612391
400,41,2,-0.020747953835782845,-1.2116465410819954
400,42,2,-0.0004140361387268255,-0.6903844209483224
400,43,2,0.02804223758735464,-0.07490679208430732
400,44,2,0.016794189046085133,0.48440547853190835
400,45,2,-0.010080764177344707,0.872510228048283
400,46,2,-0.020894931995867092,0.9441916678264736
400,47,2,-0.02285526425293012,0.021549380165708676
400,48,2,-0.016085473742232945,-1.091244993525768
400,1,3,-0.011442752221166289,0.31341230386676244
400,2,3,-0.003995084125748548,-0.6599613988941694
400,3,3,-0.003474182346594369,0.10708897967296627
400,4,3,-0.013519459837394767,0.4472532582278395
400,5,3,0.003941411523514124,-0.9050210655196433
400,6,3,0.026264383743092208,-0.4913908054181214
400,7,3,0.0029189989449439338,1.078055456408891
400,8,3,-0.02100072838047841,0.9934959981125238
400,9,3,-0.006344513704729567,-0.2725988541981826
400,10,3,0.005355061498340008,-0.837835342494955
400,11,3,-0.005938833865942244,-0.20600103102586087
400,12,3,-0.012278748849525994,0.7976694816886456
400,13,3,-0.012918272665861905,0.310350392076976
400,14,3,-0.019839308664320616,0.03920882994000208
400,15,3,-0.023065663721930106,-0.12416711406082381
400,16,3,-0.01591949080405985,-1.1475947346009376
400,17,3,0.009270887710390996,-0.2931651228130452
400,18,3,0.03617304077165124,0.7585270751422695
400,19,3,0.044941213444272786,0.800037371789145
400,20,3,0.03430425134759461,0.7048026127841033
400,21,3,0.0267571272612492,-0.17856517311375925
400,22,3,0.03602216579562453,-1.0735602950635517
400,23,3,0.04963481501791036,-1.136857419266903
400,24,3,0.06813256657084635,-0.4838690347800831
400,25,3,0.0681325665708463,0.48386903478008214
400,26,3,0.049634815017910394,1.1368574192669016
400,27,3,0.03602216579562449,1.073560295063552
400,28,3,0.026757127261249302,0.17856517311376008
400,29,3,0.03430425134759452,-0.7048026127841045
400,30,3,0.04494121344427285,-0.8000373717891428
400,31,3,0.03617304077165122,-0.7585270751422701
400,32,3,0.009270887710391033,0.2931651228130455
400,33,3,-0.015919490804059917,1.1475947346009379
400,34,3,-0.023065663721930068,0.12416711406082381
400,35,3,-0.019839308664320578,-0.03920882994000541
400,36,3,-0.012918272665861878,-0.31035039207697646
400,37,3,-0.012278748849525952,-0.7976694816886442
400,38,3,-0.00593883386594227,0.20600103102585765
400,39,3,0.005355061498340067,0.8378353424949537
400,40,3,-0.006344513704729497,0.27259885419818547
400,41,3,-0.021000728380478464,-0.9934959981125231
400,42,3,0.0029189989449438514,-1.0780554564088909
400,43,3,0.02626438374309226,0.4913908054181198
400,44,3,0.003941411523514158,0.9050210655196455
400,45,3,-0.013519459837394807,-0.4472532582278392
400,46,3,-0.0034741823465943575,-0.10708897967296349
400,47,3,-0.003995084125748498,0.659961398894169
400,48,3,-0.011442752221166221,-0.3134123038667652
400,1,4,-0.003161797318528581,-0.5198082401344689
400,2,4,0.011144042532957385,-0.5472486174839666
400,3,4,0.00844062897335332,0.7554102517574701
400,4,4,-0.009938894121250213,0.7628315995663706
400,5,4,-0.005999359868368156,-0.7658818437063338
400,6,4,0.01302048972964936,-0.4475458925594236
400,7,4,0.001346778315966588,0.644493541316572
400,8,4,-0.012926799633912281,-0.03937778600878161
400,9,4,0.0043058399027834605,-0.8096938562651366
400,10,4,0.0201524757009666,0.06513890399386629
400,11,4,0.0038877204648935593,1.081863259710645
400,12,4,-0.01586280178127486,0.38609983597367836
400,13,4,-0.023891056861651425,-0.20182538138963824
400,14,4,-0.027415759456553074,-0.5625066875557266
400,15,4,-0.01318200070501481,-1.0620461010133333
400,16,4,0.0009860142332622024,-1.0284227314337984
400,17,4,0.015079448678891058,-1.4022553288129433
400,18,4,0.0326193145158009,-0.301107615260179
400,19,4,0.03782668711457654,1.5747644730861141
400,20,4,0.0347759132875927,1.2717243021913416
400,21,4,0.036783907059892214,-0.4121252439543746
400,22,4,0.0416805185349105,-2.5771936789628644
400,23,4,0.04290217545090478,-3.389600315083026
400,24,4,0.05122681699035666,-1.4873920774536966
400,25,4,0.05122681699035675,1.4873920774536964
400,26,4,0.042902175450904814,3.389600315083025
400,27,4,0.04168051853491052,2.577193678962866
400,28,4,0.03678390705989225,0.41212524395437145
400,29,4,0.034775913287592726,-1.2717243021913427
400,30,4,0.03782668711457653,-1.5747644730861143
400,31,4,0.032619314515800836,0.3011076152601778
400,32,4,0.015079448678891116,1.4022553288129458
400,33,4,0.0009860142332621885,1.0284227314338004
400,34,4,-0.013182000705014824,1.0620461010133329
400,35,4,-0.02741575945655306,0.5625066875557275
400,36,4,-0.02389105686165138,0.20182538138964018
400,37,4,-0.0158628017812748,-0.3860998359736791
400,38,4,0.003887720464893576,-1.081863259710648
400,39,4,0.02015247570096663,-0.06513890399386546
400,40,4,0.004305839902783564,0.8096938562651391
400,41,4,-0.012926799633912234,0.039377786008783944
400,42,4,0.0013467783159665477,-0.6444935413165698
400,43,4,0.013020489729649356,0.44754589255942423
400,44,4,-0.005999359868368092,0.7658818437063335
400,45,4,-0.00993889412125024,-0.7628315995663706
400,46,4,0.008440628973353285,-0.7554102517574685
400,47,4,0.011144042532957399,0.5472486174839664
400,48,4,-0.0031617973185286254,0.5198082401344699
400,1,5,-0.002896461396087091,-0.09271051919264173
400,2,5,0.006672902349752626,-0.12935266105658905
400,3,5,0.006863059574936808,-0.13387334190257183
400,4,5,0.0022026282314882065,0.0973101681043953
400,5,5,-0.004382246180355057,0.49411222939513205
400,6,5,-0.0060676114164412084,0.38621641509629384
400,7,5,-0.0076840123964959746,-0.33864859581749324
400,8,5,-0.007118243818034755,-0.8816625615571595
400,9,5,0.0015103163221042856,-0.6057712095981584
400,10,5,0.012180463279759728,0.7706927270064308
400,11,5,-0.00016737737707143725,1.7358814297933698
400,12,5,-0.026934187585020752,0.593422133200113
400,13,5,-0.035537633720201744,-0.5807924300204964
400,14,5,-0.021419561125793084,-0.22649329103885313
400,15,5,0.005608317147909254,-0.5207350593731852
400,16,5,0.022476494289902463,-1.3355909591615283
400,17,5,0.022260765797225596,-1.5831608963108355
400,18,5,0.012907486284734615,-0.7249468570398235
400,19,5,0.008621899259431912,0.8918125134260003
400,20,5,0.012526263435288756,1.2521057652222833
400,21,5,0.02002715004107754,-0.015756157098118284
400,22,5,0.02808220492840604,-1.8932156330058816
400,23,5,0.028399599546689535,-2.4060450263813786
400,24,5,0.02846802871815758,-0.9783752790937894
400,25,5,0.028468028718157637,0.978375279093789
400,26,5,0.028399599546689556,2.4060450263813777
400,27,5,0.028082204928406056,1.8932156330058825
400,28,5,0.020027150041077618,0.01575615709811562
400,29,5,0.012526263435288771,-1.2521057652222818
400,30,5,0.008621899259432002,-0.8918125134259978
400,31,5,0.012907486284734607,0.7249468570398204
400,32,5,0.022260765797225652,1.5831608963108352
400,33,5,0.022476494289902456,1.3355909591615274
400,34,5,0.005608317147909245,0.5207350593731856
400,35,5,-0.02141956112579305,0.22649329103885063
400,36,5,-0.03553763372020177,0.5807924300204962
400,37,5,-0.026934187585020714,-0.5934221332001118
400,38,5,-0.00016737737707146153,-1.735881429793369
400,39,5,0.012180463279759753,-0.7706927270064332
400,40,5,0.0015103163221042814,0.6057712095981568
400,41,5,-0.007118243818034698,0.8816625615571629
400,42,5,-0.007684012396496003,0.3386485958174947
400,43,5,-0.006067611416441206,-0.38621641509629634
400,44,5,-0.004382246180355061,-0.49411222939513344
400,45,5,0.0022026282314882278,-0.09731016810439694
400,46,5,0.006863059574936832,0.1338733419025703
400,47,5,0.006672902349752623,0.12935266105658802
400,48,5,-0.0028964613960870906,0.09271051919264217
400,1,6,-0.00537322664779718,0.560633213893009
400,2,6,-0.000813072199375469,0.1672728661400954
400,3,6,0.0027768947402805055,-0.7214646183900444
400,4,6,0.010482186204605184,-0.41019320736022313
400,5,6,0.006341053756533356,0.7571412985270806
400,6,6,-0.004284524223138219,1.0663678939776062
400,7,6,-0.008279284784329252,-0.13459119154756238
400,8,6,-0.0046763803569978505,-1.1383430962012628
400,9,6,-0.0010593081915464984,-0.49461523536719415
400,10,6,0.0013397381506009345,1.389436137885347
400,11,6,-0.012770034794328568,1.4692060849639992
400,12,6,-0.04070053690930351,-0.05681046335983175
400,13,6,-0.04529732833740833,-1.0037532834438503
400,14,6,-0.019292366683891615,0.15579694581297593
400,15,6,0.007387005674029701,0.8291586320278903
400,16,6,0.021516882375421414,-0.27054900406033244
400,17,6,0.019773592609694114,-0.20687790183389848
400,18,6,-0.0015022528731788711,-0.4222455623470852
400,19,6,-0.014395100035288889,-0.34840260315888744
400,20,6,-0.01534604909746606,0.7334479348941176
400,21,6,-0.015210659267550906,0.5736206258444079
400,22,6,-0.005861086760271304,0.19528587258300534
400,23,6,0.0036663442891066147,0.26731996514689005
400,24,6,0.006410398077035985,0.11022629071351764
400,25,6,0.006410398077035941,-0.11022629071351903
400,26,6,0.0036663442891067422,-0.2673199651468885
400,27,6,-0.005861086760271299,-0.195285872583005
400,28,6,-0.01521065926755085,-0.5736206258444071
400,29,6,-0.015346049097466053,-0.7334479348941142
400,30,6,-0.01439510003528882,0.3484026031588886
400,31,6,-0.0015022528731788677,0.42224556234708754
400,32,6,0.019773592609694187,0.20687790183389798
400,33,6,0.021516882375421393,0.2705490040603307
400,34,6,0.007387005674029675,-0.8291586320278861
400,35,6,-0.019292366683891626,-0.15579694581297715
400,36,6,-0.04529732833740832,1.0037532834438483
400,37,6,-0.04070053690930349,0.05681046335983064
400,38,6,-0.012770034794328556,-1.469206084963999
400,39,6,0.0013397381506010122,-1.38943613788535
400,40,6,-0.0010593081915464637,0.4946152353671945
400,41,6,-0.004676380356997801,1.138343096201269
400,42,6,-0.00827928478432922,0.13459119154755922
400,43,6,-0.00428452422313826,-1.0663678939776096
400,44,6,0.006341053756533365,-0.7571412985270758
400,45,6,0.010482186204605224,0.4101932073602249
400,46,6,0.002776894740280529,0.7214646183900406
400,47,6,-0.0008130721993754985,-0.16727286614009418
400,48,6,-0.005373226647797227,-0.5606332138930094
400,1,7,-0.0042748989594269165,0.30305135619352047
400,2,7,0.0007479756257126862,0.17171808901944136
400,3,7,0.0015490462384473826,-0.6114626191413155
400,4,7,0.010216294371787206,-0.5685814084732921
400,5,7,0.016936336717924064,-0.16094198653249264
400,6,7,0.013579180154021273,0.8124904970476328
400,7,7,0.0007539928660625994,1.0037171086865158
400,8,7,-0.004936986081958621,-0.5700017266727496
400,9,7,0.0014217593020723444,-0.974829795617721
400,10,7,0.005582043698518736,1.1167662261754845
400,11,7,-0.010935156669553397,1.4333719085255654
400,12,7,-0.03548263475340949,-0.9023190995956424
400,13,7,-0.036911724157817155,-1.3993935558095458
400,14,7,-0.01632219165684714,-0.6296682399943226
400,15,7,0.0010970418124828826,0.0764681774802597
400,16,7,0.0044457982208646815,1.0841612097269087
400,17,7,0.005032994503359726,0.8257783829599359
400,18,7,-0.0024718465894745406,-0.13417889276354272
400,19,7,-0.01867572888170777,-0.3684838717099779
400,20,7,-0.02900997082426953,-0.20865124909347654
400,21,7,-0.037242586788701126,0.5932471298123664
400,22,7,-0.03767573252897854,1.9719323842576717
400,23,7,-0.02480516519455344,2.0568649949243825
400,24,7,-0.017192626158008744,0.741701191817109
400,25,7,-0.01719262615800874,-0.7417011918171108
400,26,7,-0.02480516519455344,-2.0568649949243847
400,27,7,-0.037675732528978496,-1.971932384257673
400,28,7,-0.037242586788701085,-0.5932471298123642
400,29,7,-0.029009970824269475,0.20865124909347849
400,30,7,-0.018675728881707734,0.368483871709976
400,31,7,-0.0024718465894745553,0.13417889276354217
400,32,7,0.005032994503359763,-0.8257783829599337
400,33,7,0.004445798220864692,-1.0841612097269087
400,34,7,0.001097041812482837,-0.07646817748025932
400,35,7,-0.01632219165684711,0.629668239994322
400,36,7,-0.03691172415781715,1.3993935558095452
400,37,7,-0.035482634753409494,0.9023190995956395
400,38,7,-0.01093515666955332,-1.4333719085255643
400,39,7,0.005582043698518764,-1.1167662261754874
400,40,7,0.001421759302072374,0.9748297956177194
400,41,7,-0.004936986081958548,0.5700017266727535
400,42,7,0.0007539928660625665,-1.0037171086865155
400,43,7,0.013579180154021264,-0.812490497047634
400,44,7,0.016936336717924123,0.16094198653249592
400,45,7,0.010216294371787267,0.5685814084732917
400,46,7,0.0015490462384474247,0.61146261914131
400,47,7,0.0007479756257126532,-0.171718089019437
400,48,7,-0.004274898959426906,-0.30305135619351686
400,1,8,0.0004583153118773264,-0.25492910974770283
400,2,8,0.002384367450060024,0.16107331715762185
400,3,8,-0.0016011623408796844,-0.2830017448786559
400,4,8,0.0074139437641791575,-0.6388239540157584
400,5,8,0.02040322357646172,-0.5320978006590363
400,6,8,0.020007880685264105,0.18735160169981116
400,7,8,0.007722447335249176,1.3351580581417881
400,8,8,-0.0022072664027941165,0.5109588447410319
400,9,8,0.00242587955080503,-1.1125320445218452
400,10,8,0.013932271196801195,-0.20703098087367
400,11,8,0.009438685493426309,1.5452442777700446
400,12,8,-0.009477378388963818,0.4827198460397748
400,13,8,-0.011324823882474284,-1.1265680692948676
400,14,8,0.005794124693520692,-1.6333477300612367
400,15,8,0.013669643817181111,-1.0401435288042367
400,16,8,0.007933923160352272,0.7768525830656913
400,17,8,0.011180396618741067,0.9316348808310556
400,18,8,0.010276984265799368,0.4318465123794141
400,19,8,-0.012556918364060197,0.007506243930501699
400,20,8,-0.025938704517364655,-0.8362937900399068
400,21,8,-0.03530089237287901,0.2263487143375701
400,22,8,-0.049796273858802635,2.0790750346930436
400,23,8,-0.05355431365344622,2.051751493031863
400,24,8,-0.06224169084973875,0.7320106073516083
400,25,8,-0.06224169084973878,-0.7320106073516115
400,26,8,-0.05355431365344619,-2.051751493031861
400,27,8,-0.0497962738588026,-2.0790750346930453
400,28,8,-0.035300892372879,-0.22634871433756876
400,29,8,-0.025938704517364547,0.8362937900399092
400,30,8,-0.012556918364060156,-0.007506243930504974
400,31,8,0.01027698426579943,-0.43184651237941346
400,32,8,0.011180396618741106,-0.9316348808310554
400,33,8,0.007933923160352246,-0.7768525830656927
400,34,8,0.013669643817181103,1.0401435288042404
400,35,8,0.005794124693520689,1.6333477300612356
400,36,8,-0.011324823882474234,1.1265680692948645
400,37,8,-0.009477378388963757,-0.4827198460397746
400,38,8,0.009438685493426373,-1.5452442777700433
400,39,8,0.013932271196801273,0.20703098087366983
400,40,8,0.002425879550805104,1.1125320445218458
400,41,8,-0.00220726640279405,-0.5109588447410274
400,42,8,0.007722447335249209,-1.3351580581417877
400,43,8,0.020007880685264115,-0.18735160169981288
400,44,8,0.02040322357646176,0.5320978006590383
400,45,8,0.007413943764179137,0.6388239540157579
400,46,8,-0.0016011623408796784,0.2830017448786526
400,47,8,0.0023843674500600496,-0.1610733171576188
400,48,8,0.00045831531187732425,0.2549291097477028
400,1,9,0.004294893304719964,-0.23791719165622405
400,2,9,-0.010366597444652872,0.4310661930134934
400,3,9,-0.014047341879699225,0.39398831374817045
400,4,9,0.0006350444168425383,-0.6181084959872516
400,5,9,0.013981892482017035,-0.6165197233155286
400,6,9,0.009641541430119272,-0.091982617832158
400,7,9,0.003371708994701233,0.7996276411732287
400,8,9,-0.000976443755663233,0.5727386546883231
400,9,9,0.00013514411135856171,-1.020207168449244
400,10,9,0.006005198063451396,-0.7496236686577857
400,11,9,0.009519119431151142,1.1036414373406847
400,12,9,0.0044511946419675255,1.7802984887932478
400,13,9,0.008660004695728843,-0.35022578776709923
400,14,9,0.026549107572106035,-1.7074033363301566
400,15,9,0.03040103812286733,-0.47312946335289396
400,16,9,0.02705506098899833,0.5199822983949529
400,17,9,0.03189069886272446,1.2712848831319512
400,18,9,0.023380620521666538,0.935669445675914
400,19,9,-0.0015597686136042,-0.22875508091629543
400,20,9,-0.01080579227572214,-0.4156917486735876
400,21,9,-0.020871461504153817,0.05759281559387397
400,22,9,-0.044351177962982595,0.8889491090512647
400,23,9,-0.06904832458114352,1.0879086066637629
400,24,9,-0.1008690718498541,0.3826791738253041
400,25,9,-0.10086907184985414,-0.3826791738253045
400,26,9,-0.06904832458114346,-1.087908606663761
400,27,9,-0.04435117796298259,-0.8889491090512678
400,28,9,-0.02087146150415383,-0.05759281559387319
400,29,9,-0.010805792275722016,0.4156917486735891
400,30,9,-0.0015597686136041983,0.2287550809162915
400,31,9,0.023380620521666583,-0.9356694456759117
400,32,9,0.031890698862724456,-1.271284883131948
400,33,9,0.027055060988998327,-0.5199822983949501
400,34,9,0.030401038122867298,0.47312946335289385
400,35,9,0.02654910757210599,1.707403336330156
400,36,9,0.008660004695728907,0.35022578776709545
400,37,9,0.004451194641967518,-1.780298488793247
400,38,9,0.009519119431151106,-1.103641437340688
400,39,9,0.006005198063451423,0.7496236686577802
400,40,9,0.0001351441113586014,1.0202071684492466
400,41,9,-0.0009764437556632111,-0.5727386546883201
400,42,9,0.0033717089947012465,-0.7996276411732268
400,43,9,0.009641541430119261,0.0919826178321588
400,44,9,0.013981892482016992,0.6165197233155306
400,45,9,0.0006350444168425531,0.618108495987249
400,46,9,-0.014047341879699209,-0.39398831374817184
400,47,9,-0.01036659744465283,-0.43106619301348914
400,48,9,0.004294893304719955,0.237917191656228
400,1,10,0.0015725976583537624,0.4838799317581654
400,2,10,-0.037069466114016604,0.934851345808392
400,3,10,-0.03463955936484328,0.33234558144511733
400,4,10,-0.005611794479483316,-1.1802999398191323
400,5,10,0.010642315102752695,-1.0277459203887853
400,6,10,0.0018826937812723055,0.22825693560534105
400,7,10,-0.0012510989679231548,0.6207257341386154
400,8,10,0.0010021807023275296,-0.20510900794404605
400,9,10,-0.0019499055605085684,-0.8516079263321639
400,10,10,-0.015168417522428665,-0.30598789056802567
400,11,10,-0.02098632541369658,0.3106524214252301
400,12,10,-0.009471737805292438,0.27606736695683604
400,13,10,0.011484405727993694,-0.3844991450141946
400,14,10,0.031294893878366405,-1.1793103830279665
400,15,10,0.04338373751761817,-0.39236176523230176
400,16,10,0.045382058573237974,0.9099060864146746
400,17,10,0.035441638127288455,1.6834455381252844
400,18,10,0.023443367463552647,1.0095357393747348
400,19,10,0.013535823494692633,0.32448653317191545
400,20,10,0.01028443313869629,0.5878246132938428
400,21,10,-0.0025494105973132355,-0.017587299733523937
400,22,10,-0.028982656175133622,0.1387262211465085
400,23,10,-0.05977688733341978,0.594388122078465
400,24,10,-0.0939739509584723,0.16248408550125604
400,25,10,-0.0939739509584723,-0.162484085501256
400,26,10,-0.059776887333419876,-0.5943881220784659
400,27,10,-0.028982656175133594,-0.1387262211465088
400,28,10,-0.0025494105973133258,0.017587299733522715
400,29,10,0.01028443313869642,-0.587824613293844
400,30,10,0.013535823494692626,-0.32448653317191745
400,31,10,0.023443367463552755,-1.0095357393747357
400,32,10,0.03544163812728852,-1.6834455381252862
400,33,10,0.04538205857323803,-0.909906086414672
400,34,10,0.043383737517618176,0.3923617652323042
400,35,10,0.03129489387836639,1.179310383027966
400,36,10,0.01148440572799372,0.3844991450141917
400,37,10,-0.009471737805292448,-0.27606736695683365
400,38,10,-0.020986325413696612,-0.3106524214252311
400,39,10,-0.01516841752242868,0.30598789056802356
400,40,10,-0.0019499055605084839,0.8516079263321633
400,41,10,0.0010021807023275747,0.20510900794404519
400,42,10,-0.0012510989679231583,-0.6207257341386127
400,43,10,0.0018826937812723096,-0.2282569356053376
400,44,10,0.01064231510275266,1.0277459203887824
400,45,10,-0.005611794479483371,1.1802999398191298
400,46,10,-0.034639559364843246,-0.3323455814451172
400,47,10,-0.03706946611401661,-0.9348513458083912
400,48,10,0.0015725976583537346,-0.48387993175816363
400,1,11,-0.002670058171200364,0.8037573907985855
400,2,11,-0.05084818619668794,0.8168793970315886
400,3,11,-0.038327463472880824,-0.24679843774903149
400,4,11,-0.0014729066117581298,-1.6866676264700318
400,5,11,0.012957661805780202,-1.261146821033478
400,6,11,0.0056177760505123405,0.45802639768966125
400,7,11,0.007554860650915007,1.0574222783853249
400,8,11,0.007633139101560916,-0.005874272344364412
400,9,11,-0.0010758450019311065,0.22736990437485582
400,10,11,-0.020454209002479143,0.4057048474042032
400,11,11,-0.035966724027983704,-0.4588763293390209
400,12,11,-0.027822547312633953,-1.5270707755500876
400,13,11,0.005252413634714622,-1.649215705132797
400,14,11,0.0348172319424919,-1.677735532062771
400,15,11,0.05253401687655959,-1.2150012698763915
400,16,11,0.054348931653318056,0.7571016983831603
400,17,11,0.03816165088996951,1.5359602854280683
400,18,11,0.03367570619542696,1.2402156809398246
400,19,11,0.03356337081749012,1.3624762861774857
400,20,11,0.02748250758408975,0.9000930392099131
400,21,11,0.012549123338959044,0.024176194567796516
400,22,11,-0.009738352456235904,0.32330332114287835
400,23,11,-0.03131234468566369,0.5384321540817487
400,24,11,-0.04959704329146316,0.09869730286747222
400,25,11,-0.04959704329146321,-0.09869730286747086
400,26,11,-0.03131234468566367,-0.5384321540817492
400,27,11,-0.009738352456235836,-0.32330332114287924
400,28,11,0.012549123338959033,-0.02417619456779907
400,29,11,0.027482507584089825,-0.9000930392099146
400,30,11,0.0335633708174901,-1.362476286177484
400,31,11,0.033675706195427015,-1.2402156809398222
400,32,11,0.03816165088996959,-1.5359602854280678
400,33,11,0.05434893165331812,-0.7571016983831607
400,34,11,0.05253401687655958,1.2150012698763903
400,35,11,0.03481723194249185,1.6777355320627738
400,36,11,0.005252413634714671,1.6492157051327974
400,37,11,-0.027822547312633963,1.5270707755500843
400,38,11,-0.03596672402798374,0.45887632933902067
400,39,11,-0.020454209002479115,-0.40570484740420387
400,40,11,-0.0010758450019310863,-0.22736990437485385
400,41,11,0.007633139101560921,0.005874272344363173
400,42,11,0.007554860650914983,-1.0574222783853247
400,43,11,0.005617776050512342,-0.45802639768965986
400,44,11,0.01295766180578016,1.2611468210334762
400,45,11,-0.0014729066117581575,1.6866676264700307
400,46,11,-0.03832746347288084,0.24679843774902982
400,47,11,-0.05084818619668795,-0.8168793970315902
400,48,11,-0.002670058171200378,-0.8037573907985861
400,1,12,-0.0034398069684560897,0.12943596934020452
400,2,12,-0.032981482031763334,-0.330109198451166
400,3,12,-0.012304433732796475,-0.14634954249466248
400,4,12,0.009152542096116077,-0.6173490532955765
400,5,12,0.010400101386885366,-0.8065235023400107
400,6,12,0.008199143347639992,-0.27734032844332385
400,7,12,0.013168517926357953,1.0115239224482078
400,8,12,0.00034068095124724644,1.073198925028174
400,9,12,-0.009300021759425663,0.9030249795498564
400,10,12,-0.014644184699236756,1.0414281542981167
400,11,12,-0.02899469140838585,0.03644323727983356
400,12,12,-0.03133019078070644,-0.8630027402265735
400,13,12,0.007307136769902996,-1.9970315972528674
400,14,12,0.04854488513515491,-2.618527530229203
400,15,12,0.05143741908532891,-1.6594797923209212
400,16,12,0.03642266406255231,-0.8293031570780873
400,17,12,0.02425704418518993,0.240580628619532
400,18,12,0.028572483839474805,1.6932669860869094
400,19,12,0.03844312105391203,1.7862397592168497
400,20,12,0.03693586231640548,0.8073382738870485
400,21,12,0.01981768072722408,0.3011492418042637
400,22,12,0.0037123424952128486,0.33932199566041
400,23,12,0.0008612040075862432,0.2630322975324796
400,24,12,0.005923854629521913,0.07540303929845643
400,25,12,0.005923854629521984,-0.07540303929845586
400,26,12,0.0008612040075861348,-0.2630322975324816
400,27,12,0.0037123424952129392,-0.33932199566040755
400,28,12,0.019817680727224125,-0.30114924180426617
400,29,12,0.0369358623164056,-0.8073382738870479
400,30,12,0.03844312105391196,-1.7862397592168509
400,31,12,0.02857248383947486,-1.6932669860869112
400,32,12,0.024257044185189952,-0.24058062861953022
400,33,12,0.03642266406255238,0.8293031570780875
400,34,12,0.05143741908532894,1.6594797923209197
400,35,12,0.04854488513515484,2.618527530229202
400,36,12,0.0073071367699030585,1.9970315972528667
400,37,12,-0.0313301907807065,0.8630027402265728
400,38,12,-0.02899469140838594,-0.03644323727983351
400,39,12,-0.014644184699236697,-1.0414281542981194
400,40,12,-0.009300021759425613,-0.9030249795498513
400,41,12,0.0003406809512472331,-1.0731989250281748
400,42,12,0.013168517926358004,-1.011523922448206
400,43,12,0.00819914334763999,0.2773403284433269
400,44,12,0.010400101386885314,0.8065235023400068
400,45,12,0.0091525420961161,0.6173490532955751
400,46,12,-0.012304433732796403,0.146349542494664
400,47,12,-0.032981482031763355,0.33010919845116626
400,48,12,-0.0034398069684560993,-0.12943596934020463
400,1,13,-0.0039037946178347082,-0.37417382686309714
400,2,13,-0.010030341855071075,-0.8936948364074068
400,3,13,0.00947306446445253,-0.017168470483977682
400,4,13,0.01477776626624812,0.5782337779630019
400,5,13,0.008568041161907833,0.13444405378123833
400,6,13,0.0022812182351778674,-0.5488681575822499
400,7,13,0.0010955379623895697,0.2363778993800315
400,8,13,-0.015937130000918925,1.2791809093297357
400,9,13,-0.023235673172845396,0.4735031533892379
400,10,13,-0.016099768257073405,0.013259353357986642
400,11,13,-0.02488413749487127,0.4548828902503935
400,12,13,-0.03316264156284627,0.5332510850399919
400,13,13,0.004723193810880423,-0.1432446996509147
400,14,13,0.04664043480822451,-0.8630587302068038
400,15,13,0.03745521963037974,-0.9174446374199476
400,16,13,0.011973764173140649,-1.9564696280210638
400,17,13,-0.0015281328500021483,-1.5590311708067648
400,18,13,-0.0003906207786821079,0.2737313082301784
400,19,13,0.01322892684285136,0.8892539460382448
400,20,13,0.016813771561917802,1.0361325071467478
400,21,13,0.0048577576070489015,0.8017946022201985
400,22,13,0.0006940792167226704,-0.18349655081642724
400,23,13,0.007367973279689225,-0.7803388318512665
400,24,13,0.01942878448705611,-0.3789320502026935
400,25,13,0.019428784487056112,0.3789320502026949
400,26,13,0.007367973279689179,0.7803388318512656
400,27,13,0.0006940792167226687,0.18349655081642438
400,28,13,0.004857757607048922,-0.8017946022202008
400,29,13,0.016813771561917823,-1.0361325071467447
400,30,13,0.01322892684285139,-0.8892539460382425
400,31,13,-0.00039062077868203676,-0.27373130823017994
400,32,13,-0.0015281328500021032,1.559031170806768
400,33,13,0.011973764173140694,1.9564696280210634
400,34,13,0.037455219630379746,0.9174446374199439
400,35,13,0.04664043480822447,0.8630587302068067
400,36,13,0.004723193810880484,0.1432446996509158
400,37,13,-0.03316264156284628,-0.5332510850399921
400,38,13,-0.024884137494871263,-0.4548828902503911
400,39,13,-0.01609976825707337,-0.013259353357986864
400,40,13,-0.023235673172845372,-0.4735031533892414
400,41,13,-0.015937130000918884,-1.279180909329737
400,42,13,0.0010955379623895888,-0.23637789938002657
400,43,13,0.0022812182351778856,0.5488681575822487
400,44,13,0.00856804116190785,-0.1344440537812425
400,45,13,0.014777766266248153,-0.5782337779630011
400,46,13,0.00947306446445261,0.017168470483979847
400,47,13,-0.010030341855071047,0.8936948364074051
400,48,13,-0.003903794617834722,0.3741738268630942
400,1,14,-0.00641198727789068,0.012597768493050443
400,2,14,-0.009430012433746048,-0.43700679419656113
400,3,14,0.005760214919440464,-0.5934631546135346
400,4,14,0.013312874341489407,0.4075833875969382
400,5,14,0.010651819562445167,0.8715897795804464
400,6,14,-0.005500133471051025,0.3087773068281427
400,7,14,-0.017798673071558937,-0.036297306686520314
400,8,14,-0.021049067142192058,0.2828358980013326
400,9,14,-0.014686534360734098,0.1956663457633177
400,10,14,-0.004913270493273045,-1.4366820222527548
400,11,14,-0.006478823192401883,-0.8549102826773775
400,12,14,-0.019994687617148104,0.8791979379588385
400,13,14,-0.008371496972336114,1.7261552346527254
400,14,14,0.009136322689058743,1.6927285941798758
400,15,14,0.0003999387340376079,0.6985294654088636
400,16,14,-0.014369729071599419,-0.4545102545703986
400,17,14,-0.025713490298041968,-1.94032558229569
400,18,14,-0.026529803002664384,-2.2262680536558435
400,19,14,-0.018112793342925596,-0.48463369024709135
400,20,14,-0.016932250551725016,1.1930721976457899
400,21,14,-0.015287738203136572,1.2991981503296426
400,22,14,-0.006128975089307753,-0.1212950206671076
400,23,14,-0.0025915842770553666,-1.4406144324054047
400,24,14,0.001571564293605894,-0.8531922503422922
400,25,14,0.0015715642936060007,0.8531922503422925
400,26,14,-0.0025915842770554984,1.440614432405403
400,27,14,-0.006128975089307679,0.12129502066710632
400,28,14,-0.015287738203136536,-1.2991981503296453
400,29,14,-0.016932250551724943,-1.193072197645787
400,30,14,-0.01811279334292555,0.48463369024709146
400,31,14,-0.02652980300266429,2.2262680536558412
400,32,14,-0.02571349029804192,1.9403255822956875
400,33,14,-0.014369729071599356,0.45451025457040284
400,34,14,0.000399938734037689,-0.6985294654088644
400,35,14,0.009136322689058713,-1.6927285941798762
400,36,14,-0.008371496972336141,-1.7261552346527265
400,37,14,-0.019994687617148142,-0.8791979379588378
400,38,14,-0.006478823192401908,0.8549102826773822
400,39,14,-0.0049132704932730465,1.436682022252751
400,40,14,-0.014686534360734114,-0.19566634576331726
400,41,14,-0.02104906714219207,-0.2828358980013345
400,42,14,-0.01779867307155892,0.03629730668652453
400,43,14,-0.0055001334710511,-0.30877730682814225
400,44,14,0.010651819562445116,-0.8715897795804513
400,45,14,0.013312874341489403,-0.40758338759693963
400,46,14,0.005760214919440487,0.5934631546135376
400,47,14,-0.00943001243374603,0.437006794196557
400,48,14,-0.00641198727789068,-0.012597768493051872
400,1,15,-0.00800770780892227,0.6347534632023716
400,2,15,-0.018811365294109053,-0.16335676029936919
400,3,15,-0.003517236975662719,-1.2314872608199883
400,4,15,0.01105001450496428,-0.36838556793203747
400,5,15,0.009368300525919122,0.9159790568738869
400,6,15,-0.00944542684685494,0.3926064945702079
400,7,15,-0.02451270681339392,-0.23176331012269058
400,8,15,-0.020037115059231277,-0.2749552817390012
400,9,15,0.003494096560469268,-0.22406563775044758
400,10,15,0.021114153649004087,-1.1713623961768271
400,11,15,0.029247975334338653,-1.2475146625816245
400,12,15,0.01950791665164857,1.0295978387100515
400,13,15,0.00044221891478289903,2.3846294139503357
400,14,15,-0.012412642884534995,2.155128001864713
400,15,15,-0.02166157977599798,1.8639915489402301
400,16,15,-0.030121701841561464,1.1932536568910912
400,17,15,-0.03913162701680589,-1.3388466172508793
400,18,15,-0.034429077006150485,-2.5618116830666127
400,19,15,-0.021695802134189625,-1.0617114737666578
400,20,15,-0.01702187566183485,0.03847806547833599
400,21,15,-0.013678562254078847,0.5278876249412946
400,22,15,-0.010932696851905102,0.4052639483284324
400,23,15,-0.009729916575329983,-0.1746212399345168
400,24,15,-0.005045436426833981,-0.16332850156510972
400,25,15,-0.005045436426833951,0.16332850156511042
400,26,15,-0.009729916575330056,0.17462123993451467
400,27,15,-0.010932696851905064,-0.40526394832843576
400,28,15,-0.013678562254078796,-0.527887624941294
400,29,15,-0.017021875661834815,-0.03847806547833521
400,30,15,-0.021695802134189576,1.0617114737666593
400,31,15,-0.03442907700615046,2.5618116830666118
400,32,15,-0.03913162701680587,1.338846617250876
400,33,15,-0.030121701841561398,-1.193253656891092
400,34,15,-0.02166157977599792,-1.8639915489402294
400,35,15,-0.012412642884535013,-2.155128001864707
400,36,15,0.00044221891478292766,-2.384629413950336
400,37,15,0.01950791665164856,-1.0295978387100502
400,38,15,0.029247975334338646,1.2475146625816267
400,39,15,0.021114153649004107,1.1713623961768227
400,40,15,0.0034940965604693002,0.22406563775045013
400,41,15,-0.020037115059231295,0.27495528173899814
400,42,15,-0.02451270681339391,0.2317633101226964
400,43,15,-0.009445426846854961,-0.39260649457020724
400,44,15,0.009368300525919145,-0.9159790568738901
400,45,15,0.011050014504964298,0.36838556793203686
400,46,15,-0.003517236975662718,1.2314872608199976
400,47,15,-0.01881136529410899,0.16335676029936708
400,48,15,-0.00800770780892228,-0.6347534632023735
400,1,16,-0.003486963546410462,0.609309932245955
400,2,16,-0.01083784128763325,-0.3104280317247649
400,3,16,0.004459397935597504,-0.6744622307347377
400,4,16,0.014857167613132409,-0.2847180649258253
400,5,16,0.010653891174061412,0.35483266023202353
400,6,16,-0.00021723862052326257,-0.4466130549379364
400,7,16,-0.004886388891965895,-1.1908215643708944
400,8,16,-0.007492418926846915,-0.5660133030490037
400,9,16,0.008811385503013908,-0.9092777865835171
400,10,16,0.03538144798090745,-1.403413303340122
400,11,16,0.048482149916914394,-0.8306938884379319
400,12,16,0.03893863512173963,0.6510369048535463
400,13,16,0.01913916051793653,1.8801684556068492
400,14,16,0.008244181021667234,2.3355138407228493
400,15,16,0.0008359067259142722,2.502206804678719
400,16,16,-0.01259793821088878,0.8732096445976907
400,17,16,-0.027456854627257117,-0.9446811478061843
400,18,16,-0.02423560865112303,-1.1454978186015539
400,19,16,-0.006952215283026772,-0.996438200328646
400,20,16,0.0016959562515159838,-1.0206745561684833
400,21,16,0.00024584270841648435,-0.3338736217806927
400,22,16,-0.007111895565987273,0.527676465071701
400,23,16,-0.009809142997016145,1.1568878123081245
400,24,16,-0.010726970962533174,0.7467249037224911
400,25,16,-0.010726970962533208,-0.7467249037224943
400,26,16,-0.009809142997016141,-1.156887812308125
400,27,16,-0.007111895565987339,-0.5276764650717011
400,28,16,0.0002458427084165286,0.3338736217806955
400,29,16,0.0016959562515159545,1.0206745561684778
400,30,16,-0.006952215283026757,0.9964382003286516
400,31,16,-0.02423560865112301,1.1454978186015574
400,32,16,-0.02745685462725709,0.944681147806181
400,33,16,-0.012597938210888733,-0.8732096445976878
400,34,16,0.000835906725914261,-2.502206804678723
400,35,16,0.008244181021667258,-2.335513840722846
400,36,16,0.019139160517936567,-1.8801684556068479
400,37,16,0.03893863512173962,-0.6510369048535476
400,38,16,0.04848214991691439,0.8306938884379327
400,39,16,0.03538144798090743,1.4034133033401226
400,40,16,0.008811385503013905,0.9092777865835204
400,41,16,-0.007492418926846897,0.5660133030490028
400,42,16,-0.004886388891965933,1.190821564370898
400,43,16,-0.00021723862052321834,0.4466130549379347
400,44,16,0.010653891174061415,-0.35483266023202836
400,45,16,0.014857167613132435,0.28471806492582497
400,46,16,0.004459397935597489,0.6744622307347419
400,47,16,-0.010837841287633238,0.3104280317247603
400,48,16,-0.0034869635464104595,-0.6093099322459561
400,1,17,0.0012898414631705773,0.020512541822393315
400,2,17,0.005573270800422287,-0.5392943186662407
400,3,17,0.018599385357987885,0.20242378886768425
400,4,17,0.01774223479435373,0.6859711189099709
400,5,17,0.00871127949936534,0.699228583600719
400,6,17,0.009118616324757916,-0.35378191029683054
400,7,17,0.011723216318452271,-1.154894713202578
400,8,17,0.0015416431386755568,-0.8180065896481532
400,9,17,0.006640204109705398,-0.6648167929909921
400,10,17,0.03351848124780298,-2.3330016365176807
400,11,17,0.0430130080321624,-2.1894678709411286
400,12,17,0.025473099021249508,-0.946576303410973
400,13,17,0.01618965342916196,0.4652901615763475
400,14,17,0.015467079427181176,2.3586348852562784
400,15,17,0.011189020792762617,2.6085822163180357
400,16,17,0.00946340643043078,0.696039753384238
400,17,17,0.003293097802438802,-0.29114270377777923
400,18,17,0.0032792786940766244,-0.32506878532777683
400,19,17,0.006572477616631274,-0.5979309407782314
400,20,17,0.0023873036874467665,-0.29876876204719294
400,21,17,0.0034069204632439128,0.17620548245457787
400,22,17,0.0019645287778735036,0.42083334159335
400,23,17,-0.007397812764990406,0.8998245626464858
400,24,17,-0.022494266568571897,0.6275762971519874
400,25,17,-0.02249426656857196,-0.627576297151983
400,26,17,-0.007397812764990387,-0.8998245626464867
400,27,17,0.001964528777873469,-0.4208333415933533
400,28,17,0.003406920463243917,-0.1762054824545767
400,29,17,0.0023873036874467977,0.29876876204719083
400,30,17,0.006572477616631272,0.597930940778234
400,31,17,0.0032792786940766504,0.325068785327779
400,32,17,0.0032930978024387682,0.29114270377777657
400,33,17,0.009463406430430808,-0.6960397533842345
400,34,17,0.011189020792762693,-2.608582216318043
400,35,17,0.01546707942718121,-2.3586348852562766
400,36,17,0.01618965342916201,-0.46529016157634173
400,37,17,0.025473099021249553,0.9465763034109796
400,38,17,0.04301300803216241,2.1894678709411277
400,39,17,0.033518481247802996,2.3330016365176798
400,40,17,0.0066402041097054325,0.6648167929909924
400,41,17,0.0015416431386755,0.8180065896481538
400,42,17,0.011723216318452285,1.1548947132025753
400,43,17,0.009118616324757932,0.35378191029682965
400,44,17,0.00871127949936535,-0.699228583600718
400,45,17,0.01774223479435373,-0.6859711189099734
400,46,17,0.018599385357987826,-0.20242378886768203
400,47,17,0.005573270800422316,0.5392943186662382
400,48,17,0.0012898414631705886,-0.020512541822395924
400,1,18,-0.0005134352967260235,-0.3416757838342165
400,2,18,0.013258374120777155,-0.1023272430522639
400,3,18,0.014737294324399967,0.09116529221693792
400,4,18,0.009704541140722358,1.1239056421505083
400,5,18,0.004129289438045124,2.016035028804279
400,6,18,0.002639370212229715,1.2254886855286535
400,7,18,-0.003113104888354282,-0.07906948039577012
400,8,18,-0.011440647004850087,0.31128325201165763
400,9,18,-0.0032900511094873597,0.6868309631394512
400,10,18,0.018723770865600807,-1.6609627776308789
400,11,18,0.028435016608118403,-3.327918845249495
400,12,18,0.018427676119060234,-2.0410998773656885
400,13,18,0.007290988393666655,-0.33335238784513377
400,14,18,-0.0019269992387238224,0.9406716281345437
400,15,18,-0.00015288783665397005,1.4089092571252262
400,16,18,0.019741788243648854,1.0367077578029036
400,17,18,0.027554959058722885,-0.08136802722779363
400,18,18,0.027659444204067185,-0.48488375795660604
400,19,18,0.016811241611677026,0.01126672148861163
400,20,18,-0.0019136775723834088,0.5590732623362705
400,21,18,0.0005970534416217255,0.66060362376282
400,22,18,0.0035608477095972818,0.40944925379463054
400,23,18,-0.006932887072153339,0.22132150325354108
400,24,18,-0.01909114787812172,0.11645870454439952
400,25,18,-0.019091147878121655,-0.11645870454439826
400,26,18,-0.006932887072153419,-0.2213215032535424
400,27,18,0.0035608477095972575,-0.4094492537946274
400,28,18,0.0005970534416216882,-0.6606036237628188
400,29,18,-0.0019136775723833915,-0.5590732623362723
400,30,18,0.016811241611677078,-0.011266721488609382
400,31,18,0.027659444204067303,0.48488375795660577
400,32,18,0.027554959058722864,0.0813680272277939
400,33,18,0.0197417882436489,-1.0367077578029047
400,34,18,-0.00015288783665392755,-1.408909257125229
400,35,18,-0.0019269992387237582,-0.9406716281345439
400,36,18,0.007290988393666761,0.3333523878451351
400,37,18,0.018427676119060224,2.041099877365691
400,38,18,0.02843501660811841,3.327918845249491
400,39,18,0.018723770865600863,1.660962777630878
400,40,18,-0.0032900511094873554,-0.6868309631394501
400,41,18,-0.01144064700485002,-0.31128325201165585
400,42,18,-0.0031131048883542706,0.07906948039577018
400,43,18,0.0026393702122297167,-1.225488685528655
400,44,18,0.004129289438045133,-2.016035028804282
400,45,18,0.009704541140722401,-1.123905642150509
400,46,18,0.014737294324399963,-0.09116529221693859
400,47,18,0.01325837412077716,0.10232724305226348
400,48,18,-0.0005134352967259594,0.3416757838342173
400,1,19,-0.005113713973520699,-0.8124590152226057
400,2,19,0.010652448813390461,0.7326078765692353
400,3,19,-0.006772009197390287,-0.48479062778542503
400,4,19,-0.011458233971332533,1.1139747502714075
400,5,19,-0.0027008277191586678,1.8729684685973131
400,6,19,-0.005969849545692234,2.1605952059080935
400,7,19,-0.024546684455174106,0.6717497662925133
400,8,19,-0.029177118793883693,1.3624803518867914
400,9,19,-0.018997554432691018,1.3014537889237368
400,10,19,-0.0031235632112965083,-0.24828982454010107
400,11,19,0.006552432667908409,-2.1128805004627953
400,12,19,0.0014444082745765571,-1.4905802136955353
400,13,19,-0.01715016864382398,-0.5329230732172882
400,14,19,-0.026324282184887488,-0.5288263367358896
400,15,19,-0.009784468971099906,0.2774777157920586
400,16,19,0.01962152315612109,0.8905346896200875
400,17,19,0.027793757208110635,-0.261370069163947
400,18,19,0.02621634251955569,-0.3363263052161856
400,19,19,0.020007660981963826,0.07256167434622501
400,20,19,0.005190476109962898,-0.1117091578552444
400,21,19,-0.00014279947339193686,0.20772526899450272
400,22,19,-0.007455018246758935,0.39578079565692764
400,23,19,-0.016604723904807408,0.18661401152665727
400,24,19,-0.013876545967876444,0.07694832773309129
400,25,19,-0.013876545967876443,-0.07694832773309043
400,26,19,-0.01660472390480742,-0.18661401152665497
400,27,19,-0.007455018246758975,-0.395780795656927
400,28,19,-0.00014279947339199042,-0.20772526899450316
400,29,19,0.005190476109962862,0.1117091578552388
400,30,19,0.020007660981963847,-0.07256167434622568
400,31,19,0.02621634251955578,0.33632630521618206
400,32,19,0.027793757208110618,0.2613700691639471
400,33,19,0.019621523156121135,-0.8905346896200881
400,34,19,-0.009784468971099842,-0.27747771579206404
400,35,19,-0.026324282184887353,0.52882633673589
400,36,19,-0.017150168643823856,0.5329230732172957
400,37,19,0.001444408274576643,1.4905802136955377
400,38,19,0.006552432667908433,2.1128805004627926
400,39,19,-0.0031235632112964692,0.2482898245401024
400,40,19,-0.01899755443269099,-1.3014537889237394
400,41,19,-0.029177118793883742,-1.3624803518867927
400,42,19,-0.024546684455174165,-0.6717497662925137
400,43,19,-0.005969849545692289,-2.1605952059080913
400,44,19,-0.0027008277191587424,-1.872968468597309
400,45,19,-0.011458233971332537,-1.1139747502714135
400,46,19,-0.006772009197390285,0.48479062778542925
400,47,19,0.01065244881339048,-0.73260787656924
400,48,19,-0.00511371397352064,0.8124590152226057
400,1,20,-0.004747079968738721,-1.3380993114911548
400,2,20,0.003153193858032484,1.3526212349290219
400,3,20,-0.02610485382530191,-0.18767385260350833
400,4,20,-0.03128591831214177,0.8157296541564361
400,5,20,-0.011552032094308357,0.5732104104614328
400,6,20,0.0039014225717609466,1.5098409373513162
400,7,20,-0.009902877504339236,1.1178111764421634
400,8,20,-0.018189943471857258,1.5991842997800483
400,9,20,-0.008390484123953657,0.8524233818959106
400,10,20,0.008176686637356819,0.40038449229710726
400,11,20,0.004122981180259059,-0.19618448932632382
400,12,20,-0.024564705988081928,-0.8371962207230557
400,13,20,-0.04829342152789554,-1.3872463060985094
400,14,20,-0.04160689189350435,-0.8280379853574711
400,15,20,-0.01696886072034043,0.23771273705890328
400,16,20,0.009946515944464163,0.3936352368391142
400,17,20,0.015307019136640782,0.11465334305624808
400,18,20,0.01041145149334673,0.2777529547207656
400,19,20,0.012609062632220058,-0.4103707691706745
400,20,20,0.009420099962315414,-0.6975285869782542
400,21,20,0.0009982670459841993,0.2970114527133567
400,22,20,-0.010196514504604137,0.6097072673454735
400,23,20,-0.02176462155416422,0.49059511425814356
400,24,20,-0.0194955931105342,0.3141296190960363
400,25,20,-0.01949559311053418,-0.31412961909603665
400,26,20,-0.021764621554164268,-0.4905951142581411
400,27,20,-0.010196514504604189,-0.6097072673454759
400,28,20,0.0009982670459841429,-0.29701145271335444
400,29,20,0.009420099962315394,0.697528586978253
400,30,20,0.012609062632220069,0.4103707691706743
400,31,20,0.010411451493346796,-0.2777529547207658
400,32,20,0.01530701913664076,-0.11465334305624908
400,33,20,0.009946515944464229,-0.393635236839117
400,34,20,-0.016968860720340404,-0.2377127370589049
400,35,20,-0.04160689189350421,0.828037985357472
400,36,20,-0.04829342152789542,1.387246306098513
400,37,20,-0.024564705988081897,0.8371962207230583
400,38,20,0.004122981180259093,0.19618448932632093
400,39,20,0.008176686637356816,-0.40038449229710404
400,40,20,-0.008390484123953632,-0.852423381895911
400,41,20,-0.018189943471857206,-1.599184299780045
400,42,20,-0.00990287750433925,-1.1178111764421637
400,43,20,0.003901422571760957,-1.5098409373513122
400,44,20,-0.011552032094308386,-0.5732104104614346
400,45,20,-0.03128591831214177,-0.8157296541564365
400,46,20,-0.026104853825301956,0.18767385260351788
400,47,20,0.0031531938580325203,-1.3526212349290208
400,48,20,-0.004747079968738723,1.3380993114911548
400,1,21,-0.002842528811525848,-1.0314110763114068
400,2,21,-0.0012809449993355405,1.3497273548161068
400,3,21,-0.02734794746977341,0.5977901541820072
400,4,21,-0.03452808963335139,0.8021148241625746
400,5,21,-0.01486522201187877,0.11592925748518763
400,6,21,0.022102968194203296,1.0511013047374493
400,7,21,0.02650942288000163,0.9464426896717565
400,8,21,0.019611692748571555,1.7171830578517964
400,9,21,0.03533774457324909,1.3677402451685636
400,10,21,0.05761648668326561,0.8236938693179725
400,11,21,0.03865828395047127,0.9667477137783517
400,12,21,-0.013351755669734313,-0.22863862515220162
400,13,21,-0.043174811987774876,-1.9366610841377185
400,14,21,-0.03304618307234184,-0.9507935402838678
400,15,21,-0.012296162427350744,0.36787565203611433
400,16,21,0.008385326848272983,0.5359572585893926
400,17,21,0.01388960402565101,0.46293392807096134
400,18,21,0.013415346566268227,-0.05662811739484308
400,19,21,0.017860412682093096,-0.7702203141497258
400,20,21,0.012360002326318863,-0.1950759964727234
400,21,21,-0.0003102917267668374,0.8214513309375167
400,22,21,-0.00996564034221881,0.6273186502866817
400,23,21,-0.022272976787289032,0.3760513163450739
400,24,21,-0.025075758998790228,0.27856668471018853
400,25,21,-0.02507575899879016,-0.2785666847101871
400,26,21,-0.022272976787289102,-0.3760513163450707
400,27,21,-0.009965640342218845,-0.6273186502866843
400,28,21,-0.0003102917267669487,-0.8214513309375181
400,29,21,0.01236000232631891,0.19507599647272084
400,30,21,0.017860412682092996,0.770220314149725
400,31,21,0.013415346566268305,0.05662811739484275
400,32,21,0.013889604025651,-0.462933928070965
400,33,21,0.008385326848273065,-0.535957258589394
400,34,21,-0.012296162427350682,-0.36787565203612227
400,35,21,-0.033046183072341744,0.9507935402838675
400,36,21,-0.04317481198777476,1.9366610841377194
400,37,21,-0.013351755669734254,0.228638625152203
400,38,21,0.03865828395047135,-0.9667477137783553
400,39,21,0.057616486683265626,-0.8236938693179695
400,40,21,0.03533774457324913,-1.3677402451685625
400,41,21,0.01961169274857165,-1.717183057851799
400,42,21,0.02650942288000161,-0.9464426896717564
400,43,21,0.022102968194203307,-1.0511013047374458
400,44,21,-0.014865222011878792,-0.11592925748518963
400,45,21,-0.034528089633351376,-0.8021148241625768
400,46,21,-0.027347947469773363,-0.5977901541820079
400,47,21,-0.0012809449993354712,-1.349727354816107
400,48,21,-0.0028425288115258556,1.0314110763114086
400,1,22,-0.00771002338171781,-0.5592428703421356
400,2,22,-0.0019517509611830536,0.911670825742069
400,3,22,-0.02159489396470646,0.02217688090467837
400,4,22,-0.027750194760184733,1.0269421550226354
400,5,22,-0.013901006162150726,0.8096932760468134
400,6,22,0.020702870083090047,0.8878535688207578
400,7,22,0.03700920512644898,0.14870278289415373
400,8,22,0.042284623072156365,1.4274563090632069
400,9,22,0.06030716317455104,2.2038942834999204
400,10,22,0.07946073819895988,1.3693932051261462
400,11,22,0.057964674940181336,1.035184539066733
400,12,22,0.005786459191374743,0.7226663391881889
400,13,22,-0.03363095403903857,-0.8589637890858497
400,14,22,-0.033043106422271595,-1.286691478636196
400,15,22,-0.008911048091679804,0.24254308120808965
400,16,22,0.007284162134169947,1.1571740080701938
400,17,22,0.010815224107733197,-0.053378009022150175
400,18,22,0.02244806021434312,-0.9983811778657207
400,19,22,0.027890626059797925,-0.444183254398853
400,20,22,0.012375415587684221,0.42708290560477025
400,21,22,-0.004141206614861759,0.7327406807264869
400,22,22,-0.012327204462603474,0.30428188034014625
400,23,22,-0.020298137242740336,0.031627917176578646
400,24,22,-0.020262148846422696,0.06021727506946174
400,25,22,-0.020262148846422613,-0.060217275069460494
400,26,22,-0.020298137242740422,-0.03162791717657604
400,27,22,-0.012327204462603488,-0.30428188034014625
400,28,22,-0.0041412066148618035,-0.7327406807264861
400,29,22,0.012375415587684213,-0.4270829056047702
400,30,22,0.027890626059797936,0.44418325439884704
400,31,22,0.02244806021434313,0.99838117786572
400,32,22,0.010815224107733248,0.05337800902214912
400,33,22,0.007284162134169976,-1.1571740080701916
400,34,22,-0.008911048091679741,-0.24254308120809154
400,35,22,-0.033043106422271484,1.2866914786361963
400,36,22,-0.033630954039038485,0.8589637890858495
400,37,22,0.005786459191374906,-0.7226663391881878
400,38,22,0.057964674940181427,-1.0351845390667367
400,39,22,0.07946073819895988,-1.3693932051261466
400,40,22,0.06030716317455109,-2.2038942834999204
400,41,22,0.04228462307215631,-1.4274563090632104
400,42,22,0.03700920512644903,-0.14870278289415778
400,43,22,0.02070287008309011,-0.8878535688207543
400,44,22,-0.013901006162150769,-0.8096932760468138
400,45,22,-0.027750194760184702,-1.0269421550226396
400,46,22,-0.021594893964706405,-0.02217688090467576
400,47,22,-0.0019517509611830129,-0.9116708257420725
400,48,22,-0.007710023381717804,0.5592428703421408
400,1,23,-0.011859652367131166,-0.5866443508993782
400,2,23,-0.0005387284290972799,0.7271085931545683
400,3,23,-0.020338843359720468,-0.4930806676892047
400,4,23,-0.02594878931730609,1.1486690196629228
400,5,23,-0.01583238963570148,1.4113594145408284
400,6,23,0.005009432194994244,0.9153952906668257
400,7,23,0.01990110598230766,-0.34446552906679084
400,8,23,0.034181833657396826,1.0881124047468238
400,9,23,0.04763307541487492,2.0406842667969336
400,10,23,0.05831732971749337,1.3826019635351128
400,11,23,0.04057547950479789,0.3996294473542737
400,12,23,-0.003422688670822481,0.532176169249414
400,13,23,-0.043146450715905185,-0.37659271585951126
400,14,23,-0.04523304879008737,-1.4735211408850273
400,15,23,-0.016222809514714852,0.11722344155877562
400,16,23,0.002673343108038409,1.1835804543582928
400,17,23,0.006035053565011194,-0.4823531202115427
400,18,23,0.021118774066514235,-1.01237592248189
400,19,23,0.02718588377298902,-0.1563249353459807
400,20,23,0.00958697417046344,0.25050972605490546
400,21,23,-0.004638238694346284,0.33650113012448646
400,22,23,-0.013199915822642402,0.12793479326856716
400,23,23,-0.018286973732842597,0.015620272104229532
400,24,23,-0.01565421867934296,0.040678491305772016
400,25,23,-0.015654218679342927,-0.040678491305770406
400,26,23,-0.018286973732842618,-0.015620272104230865
400,27,23,-0.013199915822642549,-0.12793479326856338
400,28,23,-0.004638238694346309,-0.33650113012448873
400,29,23,0.009586974170463333,-0.2505097260549053
400,30,23,0.027185883772989056,0.15632493534597755
400,31,23,0.021118774066514308,1.0123759224818856
400,32,23,0.006035053565011225,0.4823531202115381
400,33,23,0.0026733431080384487,-1.1835804543582915
400,34,23,-0.016222809514714782,-0.11722344155877784
400,35,23,-0.045233048790087306,1.4735211408850273
400,36,23,-0.04314645071590507,0.3765927158595108
400,37,23,-0.0034226886708224134,-0.5321761692494169
400,38,23,0.04057547950479797,-0.3996294473542785
400,39,23,0.05831732971749344,-1.3826019635351103
400,40,23,0.04763307541487498,-2.0406842667969305
400,41,23,0.03418183365739686,-1.0881124047468256
400,42,23,0.019901105982307703,0.3444655290667882
400,43,23,0.005009432194994256,-0.9153952906668211
400,44,23,-0.015832389635701483,-1.4113594145408277
400,45,23,-0.025948789317306035,-1.1486690196629246
400,46,23,-0.020338843359720443,0.49308066768920594
400,47,23,-0.0005387284290972712,-0.7271085931545694
400,48,23,-0.01185965236713114,0.5866443508993843
400,1,24,-0.006907240085182571,-1.1878803616355853
400,2,24,0.003919568028174647,1.0677111583430043
400,3,24,-0.016816189787012947,-0.2248965744771098
400,4,24,-0.02600071788268568,1.3708812583951362
400,5,24,-0.02160056241878372,1.2464612694026196
400,6,24,-0.00679105114792129,1.3005577887657573
400,7,24,-0.002086410509535832,0.2734366189361976
400,8,24,0.00661880234134694,1.266048574307729
400,9,24,0.018923084766021267,1.5304442709571413
400,10,24,0.02787828530107487,1.0070958525916898
400,11,24,0.012428048921293025,-0.014679390931050418
400,12,24,-0.023493435846906663,-0.8771756260873323
400,13,24,-0.045086872123355555,-1.590098775848311
400,14,24,-0.037395183225503,-0.99991479302903
400,15,24,-0.015762276348321464,0.23814169311930128
400,16,24,0.009856925013791009,0.47668016146058306
400,17,24,0.01648084238113274,-0.024590421423673292
400,18,24,0.01719004620291344,-0.032858475002613574
400,19,24,0.018351672120781603,-0.31072265998522686
400,20,24,0.005303964659942898,-0.18826782411060708
400,21,24,-0.0017047941765526943,0.3946687644294473
400,22,24,-0.009899122101327982,0.37954954217461706
400,23,24,-0.01797164536500226,0.42366997450548877
400,24,24,-0.021210187526731854,0.29084337757114853
400,25,24,-0.021210187526731938,-0.29084337757114526
400,26,24,-0.01797164536500221,-0.4236699745054904
400,27,24,-0.009899122101328147,-0.37954954217461456
400,28,24,-0.0017047941765526622,-0.39466876442944654
400,29,24,0.00530396465994282,0.18826782411060347
400,30,24,0.018351672120781624,0.31072265998522464
400,31,24,0.01719004620291347,0.03285847500260902
400,32,24,0.016480842381132767,0.02459042142367457
400,33,24,0.009856925013791165,-0.4766801614605818
400,34,24,-0.015762276348321457,-0.2381416931193046
400,35,24,-0.037395183225502934,0.9999147930290296
400,36,24,-0.04508687212335543,1.590098775848314
400,37,24,-0.02349343584690654,0.8771756260873323
400,38,24,0.0124280489212932,0.014679390931053526
400,39,24,0.02787828530107489,-1.007095852591688
400,40,24,0.018923084766021246,-1.5304442709571486
400,41,24,0.006618802341346958,-1.266048574307728
400,42,24,-0.0020864105095358227,-0.2734366189362004
400,43,24,-0.006791051147921249,-1.3005577887657596
400,44,24,-0.021600562418783692,-1.2464612694026262
400,45,24,-0.026000717882685643,-1.3708812583951349
400,46,24,-0.016816189787012967,0.2248965744771158
400,47,24,0.003919568028174659,-1.067711158343006
400,48,24,-0.006907240085182596,1.1878803616355826
400,1,25,-0.0013915095751340536,-1.429816310936215
400,2,25,0.011976857994117338,0.7194568629774687
400,3,25,-0.00033430702691409405,0.16680637987669167
400,4,25,-0.014391814686509567,1.7493077943406485
400,5,25,-0.022869472219665607,1.481616559893061
400,6,25,-0.01819693635838572,1.776482148987978
400,7,25,-0.021253040143748552,0.392321148527435
400,8,25,-0.018152833103864306,1.1561214303083285
400,9,25,-0.0038102479271024574,1.2443160036683436
400,10,25,0.006742096900328496,0.41073131131855056
400,11,25,-0.005769855689494729,-0.5831719844296471
400,12,25,-0.03015228079963777,-1.839471157768648
400,13,25,-0.034681403910019434,-2.310645086715618
400,14,25,-0.02053315582254622,-0.3841094003612727
400,15,25,-0.005862181507972101,0.6459931780113706
400,16,25,0.020410041428907434,0.43710781675412613
400,17,25,0.02769569500121722,0.5003961183864989
400,18,25,0.018827896346099514,0.43140360230496577
400,19,25,0.015395648202836707,-0.3539468814936274
400,20,25,0.004494750253897895,-0.1915845001976133
400,21,25,-0.0015360149324934094,0.5813744377406543
400,22,25,-0.009599995270641861,0.566132921274675
400,23,25,-0.020052993889733677,0.580440550953736
400,24,25,-0.025499508994491403,0.3890582579414188
400,25,25,-0.025499508994491438,-0.3890582579414186
400,26,25,-0.020052993889733695,-0.5804405509537371
400,27,25,-0.00959999527064185,-0.5661329212746743
400,28,25,-0.0015360149324934705,-0.581374437740652
400,29,25,0.004494750253897885,0.19158450019760814
400,30,25,0.015395648202836633,0.35394688149362546
400,31,25,0.0188278963460996,-0.4314036023049681
400,32,25,0.027695695001217165,-0.5003961183864974
400,33,25,0.02041004142890752,-0.437107816754124
400,34,25,-0.005862181507972063,-0.6459931780113752
400,35,25,-0.02053315582254609,0.38410940036127117
400,36,25,-0.034681403910019254,2.3106450867156205
400,37,25,-0.030152280799637683,1.83947115776865
400,38,25,-0.0057698556894945924,0.5831719844296482
400,39,25,0.006742096900328549,-0.41073131131854634
400,40,25,-0.003810247927102448,-1.2443160036683376
400,41,25,-0.018152833103864337,-1.156121430308327
400,42,25,-0.021253040143748615,-0.39232114852743327
400,43,25,-0.018196936358385703,-1.7764821489879736
400,44,25,-0.022869472219665617,-1.481616559893063
400,45,25,-0.014391814686509557,-1.7493077943406494
400,46,25,-0.00033430702691411573,-0.1668063798766859
400,47,25,0.01197685799411731,-0.7194568629774729
400,48,25,-0.001391509575134031,1.429816310936215
400,1,26,-0.00021765936575282238,-0.750172132930257
400,2,26,0.021610890167903865,-0.4488222486489412
400,3,26,0.026974545762986607,-0.117899507335531
400,4,26,0.01612917610545784,1.8111462257331132
400,5,26,-0.0063421575195876006,2.7860366932053515
400,6,26,-0.02119800983602574,1.4136779542946916
400,7,26,-0.02099970964904236,-0.6370179390625003
400,8,26,-0.010020737131159087,-0.06714949337785969
400,9,26,0.00636950361030964,0.6097631201092654
400,10,26,0.01613547878048625,-0.4446512752787861
400,11,26,0.009008856440581896,-1.8599783593761106
400,12,26,-0.006829769833545939,-1.6620486185096204
400,13,26,-0.015130520378747105,-1.0996738781136548
400,14,26,-0.007925434075023826,-0.08046813607260006
400,15,26,0.00883213230211789,1.0844753467926116
400,16,26,0.023855215218235814,1.1388277886794982
400,17,26,0.024403370265773255,0.003776921268560496
400,18,26,0.022996080295641007,-0.3234393754536295
400,19,26,0.018799277101604072,-0.09722412676994366
400,20,26,0.007456777991012631,0.07141553458672878
400,21,26,0.00014728387576811407,0.45125909664033986
400,22,26,-0.0038621096042500734,0.4625436183015008
400,23,26,-0.012657359559294052,0.28077308484959884
400,24,26,-0.014035372531733672,0.18927323263595547
400,25,26,-0.014035372531733599,-0.1892732326359552
400,26,26,-0.012657359559294083,-0.28077308484960095
400,27,26,-0.0038621096042500812,-0.4625436183014983
400,28,26,0.0001472838757680464,-0.4512590966403373
400,29,26,0.00745677799101259,-0.07141553458673128
400,30,26,0.018799277101604,0.09722412676994927
400,31,26,0.022996080295641007,0.32343937545362905
400,32,26,0.024403370265773286,-0.003776921268563438
400,33,26,0.02385521521823591,-1.1388277886794975
400,34,26,0.008832132302117983,-1.0844753467926163
400,35,26,-0.007925434075023698,0.08046813607259751
400,36,26,-0.015130520378746959,1.0996738781136588
400,37,26,-0.006829769833545843,1.6620486185096222
400,38,26,0.00900885644058197,1.8599783593761094
400,39,26,0.016135478780486275,0.44465127527879245
400,40,26,0.006369503610309591,-0.6097631201092653
400,41,26,-0.010020737131159167,0.0671494933778558
400,42,26,-0.02099970964904242,0.6370179390624979
400,43,26,-0.021198009836025735,-1.4136779542946956
400,44,26,-0.006342157519587638,-2.7860366932053537
400,45,26,0.016129176105457877,-1.8111462257331192
400,46,26,0.026974545762986614,0.1178995073355375
400,47,26,0.021610890167903858,0.4488222486489395
400,48,26,-0.00021765936575279463,0.7501721329302595
400,1,27,0.0005645741617042932,-0.016331751306663242
400,2,27,0.021540486320735828,-1.1071883055453964
400,3,27,0.03914301653723857,-0.6377953989720206
400,4,27,0.03358803279493988,1.473416132843115
400,5,27,0.007387081126697774,2.779570946908908
400,6,27,-0.015662831038659012,0.5202574915328435
400,7,27,-0.011004992311033879,-1.8094552732334623
400,8,27,0.010105369904880899,-1.6059629817695682
400,9,27,0.0324024904243969,-0.20741968663144883
400,10,27,0.044488966906653604,-1.3008788063143568
400,11,27,0.039914500438490756,-2.259267120386394
400,12,27,0.022532478641586723,-0.84518452527048
400,13,27,0.005407148806638154,0.5473517244229263
400,14,27,0.0020995226196739263,0.7640007556335334
400,15,27,0.01384405684052924,1.7357893641043753
400,16,27,0.017535118231701473,1.5731482104919565
400,17,27,0.012237907310446524,-0.5437234153773373
400,18,27,0.016892516031358426,-1.1024685241002814
400,19,27,0.015990534630729903,-0.22529863969579295
400,20,27,0.007619084906481336,0.028700434093920535
400,21,27,0.0013623623479156717,0.281197834451382
400,22,27,-0.0004405506036312184,0.3958686359480753
400,23,27,-0.007662276344060451,0.1293246521655748
400,24,27,-0.006702453633715622,0.08445036401460235
400,25,27,-0.006702453633715475,-0.08445036401460404
400,26,27,-0.0076622763440605405,-0.1293246521655735
400,27,27,-0.00044055060363111954,-0.39586863594807165
400,28,27,0.0013623623479156197,-0.2811978344513819
400,29,27,0.007619084906481282,-0.028700434093922235
400,30,27,0.015990534630729886,0.2252986396957949
400,31,27,0.016892516031358495,1.1024685241002774
400,32,27,0.012237907310446565,0.5437234153773369
400,33,27,0.017535118231701532,-1.5731482104919572
400,34,27,0.013844056840529358,-1.7357893641043811
400,35,27,0.002099522619674018,-0.7640007556335326
400,36,27,0.005407148806638291,-0.5473517244229216
400,37,27,0.022532478641586813,0.845184525270483
400,38,27,0.03991450043849079,2.259267120386391
400,39,27,0.04448896690665363,1.300878806314358
400,40,27,0.0324024904243969,0.20741968663145038
400,41,27,0.01010536990488092,1.6059629817695693
400,42,27,-0.011004992311033877,1.809455273233465
400,43,27,-0.01566283103865903,-0.5202574915328456
400,44,27,0.007387081126697736,-2.7795709469089083
400,45,27,0.03358803279493992,-1.473416132843113
400,46,27,0.0391430165372386,0.63779539897202
400,47,27,0.02154048632073582,1.107188305545392
400,48,27,0.0005645741617043235,0.01633175130665805
400,1,28,0.0048087341370047325,0.1339123311696379
400,2,28,0.011510553724300758,-0.4755801334278113
400,3,28,0.02292709518961735,-0.29018656746398275
400,4,28,0.017718873783219076,0.5447863267786806
400,5,28,0.00031406223953217224,1.1193203487508379
400,6,28,-0.014913710514918011,-0.14650740625990744
400,7,28,-0.012310542134882207,-1.9837700306597232
400,8,28,0.005277138239839177,-1.679330443970986
400,9,28,0.035261773862815676,-0.9335085521850846
400,10,28,0.05541364690461183,-1.362793314392209
400,11,28,0.047559240638114016,-1.0147543335989102
400,12,28,0.022729189566635312,0.039699717800334766
400,13,28,0.00859616047102556,1.4151524543240914
400,14,28,0.004318781417132268,2.4047972473434993
400,15,28,-0.0005421795324352112,2.3719972682077395
400,16,28,0.000396144446816969,0.9173066317701816
400,17,28,-0.00549799774823831,-0.506130465519983
400,18,28,-0.009682875157624185,-0.9842776634471748
400,19,28,-0.00563979207193773,-0.7923584329899402
400,20,28,-0.004933636942413521,-0.31013040419438226
400,21,28,-0.003105018238456226,0.4093777015917924
400,22,28,-0.004237286072598923,0.5864133536288136
400,23,28,-0.011548426426668985,0.444192598380879
400,24,28,-0.015550217687088174,0.2755928231035966
400,25,28,-0.015550217687088136,-0.2755928231035978
400,26,28,-0.011548426426668978,-0.44419259838087616
400,27,28,-0.004237286072598899,-0.5864133536288139
400,28,28,-0.003105018238456251,-0.40937770159179304
400,29,28,-0.004933636942413548,0.3101304041943805
400,30,28,-0.005639792071937761,0.7923584329899422
400,31,28,-0.009682875157624117,0.9842776634471725
400,32,28,-0.005497997748238298,0.5061304655199818
400,33,28,0.00039614444681703234,-0.9173066317701821
400,34,28,-0.0005421795324351656,-2.3719972682077484
400,35,28,0.00431878141713237,-2.404797247343496
400,36,28,0.00859616047102569,-1.4151524543240905
400,37,28,0.022729189566635395,-0.03969971780033632
400,38,28,0.047559240638114036,1.01475433359891
400,39,28,0.05541364690461184,1.3627933143922124
400,40,28,0.035261773862815704,0.9335085521850898
400,41,28,0.005277138239839096,1.6793304439709849
400,42,28,-0.012310542134882255,1.9837700306597255
400,43,28,-0.014913710514918035,0.1465074062599074
400,44,28,0.00031406223953214275,-1.1193203487508432
400,45,28,0.01771887378321911,-0.5447863267786808
400,46,28,0.022927095189617355,0.29018656746398497
400,47,28,0.011510553724300746,0.47558013342781197
400,48,28,0.004808734137004715,-0.13391233116963824
400,1,29,0.011402080721006892,-0.19042739543049242
400,2,29,0.009187527409472665,0.20664858162471728
400,3,29,0.009770351950166713,0.4148840863321435
400,4,29,0.001121656370991422,0.29909488408692375
400,5,29,-0.00905463413025833,0.22159450504355196
400,6,29,-0.017305854238995003,-0.42374976865364944
400,7,29,-0.020234125431013696,-0.9480892694076527
400,8,29,-0.010852914597620578,-1.0733134833776103
400,9,29,0.020808233704718675,-1.0710961978899558
400,10,29,0.04415379499634722,-0.8069515304526133
400,11,29,0.03528893071554618,0.0624787440156519
400,12,29,0.0042735434954953655,1.1342483269863441
400,13,29,-0.005798240092019645,1.8025098126023575
400,14,29,-0.003813417439596519,2.8688435058055255
400,15,29,-0.0152665115379404,2.0330433401499297
400,16,29,-0.014608597759444099,-0.11087025134527151
400,17,29,-0.022089403936813433,-0.8352925890690497
400,18,29,-0.03255881286216349,-0.9189044678846623
400,19,29,-0.025324733698239944,-1.089960532730176
400,20,29,-0.01898291637745813,-0.5921516492317864
400,21,29,-0.010385443832725303,0.3085330816464284
400,22,29,-0.009787625392214998,0.47886010021528075
400,23,29,-0.013231635144874031,0.5108271061088436
400,24,29,-0.01885497251631284,0.3372173361069747
400,25,29,-0.018854972516312962,-0.3372173361069746
400,26,29,-0.013231635144873992,-0.5108271061088414
400,27,29,-0.009787625392215069,-0.4788601002152852
400,28,29,-0.010385443832725322,-0.3085330816464249
400,29,29,-0.01898291637745812,0.5921516492317853
400,30,29,-0.025324733698240016,1.0899605327301793
400,31,29,-0.03255881286216343,0.918904467884659
400,32,29,-0.022089403936813506,0.8352925890690459
400,33,29,-0.014608597759444036,0.11087025134527861
400,34,29,-0.015266511537940357,-2.0330433401499355
400,35,29,-0.003813417439596422,-2.868843505805525
400,36,29,-0.005798240092019523,-1.8025098126023567
400,37,29,0.004273543495495394,-1.1342483269863424
400,38,29,0.03528893071554626,-0.06247874401564624
400,39,29,0.0441537949963473,0.8069515304526125
400,40,29,0.020808233704718692,1.0710961978899585
400,41,29,-0.010852914597620568,1.0733134833776066
400,42,29,-0.020234125431013744,0.9480892694076531
400,43,29,-0.017305854238994965,0.4237497686536529
400,44,29,-0.009054634130258293,-0.2215945050435559
400,45,29,0.0011216563709914203,-0.29909488408692564
400,46,29,0.009770351950166673,-0.414884086332138
400,47,29,0.0091875274094727,-0.20664858162472127
400,48,29,0.011402080721006824,0.19042739543048903
400,1,30,0.014845246159775298,-0.7330852924109992
400,2,30,0.018209121002282988,-0.0792023301427878
400,3,30,0.017232595238424242,0.5296473549510874
400,4,30,0.006059168992107679,0.8330390043542188
400,5,30,-0.005206230916280301,0.6698888305199413
400,6,30,-0.020307826992356143,-0.06493628230253162
400,7,30,-0.025750638976478175,-0.34651399009248457
400,8,30,-0.01984599385675341,-0.3987854813278684
400,9,30,-0.0009192233189471975,-0.28491822060511035
400,10,30,0.017400532561569135,-0.7133129127126159
400,11,30,0.012422238441949632,0.09714147750150995
400,12,30,-0.015833772718627223,1.7989387670659183
400,13,30,-0.024547129234005087,2.0931674869205974
400,14,30,-0.014060782354836904,1.1770478501299686
400,15,30,-0.009077229516096623,0.29710705090589296
400,16,30,-0.013055385097647811,-0.6577554882715216
400,17,30,-0.02777090629884259,-1.812929557173549
400,18,30,-0.030039903816609023,-1.373884982654681
400,19,30,-0.02169692313741912,-0.348688032102924
400,20,30,-0.018645393996218965,0.030634797509733552
400,21,30,-0.011733121950122952,0.13923819101768312
400,22,30,-0.0069607651944340685,-0.02420258514623516
400,23,30,-0.0012764545054390795,-0.11791349098059822
400,24,30,0.00034242268852665864,-0.04498124017064323
400,25,30,0.0003424226885265554,0.04498124017064267
400,26,30,-0.001276454505439075,0.11791349098060129
400,27,30,-0.006960765194434124,0.02420258514622954
400,28,30,-0.011733121950122875,-0.13923819101768206
400,29,30,-0.01864539399621904,-0.030634797509733025
400,30,30,-0.021696923137419173,0.34868803210292343
400,31,30,-0.03003990381660898,1.3738849826546824
400,32,30,-0.02777090629884263,1.8129295571735486
400,33,30,-0.013055385097647781,0.6577554882715203
400,34,30,-0.009077229516096554,-0.29710705090589906
400,35,30,-0.014060782354836831,-1.1770478501299655
400,36,30,-0.02454712923400497,-2.093167486920595
400,37,30,-0.015833772718627147,-1.7989387670659198
400,38,30,0.012422238441949663,-0.09714147750150617
400,39,30,0.017400532561569163,0.7133129127126121
400,40,30,-0.0009192233189471693,0.28491822060511096
400,41,30,-0.019845993856753466,0.3987854813278702
400,42,30,-0.025750638976478182,0.34651399009248585
400,43,30,-0.020307826992356164,0.06493628230253447
400,44,30,-0.005206230916280285,-0.6698888305199465
400,45,30,0.006059168992107711,-0.833039004354219
400,46,30,0.01723259523842422,-0.5296473549510825
400,47,30,0.018209121002283,0.07920233014278467
400,48,30,0.014845246159775317,0.7330852924109985
400,1,31,0.014905723876394938,-1.1314281047895818
400,2,31,0.019648977447673417,-0.7967697701330533
400,3,31,0.026295561999730276,0.37959032382355296
400,4,31,0.016732506353099977,1.0319885675434979
400,5,31,0.001970820127789151,0.8660642283456739
400,6,31,-0.013056907186975558,0.19302909852575184
400,7,31,-0.016114395713919004,0.12795194773515045
400,8,31,-0.021105503570326114,0.6602906183548999
400,9,31,-0.01393555021042215,0.30948586039114157
400,10,31,0.0005731151703477063,-0.49151874577236687
400,11,31,-0.006704745633248601,0.006709708530816094
400,12,31,-0.026870377395081812,1.515974900814205
400,13,31,-0.02562568341632685,1.3189556611307216
400,14,31,-0.0009541655476278687,-1.3070026113964825
400,15,31,0.02107400902147703,-1.5117137348214817
400,16,31,0.014772530866994833,-0.9240641486190929
400,17,31,-0.0014547562781233331,-1.7876769275555335
400,18,31,0.001640879464133541,-1.0694255114665019
400,19,31,0.005555565230503953,0.8415232670269085
400,20,31,-5.306391228477626e-5,1.2763224781813294
400,21,31,-0.003871598870214996,0.3494673541418636
400,22,31,0.0002928165472418126,-0.356162495655428
400,23,31,0.009276197888478818,-0.6638659345203395
400,24,31,0.015362263796034448,-0.3957701627031256
400,25,31,0.015362263796034429,0.39577016270312526
400,26,31,0.009276197888478773,0.6638659345203397
400,27,31,0.00029281654724179625,0.3561624956554227
400,28,31,-0.003871598870215008,-0.34946735414185925
400,29,31,-5.3063912284817896e-5,-1.276322478181329
400,30,31,0.005555565230503826,-0.8415232670269117
400,31,31,0.0016408794641335185,1.069425511466504
400,32,31,-0.0014547562781233496,1.7876769275555318
400,33,31,0.014772530866994867,0.9240641486190927
400,34,31,0.021074009021477134,1.511713734821476
400,35,31,-0.0009541655476278782,1.307002611396481
400,36,31,-0.025625683416326765,-1.31895566113072
400,37,31,-0.026870377395081718,-1.5159749008142054
400,38,31,-0.006704745633248533,-0.006709708530816483
400,39,31,0.0005731151703477757,0.4915187457723679
400,40,31,-0.013935550210422141,-0.3094858603911419
400,41,31,-0.021105503570326176,-0.6602906183548998
400,42,31,-0.01611439571391899,-0.1279519477351494
400,43,31,-0.013056907186975544,-0.19302909852575256
400,44,31,0.001970820127789094,-0.8660642283456751
400,45,31,0.016732506353099988,-1.0319885675434965
400,46,31,0.02629556199973029,-0.3795903238235533
400,47,31,0.01964897744767341,0.7967697701330527
400,48,31,0.014905723876394963,1.1314281047895807
400,1,32,0.014911693604863564,-0.9037348723736408
400,2,32,0.003565539409387029,-0.5507379070587544
400,3,32,0.013169710318370734,0.8045999577966304
400,4,32,0.011304556962057476,0.43424961338748935
400,5,32,0.005701364389516349,-0.42627058597388456
400,6,32,0.008771487138555956,-0.1739863054609955
400,7,32,0.00900995010045921,1.0539541146061013
400,8,32,-0.008779572909194365,1.1508138820379783
400,9,32,-0.006988715123068397,0.19285315166813988
400,10,32,0.0034612341387366486,-0.3912025280403407
400,11,32,-0.009574354803502862,0.17709329477168295
400,12,32,-0.03064222554089504,0.7280643987618056
400,13,32,-0.014033853290686167,-1.000341580679925
400,14,32,0.029406813585777743,-2.5224271093530057
400,15,32,0.05065895837427289,-2.1642429709312068
400,16,32,0.047397362532023805,-1.2430688295392716
400,17,32,0.036724599281200525,-0.06333694822201141
400,18,32,0.03199298884999269,0.7005478992991183
400,19,32,0.031130300522158726,1.635593109267231
400,20,32,0.024256840941703765,2.0341776855317857
400,21,32,0.0102089775273434,1.012626855744809
400,22,32,0.005263027567766559,-0.03824603215104943
400,23,32,0.004684327964498911,-0.5776734687535796
400,24,32,0.0034815844581035146,-0.38248500523101664
400,25,32,0.0034815844581035423,0.3824850052310186
400,26,32,0.004684327964498777,0.5776734687535842
400,27,32,0.0052630275677666115,0.0382460321510497
400,28,32,0.010208977527343297,-1.0126268557448093
400,29,32,0.024256840941703744,-2.034177685531784
400,30,32,0.031130300522158583,-1.635593109267235
400,31,32,0.031992988849992604,-0.7005478992991209
400,32,32,0.03672459928120053,0.06333694822201186
400,33,32,0.04739736253202389,1.2430688295392718
400,34,32,0.050658958374272964,2.1642429709312063
400,35,32,0.029406813585777784,2.522427109353006
400,36,32,-0.014033853290686108,1.000341580679923
400,37,32,-0.03064222554089495,-0.7280643987618031
400,38,32,-0.009574354803502771,-0.17709329477168162
400,39,32,0.0034612341387366325,0.3912025280403423
400,40,32,-0.006988715123068364,-0.19285315166813832
400,41,32,-0.008779572909194393,-1.1508138820379825
400,42,32,0.009009950100459213,-1.0539541146061002
400,43,32,0.008771487138555955,0.17398630546099822
400,44,32,0.0057013643895163345,0.4262705859738834
400,45,32,0.011304556962057477,-0.43424961338749035
400,46,32,0.013169710318370727,-0.8045999577966333
400,47,32,0.0035655394093870455,0.5507379070587564
400,48,32,0.014911693604863586,0.9037348723736398
400,1,33,0.010681055918657867,-0.03578670514872967
400,2,33,-0.020683663936847264,0.6960041782568377
400,3,33,-0.021847251089564885,0.8589025474313804
400,4,33,-0.011089940384049823,-0.7993434027445282
400,5,33,0.002955813103964043,-1.7975901528250404
400,6,33,0.014116606370160246,-0.6999710940047634
400,7,33,0.014618417754144571,1.2432388339099187
400,8,33,-0.0015726736190376147,0.8399163546884949
400,9,33,-0.006701593855638175,-0.6267387833368275
400,10,33,-0.0037585517297468135,-0.6370365442575677
400,11,33,-0.01632981999838204,0.7708646570412295
400,12,33,-0.036718170284830126,0.21728775048122956
400,13,33,-0.01503142201804922,-1.7705831120406952
400,14,33,0.029499160820062605,-2.0769256963312723
400,15,33,0.0468837806315433,-1.9806540134715354
400,16,33,0.052012044722666025,-0.9897452953731387
400,17,33,0.0506384000785203,1.319720003434281
400,18,33,0.041408718069513115,2.3791901530987687
400,19,33,0.037793913726370205,1.8286600613311599
400,20,33,0.03377740436687966,1.243423101990634
400,21,33,0.012510077565182754,0.7740830188993718
400,22,33,-0.0082559490351806,0.31834773296333585
400,23,33,-0.02335947534862013,-0.031751833325280435
400,24,33,-0.032863677033439134,-0.10260861132883561
400,25,33,-0.032863677033439107,0.10260861132883889
400,26,33,-0.023359475348620196,0.031751833325282044
400,27,33,-0.008255949035180576,-0.31834773296333585
400,28,33,0.012510077565182656,-0.7740830188993741
400,29,33,0.03377740436687966,-1.243423101990632
400,30,33,0.03779391372637012,-1.828660061331163
400,31,33,0.04140871806951308,-2.3791901530987722
400,32,33,0.050638400078520295,-1.3197200034342795
400,33,33,0.0520120447226661,0.9897452953731367
400,34,33,0.0468837806315434,1.9806540134715334
400,35,33,0.029499160820062667,2.0769256963312763
400,36,33,-0.015031422018049113,1.7705831120406916
400,37,33,-0.036718170284830105,-0.21728775048122817
400,38,33,-0.01632981999838196,-0.7708646570412281
400,39,33,-0.003758551729746761,0.6370365442575666
400,40,33,-0.006701593855638179,0.6267387833368308
400,41,33,-0.0015726736190376399,-0.8399163546884965
400,42,33,0.014618417754144564,-1.2432388339099143
400,43,33,0.014116606370160295,0.6999710940047643
400,44,33,0.002955813103964057,1.7975901528250366
400,45,33,-0.01108994038404986,0.7993434027445288
400,46,33,-0.021847251089564913,-0.8589025474313801
400,47,33,-0.020683663936847257,-0.696004178256836
400,48,33,0.01068105591865784,0.03578670514873092
400,1,34,0.0053264337534534275,0.536635701608918
400,2,34,-0.025431604586137007,1.322589758325841
400,3,34,-0.03715891644830988,0.5087294974439827
400,4,34,-0.022206633873257497,-1.1347372821991464
400,5,34,6.770323637942223e-5,-1.5961846137511508
400,6,34,0.002492066855058559,-0.6204327419125419
400,7,34,0.002141952104120314,0.8821847054895396
400,8,34,-0.00021512145290599177,0.3619314396064527
400,9,34,-0.004500444315188135,-0.9997692822143954
400,10,34,-0.008546235710171287,-0.04341686187704252
400,11,34,-0.011496139063491822,0.907267219663879
400,12,34,-0.012566842182443737,0.5000180929389686
400,13,34,-0.0017145312474782805,-0.0690755444619578
400,14,34,0.01662855614503397,-1.6287747119630742
400,15,34,0.028666714856955093,-1.465108873123564
400,16,34,0.038256749065954596,-0.06292615490511122
400,17,34,0.04566650110804462,1.0135390360785845
400,18,34,0.043770388189680355,1.9462760805369603
400,19,34,0.036862348504980526,1.2802288660299888
400,20,34,0.026227737235923657,0.049331087810576324
400,21,34,-0.0028488691852531865,-0.21977036139190206
400,22,34,-0.03750232296386023,0.2876593665895832
400,23,34,-0.05985397981650286,0.337837749856038
400,24,34,-0.0692670952486378,0.015504066681577972
400,25,34,-0.06926709524863782,-0.015504066681576445
400,26,34,-0.059853979816502936,-0.3378377498560402
400,27,34,-0.03750232296386028,-0.2876593665895833
400,28,34,-0.0028488691852533166,0.21977036139190437
400,29,34,0.026227737235923636,-0.0493310878105756
400,30,34,0.03686234850498042,-1.2802288660299894
400,31,34,0.04377038818968032,-1.94627608053696
400,32,34,0.04566650110804468,-1.0135390360785868
400,33,34,0.03825674906595467,0.06292615490510794
400,34,34,0.028666714856955197,1.4651088731235589
400,35,34,0.016628556145034036,1.6287747119630758
400,36,34,-0.0017145312474781981,0.06907554446195735
400,37,34,-0.01256684218244371,-0.5000180929389696
400,38,34,-0.011496139063491779,-0.907267219663878
400,39,34,-0.008546235710171188,0.043416861877043245
400,40,34,-0.004500444315188121,0.9997692822143968
400,41,34,-0.00021512145290593365,-0.36193143960645296
400,42,34,0.002141952104120371,-0.8821847054895411
400,43,34,0.0024920668550585594,0.6204327419125438
400,44,34,6.770323637937496e-5,1.596184613751153
400,45,34,-0.022206633873257477,1.1347372821991482
400,46,34,-0.037158916448309876,-0.5087294974439822
400,47,34,-0.025431604586136983,-1.322589758325843
400,48,34,0.005326433753453421,-0.536635701608917
400,1,35,0.006198331167498993,-0.042596580964837066
400,2,35,-0.008288892084003628,0.6879482025061938
400,3,35,-0.014448638733440993,0.5669347480064233
400,4,35,-0.008350280074836208,-0.39659968005499613
400,5,35,-0.0013456679162985562,-0.6107102008526233
400,6,35,-0.0026408139401979712,-0.020607630026849177
400,7,35,0.004057989722025111,0.6290627052233162
400,8,35,0.009167511343843533,0.11209007065969835
400,9,35,0.006823149806630771,-0.3008406196220398
400,10,35,0.004127402920969989,0.08192096831859752
400,11,35,0.010005735268906225,-0.14814109945688586
400,12,35,0.017506793542095986,0.4621222635071402
400,13,35,0.01828356118869265,0.5259176091412703
400,14,35,0.011676362166597669,-0.9601923717722693
400,15,35,0.00851539249592979,-0.6285013747206439
400,16,35,0.0220167750496819,0.5209088512319808
400,17,35,0.041411500490082374,0.5984976686400043
400,18,35,0.04660093938176833,0.2761477623915207
400,19,35,0.026917269076127282,0.3512631682777988
400,20,35,9.443396854570164e-5,0.17141601194127587
400,21,35,-0.026895076802795022,0.004619223563321617
400,22,35,-0.05563813812602515,0.7217660569046577
400,23,35,-0.07604025043582961,0.6665522884824451
400,24,35,-0.09051140257100805,0.0558665731006151
400,25,35,-0.09051140257100813,-0.05586657310061749
400,26,35,-0.07604025043582953,-0.6665522884824404
400,27,35,-0.05563813812602514,-0.7217660569046604
400,28,35,-0.026895076802795067,-0.004619223563316677
400,29,35,9.443396854559583e-5,-0.17141601194127482
400,30,35,0.026917269076127192,-0.3512631682778016
400,31,35,0.046600939381768375,-0.27614776239152256
400,32,35,0.04141150049008243,-0.5984976686400051
400,33,35,0.02201677504968197,-0.5209088512319766
400,34,35,0.008515392495929832,0.6285013747206424
400,35,35,0.011676362166597686,0.9601923717722713
400,36,35,0.018283561188692742,-0.5259176091412698
400,37,35,0.017506793542095986,-0.4621222635071414
400,38,35,0.010005735268906305,0.14814109945688725
400,39,35,0.004127402920970074,-0.08192096831859846
400,40,35,0.00682314980663082,0.30084061962203956
400,41,35,0.009167511343843575,-0.1120900706596968
400,42,35,0.004057989722025164,-0.6290627052233128
400,43,35,-0.0026408139401980038,0.020607630026850066
400,44,35,-0.0013456679162985614,0.610710200852625
400,45,35,-0.008350280074836276,0.3965996800549968
400,46,35,-0.014448638733440992,-0.5669347480064256
400,47,35,-0.00828889208400362,-0.6879482025061933
400,48,35,0.006198331167499016,0.0425965809648389
400,1,36,0.0075469238428205535,-0.9122446133392571
400,2,36,0.0086870149647344,-0.5682628503162934
400,3,36,0.01926590110479783,0.5990182420825075
400,4,36,0.015746475292030403,0.586378356581409
400,5,36,-0.001447160018248367,-0.06791019627575069
400,6,36,-0.000165884386039563,-0.1115065700608625
400,7,36,0.017353065234285436,0.2803519285819634
400,8,36,0.015247014834717028,-0.0766151397996219
400,9,36,0.003092507917430808,-0.46467404920471
400,10,36,0.005414106193303764,-0.48288517302104694
400,11,36,0.007905388684012186,-0.009674933625368642
400,12,36,0.001391747137416488,-0.1414115798406348
400,13,36,0.0030928297614021714,-0.4461239491358787
400,14,36,-0.0008768988807876434,0.21880497485132924
400,15,36,-0.0072064957971529,0.02780537119093296
400,16,36,0.005118546655329352,0.1382581020785677
400,17,36,0.025458625641390464,0.41702477290899276
400,18,36,0.030631261975781452,-0.2271860424207952
400,19,36,0.004204972837460022,-0.045076956264822915
400,20,36,-0.023810415248810352,0.5818756928163946
400,21,36,-0.04015419618184668,0.9702171480926812
400,22,36,-0.05318365232680816,1.6067109773150312
400,23,36,-0.06421132644398535,1.6039355064988892
400,24,36,-0.08623007958494638,0.6134677004002402
400,25,36,-0.08623007958494647,-0.6134677004002428
400,26,36,-0.06421132644398529,-1.603935506498886
400,27,36,-0.05318365232680813,-1.6067109773150343
400,28,36,-0.04015419618184669,-0.9702171480926748
400,29,36,-0.023810415248810387,-0.5818756928163914
400,30,36,0.00420497283745998,0.04507695626481725
400,31,36,0.030631261975781504,0.22718604242079166
400,32,36,0.02545862564139053,-0.41702477290899537
400,33,36,0.005118546655329401,-0.13825810207856518
400,34,36,-0.007206495797152831,-0.027805371190927186
400,35,36,-0.0008768988807876486,-0.21880497485132774
400,36,36,0.003092829761402204,0.4461239491358798
400,37,36,0.0013917471374164762,0.14141157984063413
400,38,36,0.00790538868401219,0.009674933625367088
400,39,36,0.005414106193303816,0.48288517302104395
400,40,36,0.00309250791743089,0.46467404920471017
400,41,36,0.015247014834717045,0.07661513979962521
400,42,36,0.01735306523428548,-0.2803519285819619
400,43,36,-0.00016588438603956732,0.11150657006086333
400,44,36,-0.0014471600182484352,0.06791019627575316
400,45,36,0.01574647529203036,-0.5863783565814105
400,46,36,0.01926590110479781,-0.5990182420825099
400,47,36,0.008687014964734367,0.5682628503162932
400,48,36,0.0075469238428205795,0.9122446133392579
400,1,37,0.0006054053922586847,-0.6042356284207641
400,2,37,0.008575224394917707,-1.1153301705180816
400,3,37,0.029012227642556284,-0.049264677718955686
400,4,37,0.028198566888202665,0.820413968519629
400,5,37,0.002668037624519418,0.27289857444936744
400,6,37,-0.002620990995188364,-0.2596800043855017
400,7,37,0.011879338328620937,0.09634057146404304
400,8,37,0.006588478134147361,-0.10898845990067388
400,9,37,-0.008401020369424028,-0.7894084224911788
400,10,37,-0.007578333808625095,0.47124690961568394
400,11,37,-0.009125154500118976,1.6333061112269454
400,12,37,-0.019699673270916748,0.1372231666301682
400,13,37,-0.023008089246308906,-0.6999594979423694
400,14,37,-0.015955074104407663,-0.017756677612144944
400,15,37,-0.005356946614685368,0.1628160515855388
400,16,37,-0.0003060496094710733,-0.35442026883790967
400,17,37,0.00949216722590764,-0.3851986455739411
400,18,37,0.011191896303612416,0.03530453392899735
400,19,37,-0.007782985685784944,-0.05993945323635713
400,20,37,-0.021180107627254433,0.30942759001110287
400,21,37,-0.033734069676518395,1.1063856938785857
400,22,37,-0.0416103138292237,1.8402895829634724
400,23,37,-0.037349234573102616,2.2378549789891307
400,24,37,-0.047870902066177036,1.0899428002419969
400,25,37,-0.047870902066177105,-1.0899428002420022
400,26,37,-0.037349234573102505,-2.2378549789891298
400,27,37,-0.04161031382922368,-1.8402895829634764
400,28,37,-0.03373406967651841,-1.10638569387858
400,29,37,-0.021180107627254408,-0.30942759001109893
400,30,37,-0.007782985685784958,0.059939453236352025
400,31,37,0.011191896303612434,-0.035304533928995574
400,32,37,0.009492167225907743,0.385198645573939
400,33,37,-0.00030604960947107286,0.3544202688379074
400,34,37,-0.005356946614685331,-0.16281605158553653
400,35,37,-0.015955074104407704,0.017756677612145277
400,36,37,-0.02300808924630889,0.6999594979423688
400,37,37,-0.01969967327091674,-0.13722316663016787
400,38,37,-0.009125154500119024,-1.6333061112269438
400,39,37,-0.0075783338086251855,-0.47124690961568627
400,40,37,-0.008401020369424006,0.789408422491179
400,41,37,0.006588478134147391,0.10898845990067338
400,42,37,0.011879338328620948,-0.09634057146404394
400,43,37,-0.0026209909951884023,0.25968000438550704
400,44,37,0.0026680376245194256,-0.2728985744493646
400,45,37,0.02819856688820264,-0.8204139685196297
400,46,37,0.029012227642556298,0.049264677718955104
400,47,37,0.008575224394917735,1.1153301705180807
400,48,37,0.0006054053922586839,0.604235628420764
400,1,38,-0.01145095602023506,0.7056499084849075
400,2,38,-0.007082942323905882,-0.3965359215390529
400,3,38,0.010565237336397838,-1.3842932197701299
400,4,38,0.023192721035254937,-0.23439483412616482
400,5,38,0.009810926984362558,1.0185651962552331
400,6,38,-0.005660553033629346,0.7116483938866839
400,7,38,-0.007018058710886626,0.10137477200453715
400,8,38,0.00046479229652446677,-0.08456154367147115
400,9,38,0.0028172712995727513,-0.0009070119489197337
400,10,38,-0.002246975074741089,1.4002919400610379
400,11,38,-0.006095641613009773,1.7053420375400814
400,12,38,-0.014916504320286132,0.42996657680989997
400,13,38,-0.03457149428075208,-0.7013866894958318
400,14,38,-0.03529429171121858,-1.0070630250077035
400,15,38,-0.014362951798098312,-0.21631458199671116
400,16,38,-0.0013523529755363796,-0.3342598075989256
400,17,38,0.01105875087258264,-0.7900403722017905
400,18,38,0.01458110477501476,-0.5319678188021364
400,19,38,0.004246398555121397,0.14736602180227332
400,20,38,-0.002170263642739494,0.6810530251108591
400,21,38,-0.013207533782471404,0.6412950188025089
400,22,38,-0.01904791718890879,0.9355949855929727
400,23,38,-0.00793926010395765,1.0034721161106388
400,24,38,-0.0005225764418460626,0.35685167179600974
400,25,38,-0.0005225764418461554,-0.3568516717960137
400,26,38,-0.007939260103957523,-1.0034721161106377
400,27,38,-0.01904791718890876,-0.9355949855929737
400,28,38,-0.013207533782471342,-0.6412950188025066
400,29,38,-0.0021702636427394697,-0.6810530251108604
400,30,38,0.0042463985551214126,-0.14736602180227576
400,31,38,0.014581104775014748,0.5319678188021432
400,32,38,0.011058750872582774,0.7900403722017931
400,33,38,-0.0013523529755363611,0.3342598075989244
400,34,38,-0.014362951798098347,0.21631458199671444
400,35,38,-0.03529429171121856,1.0070630250077015
400,36,38,-0.03457149428075207,0.7013866894958316
400,37,38,-0.014916504320286133,-0.4299665768098965
400,38,38,-0.006095641613009767,-1.705342037540081
400,39,38,-0.002246975074741148,-1.4002919400610396
400,40,38,0.0028172712995727803,0.0009070119489162365
400,41,38,0.0004647922965245145,0.08456154367147142
400,42,38,-0.007018058710886611,-0.10137477200453726
400,43,38,-0.005660553033629357,-0.7116483938866811
400,44,38,0.009810926984362598,-1.0185651962552316
400,45,38,0.023192721035254906,0.23439483412616388
400,46,38,0.010565237336397845,1.3842932197701283
400,47,38,-0.007082942323905892,0.39653592153905703
400,48,38,-0.011450956020235069,-0.7056499084849077
400,1,39,-0.019412564528778393,1.1431457179414048
400,2,39,-0.01128148685265974,0.15218655004120102
400,3,39,-0.0051889811425696215,-1.7416150197713869
400,4,39,0.00685133913454315,-0.6749919294047058
400,5,39,0.010376431988041578,1.1409493315370676
400,6,39,-0.00043281790337461323,0.9493314704852366
400,7,39,-0.011411518724988096,-0.3572285867422679
400,8,39,0.004399554831575027,-0.769910702083377
400,9,39,0.02033998611948512,-0.10561198331049809
400,10,39,0.013548957331524723,0.5554968415027683
400,11,39,-0.003425302817695116,0.6530146144293376
400,12,39,-0.024464564784107065,-0.0583656221246909
400,13,39,-0.04171377183931199,-0.500375191857799
400,14,39,-0.041252020691685154,0.031007244395863998
400,15,39,-0.020997550494794938,-0.29735600665088857
400,16,39,0.00104891281026454,-0.38930056676469893
400,17,39,0.020065434479630814,-0.9596940393884109
400,18,39,0.029646781035901914,-1.7882019665452131
400,19,39,0.02397196182259715,0.22084532297785708
400,20,39,0.015762358055065463,1.5224051999147719
400,21,39,0.013361561505265343,0.4447268651015569
400,22,39,0.015765861456861867,-0.7321421211378315
400,23,39,0.015986871358339826,-1.811133853564388
400,24,39,0.018715721139609072,-1.1567340107386905
400,25,39,0.018715721139609058,1.1567340107386925
400,26,39,0.01598687135833989,1.8111338535643855
400,27,39,0.015765861456861974,0.7321421211378315
400,28,39,0.013361561505265396,-0.4447268651015548
400,29,39,0.015762358055065484,-1.5224051999147687
400,30,39,0.02397196182259722,-0.22084532297785697
400,31,39,0.029646781035901855,1.7882019665452118
400,32,39,0.020065434479630852,0.9596940393884085
400,33,39,0.0010489128102644865,0.3893005667646978
400,34,39,-0.020997550494794917,0.2973560066508915
400,35,39,-0.04125202069168512,-0.03100724439586311
400,36,39,-0.04171377183931194,0.5003751918577968
400,37,39,-0.02446456478410709,0.058365622124689265
400,38,39,-0.003425302817695118,-0.653014614429337
400,39,39,0.013548957331524749,-0.5554968415027693
400,40,39,0.020339986119485145,0.10561198331049776
400,41,39,0.004399554831575134,0.7699107020833786
400,42,39,-0.011411518724988075,0.3572285867422659
400,43,39,-0.00043281790337462624,-0.9493314704852375
400,44,39,0.010376431988041585,-1.1409493315370678
400,45,39,0.0068513391345431125,0.6749919294047043
400,46,39,-0.005188981142569607,1.7416150197713893
400,47,39,-0.011281486852659752,-0.15218655004119785
400,48,39,-0.019412564528778428,-1.1431457179414055
400,1,40,-0.01899127262326961,0.4149160701618309
400,2,40,0.0015153037979767684,-0.22981560050870123
400,3,40,-0.0014662815895501397,-0.5247315036680762
400,4,40,-0.009071171095698459,0.2876624210601403
400,5,40,-0.0004114583020373727,0.24412334380336997
400,6,40,0.006185599664133986,-0.327259417620813
400,7,40,-0.004369332678665967,-0.870471745828252
400,8,40,-0.0004608308988974918,-0.9284717095889112
400,9,40,0.014688155209473419,-0.5625377664097486
400,10,40,0.01558849647803637,0.08594978775332443
400,11,40,-0.008026144157658257,0.8045253053379915
400,12,40,-0.031714945584995095,0.2547568122369279
400,13,40,-0.026158907503651036,0.14338934484948598
400,14,40,-0.009967576282745482,1.02883140697628
400,15,40,-0.0042419154164471985,0.17388873694514395
400,16,40,-0.003206435457554448,-1.0844224696315852
400,17,40,0.011923882690783559,-1.5694529066220249
400,18,40,0.0340209455543798,-1.196358459596448
400,19,40,0.04879967251902813,0.31328043451890997
400,20,40,0.05178759851267911,1.140099895226116
400,21,40,0.04446472416384147,0.27765344931082964
400,22,40,0.03794531443405091,-1.7245864771174786
400,23,40,0.02996172758991099,-2.8402012990536187
400,24,40,0.030192624857114533,-1.3720063976327017
400,25,40,0.03019262485711462,1.3720063976326986
400,26,40,0.02996172758991105,2.8402012990536156
400,27,40,0.037945314434051,1.724586477117479
400,28,40,0.044464724163841465,-0.27765344931082886
400,29,40,0.0517875985126791,-1.140099895226112
400,30,40,0.048799672519028184,-0.31328043451890775
400,31,40,0.03402094555437969,1.196358459596448
400,32,40,0.011923882690783615,1.569452906622022
400,33,40,-0.0032064354575544684,1.0844224696315834
400,34,40,-0.0042419154164471135,-0.17388873694514234
400,35,40,-0.009967576282745425,-1.028831406976278
400,36,40,-0.026158907503651012,-0.14338934484948293
400,37,40,-0.03171494558499502,-0.25475681223692864
400,38,40,-0.00802614415765817,-0.8045253053379913
400,39,40,0.015588496478036474,-0.08594978775332687
400,40,40,0.014688155209473475,0.5625377664097465
400,41,40,-0.00046083089889735387,0.9284717095889177
400,42,40,-0.004369332678665922,0.8704717458282552
400,43,40,0.006185599664133928,0.3272594176208141
400,44,40,-0.00041145830203747854,-0.24412334380336692
400,45,40,-0.009071171095698457,-0.2876624210601417
400,46,40,-0.0014662815895501312,0.5247315036680755
400,47,40,0.0015153037979767753,0.22981560050870173
400,48,40,-0.018991272623269606,-0.4149160701618311
400,1,41,-0.015197167852854852,0.23133877174174955
400,2,41,-0.0009262726896308549,-0.578154544809986
400,3,41,0.0008670468289584312,-0.07448710565082423
400,4,41,-0.010337814164027494,0.6453226197763509
400,5,41,-0.007621298006597007,-0.07240363926417173
400,6,41,0.004385360538847168,-0.6779102325158484
400,7,41,-0.0034439605011922555,-0.37911074141937484
400,8,41,-0.012725754692150208,0.21899928802424118
400,9,41,-0.0015661361446540328,0.25453727549661864
400,10,41,0.007220933981444544,0.6004923384834792
400,11,41,-0.009292129187297521,0.820335577703048
400,12,41,-0.021392912846933777,0.39682725574988303
400,13,41,-0.004725997376278743,-0.2099307299314661
400,14,41,0.011079807182271202,0.08500343248717554
400,15,41,-0.002944014270963379,0.3691278493517226
400,16,41,-0.022849639544478235,-1.4888835057927978
400,17,41,-0.008983596814499452,-1.4422950005274535
400,18,41,0.027060923881215553,0.47520377457639745
400,19,41,0.06439712093691459,0.24918776494902695
400,20,41,0.08205344908666508,-0.017324128784806977
400,21,41,0.06809099563829064,0.2416363695325781
400,22,41,0.05047423138475014,-0.43088237643193306
400,23,41,0.0443642172164196,-0.46383704481034294
400,24,41,0.05233687865528494,0.003635228035641369
400,25,41,0.05233687865528498,-0.0036352280356453104
400,26,41,0.04436421721641969,0.46383704481033877
400,27,41,0.05047423138475013,0.43088237643193705
400,28,41,0.06809099563829078,-0.241636369532575
400,29,41,0.08205344908666504,0.017324128784806436
400,30,41,0.06439712093691459,-0.2491877649490271
400,31,41,0.027060923881215514,-0.47520377457639856
400,32,41,-0.008983596814499438,1.4422950005274544
400,33,41,-0.022849639544478252,1.4888835057927958
400,34,41,-0.0029440142709633217,-0.36912784935172344
400,35,41,0.01107980718227121,-0.0850034324871772
400,36,41,-0.004725997376278724,0.20993072993146447
400,37,41,-0.02139291284693371,-0.396827255749884
400,38,41,-0.00929212918729749,-0.8203355777030459
400,39,41,0.007220933981444587,-0.60049233848348
400,40,41,-0.0015661361446539911,-0.2545372754966211
400,41,41,-0.01272575469215016,-0.2189992880242381
400,42,41,-0.0034439605011921982,0.3791107414193779
400,43,41,0.0043853605388471445,0.6779102325158506
400,44,41,-0.007621298006597053,0.07240363926417175
400,45,41,-0.0103378141640275,-0.6453226197763507
400,46,41,0.0008670468289584906,0.07448710565082764
400,47,41,-0.0009262726896309091,0.5781545448099847
400,48,41,-0.015197167852854852,-0.23133877174175108
400,1,42,-0.010532184708538249,0.6594728290224784
400,2,42,-0.020077377363786546,-0.23343087693930292
400,3,42,-0.008896660240951015,-0.6713443867714279
400,4,42,0.002485812554019601,-0.33738004035083674
400,5,42,0.006655712127199863,0.11022989569606627
400,6,42,0.005919359019649783,0.5545121779735251
400,7,42,-0.005027401222633602,0.6016987155936093
400,8,42,-0.00964026982516916,0.35673719606608445
400,9,42,0.0008734549435745968,0.714500756807707
400,10,42,-0.0006937809290060258,0.7163990109842386
400,11,42,-0.017186377916088708,-0.4296837157034397
400,12,42,-0.01375592179767859,-1.0832734362425054
400,13,42,0.00434686792574409,-0.8860980815918829
400,14,42,0.004374663821818464,-0.10917106695962525
400,15,42,-0.008484714675929702,0.14718306008904714
400,16,42,-0.017013672492424494,-0.607053852310295
400,17,42,-0.006534707483445521,-0.7329684276471925
400,18,42,0.027451886560454462,-0.635922987144927
400,19,42,0.06218810789025481,-1.0440798426759574
400,20,42,0.07344958753423549,-0.9777258628003548
400,21,42,0.06644659921470147,0.13392802255575054
400,22,42,0.055803549662723766,1.416533029384909
400,23,42,0.04842134207052716,1.9375190616110842
400,24,42,0.053457981463654526,0.9867329090279122
400,25,42,0.053457981463654575,-0.9867329090279138
400,26,42,0.048421342070527146,-1.9375190616110847
400,27,42,0.05580354966272385,-1.4165330293849103
400,28,42,0.06644659921470156,-0.13392802255575137
400,29,42,0.07344958753423558,0.9777258628003566
400,30,42,0.0621881078902548,1.0440798426759594
400,31,42,0.027451886560454417,0.6359229871449292
400,32,42,-0.006534707483445511,0.7329684276471921
400,33,42,-0.017013672492424463,0.6070538523102956
400,34,42,-0.008484714675929643,-0.1471830600890469
400,35,42,0.004374663821818444,0.10917106695962409
400,36,42,0.004346867925744084,0.8860980815918851
400,37,42,-0.013755921797678502,1.0832734362425076
400,38,42,-0.017186377916088687,0.4296837157034399
400,39,42,-0.0006937809290060207,-0.716399010984241
400,40,42,0.0008734549435746367,-0.7145007568077069
400,41,42,-0.0096402698251691,-0.3567371960660866
400,42,42,-0.00502740122263357,-0.6016987155936079
400,43,42,0.0059193590196498355,-0.554512177973522
400,44,42,0.00665571212719984,-0.11022989569606838
400,45,42,0.0024858125540195555,0.33738004035083385
400,46,42,-0.00889666024095103,0.6713443867714292
400,47,42,-0.02007737736378651,0.23343087693930137
400,48,42,-0.01053218470853828,-0.6594728290224814
400,1,43,-0.003772211646198596,0.43274582526549465
400,2,43,-0.025571514588732167,0.18795326550871796
400,3,43,-0.016059021065099748,-0.5699842627690793
400,4,43,0.011347599328733964,-1.3688383354522338
400,5,43,0.025992960909175255,-0.3466805517125885
400,6,43,0.010795492846228416,1.330384981891763
400,7,43,-0.009006754051942635,0.6396883200360566
400,8,43,-0.0013152761990931413,-0.8249670499226588
400,9,43,0.010823571843353176,0.08850097507712508
400,10,43,-0.00934828639052878,0.36341150359703667
400,11,43,-0.027439613894112543,-0.941607249867055
400,12,43,-0.005596906959043347,-1.310242204378271
400,13,43,0.013469195186739832,-0.13248943569790564
400,14,43,0.002706517647546666,0.5981659505726845
400,15,43,0.0008211834881774564,0.09874968666201699
400,16,43,0.006706449532007642,0.3589510496911231
400,17,43,0.006446740502721732,-0.5435623427046691
400,18,43,0.02374943158444967,-2.222930519687279
400,19,43,0.045900553096755184,-1.9976228691402511
400,20,43,0.05151279465534292,-1.0801362692928018
400,21,43,0.055018241016938335,0.1353247604999882
400,22,43,0.053550095307509656,1.5037249542478057
400,23,43,0.04425674254475391,1.9357253696889556
400,24,43,0.039992999269347816,0.9213538920840352
400,25,43,0.03999299926934781,-0.921353892084036
400,26,43,0.044256742544753924,-1.9357253696889543
400,27,43,0.053550095307509704,-1.503724954247808
400,28,43,0.055018241016938446,-0.13532476049998754
400,29,43,0.05151279465534299,1.0801362692927998
400,30,43,0.0459005530967552,1.9976228691402542
400,31,43,0.02374943158444969,2.2229305196872797
400,32,43,0.006446740502721688,0.5435623427046654
400,33,43,0.006706449532007627,-0.35895104969112346
400,34,43,0.0008211834881774538,-0.09874968666201658
400,35,43,0.00270651764754665,-0.5981659505726835
400,36,43,0.013469195186739804,0.1324894356979085
400,37,43,-0.005596906959043332,1.3102422043782673
400,38,43,-0.027439613894112563,0.9416072498670524
400,39,43,-0.009348286390528746,-0.363411503597031
400,40,43,0.010823571843353237,-0.08850097507712683
400,41,43,-0.0013152761990931647,0.8249670499226565
400,42,43,-0.009006754051942605,-0.6396883200360548
400,43,43,0.010795492846228463,-1.330384981891763
400,44,43,0.025992960909175186,0.34668055171258655
400,45,43,0.011347599328733943,1.3688383354522327
400,46,43,-0.016059021065099693,0.5699842627690813
400,47,43,-0.025571514588732087,-0.18795326550872185
400,48,43,-0.0037722116461986884,-0.43274582526549743
400,1,44,0.003669183167271455,-0.1443954882369895
400,2,44,-0.012758828683919959,0.0751294904420582
400,3,44,-0.009652092504785098,0.058579411467582415
400,4,44,0.010925273144069962,-1.1364815482869925
400,5,44,0.025115926679204065,-0.5089937160967805
400,6,44,0.007858603898491773,0.8959618744210704
400,7,44,-0.010061434770059496,0.1381082742344272
400,8,44,0.0016384485552041837,-0.8521110731818006
400,9,44,0.014922771846385366,-0.37638203119061153
400,10,44,-0.0007096690099835093,0.02283760975658721
400,11,44,-0.013757490536882496,0.20262891731491706
400,12,44,0.000826646238959834,0.8215126715706232
400,13,44,0.009722461816070877,0.6663842176907608
400,14,44,0.0028138201214301575,-0.07414367790935478
400,15,44,0.002713621948017473,0.3271499581469326
400,16,44,0.013863195825007394,0.48797768198820024
400,17,44,0.024102584726527237,-0.18669998958775363
400,18,44,0.026979644501769987,-0.8168512680414171
400,19,44,0.029230793531775448,-1.3817713188361944
400,20,44,0.036668181444568015,-0.7602164576622832
400,21,44,0.049699626804877446,0.22303375896308794
400,22,44,0.05132092979508191,0.4165863416279032
400,23,44,0.03595699385803659,0.6494485825270523
400,24,44,0.017496139840966592,0.42380786008344773
400,25,44,0.017496139840966547,-0.4238078600834456
400,26,44,0.035956993858036676,-0.6494485825270551
400,27,44,0.05132092979508195,-0.41658634162790636
400,28,44,0.04969962680487746,-0.22303375896308805
400,29,44,0.03666818144456802,0.7602164576622825
400,30,44,0.029230793531775445,1.3817713188361962
400,31,44,0.026979644501769963,0.8168512680414163
400,32,44,0.024102584726527192,0.186699989587754
400,33,44,0.01386319582500741,-0.487977681988202
400,34,44,0.0027136219480174482,-0.3271499581469338
400,35,44,0.0028138201214301314,0.0741436779093528
400,36,44,0.009722461816070902,-0.6663842176907595
400,37,44,0.0008266462389598444,-0.8215126715706252
400,38,44,-0.013757490536882501,-0.20262891731491767
400,39,44,-0.0007096690099834234,-0.02283760975658615
400,40,44,0.014922771846385408,0.3763820311906105
400,41,44,0.0016384485552042227,0.8521110731818018
400,42,44,-0.010061434770059465,-0.13810827423442218
400,43,44,0.007858603898491726,-0.8959618744210684
400,44,44,0.025115926679204013,0.5089937160967778
400,45,44,0.010925273144070003,1.1364815482869908
400,46,44,-0.009652092504785086,-0.05857941146758023
400,47,44,-0.0127588286839199,-0.07512949044205948
400,48,44,0.0036691831672714366,0.14439548823698956
400,1,45,0.007529476266552204,-0.32860561436264485
400,2,45,0.0021086198120217805,0.09160388249866211
400,3,45,-0.0017219426521294396,0.40252070093024817
400,4,45,0.003970127686984319,-0.13584091160161343
400,5,45,0.010510011266955551,-0.175542605632295
400,6,45,0.00222115391585545,0.17919949075000524
400,7,45,-0.005071598420065205,0.29084948492163715
400,8,45,0.0025787752408201496,-0.09777560120314199
400,9,45,0.01591322464426204,-0.6168128747047756
400,10,45,0.016490320393964985,0.17331090067050048
400,11,45,0.004025901770533769,1.4481126083004836
400,12,45,-0.006036386034713232,1.4435488088290338
400,13,45,-0.00688974706805232,-0.2689522359840093
400,14,45,-0.0012617288132462344,-1.364410102100834
400,15,45,-0.0018210155131156089,-0.40083735454138714
400,16,45,0.004499320419386069,0.027422376890972378
400,17,45,0.01923101401711375,0.29391511607445614
400,18,45,0.019913952022329418,0.7543355418652848
400,19,45,0.019851167250451593,-0.0001740894929702641
400,20,45,0.03266225436386731,-0.4606445942812105
400,21,45,0.050619106247921535,-0.17501210990947447
400,22,45,0.0477407658535684,-0.05562477002129779
400,23,45,0.02280110659795816,-0.10740918476191819
400,24,45,-0.0023806604606953496,-0.1000440835190799
400,25,45,-0.0023806604606953765,0.10004408351907712
400,26,45,0.022801106597958285,0.10740918476191696
400,27,45,0.04774076585356847,0.05562477002129873
400,28,45,0.050619106247921514,0.17501210990948007
400,29,45,0.03266225436386727,0.4606445942812072
400,30,45,0.019851167250451593,0.00017408949297192944
400,31,45,0.019913952022329366,-0.7543355418652834
400,32,45,0.019231014017113655,-0.29391511607445736
400,33,45,0.004499320419386034,-0.027422376890972322
400,34,45,-0.001821015513115656,0.4008373545413878
400,35,45,-0.0012617288132461943,1.364410102100833
400,36,45,-0.00688974706805235,0.2689522359840056
400,37,45,-0.006036386034713217,-1.4435488088290354
400,38,45,0.004025901770533776,-1.4481126083004832
400,39,45,0.016490320393964995,-0.17331090067050225
400,40,45,0.01591322464426209,0.6168128747047736
400,41,45,0.0025787752408202667,0.09777560120314371
400,42,45,-0.005071598420065205,-0.2908494849216331
400,43,45,0.0022211539158554414,-0.17919949075000294
400,44,45,0.010510011266955582,0.17554260563229146
400,45,45,0.003970127686984303,0.13584091160161005
400,46,45,-0.00172194265212943,-0.4025207009302468
400,47,45,0.002108619812021787,-0.09160388249866194
400,48,45,0.007529476266552207,0.3286056143626436
400,1,46,0.006385746045297262,-0.23051694418021995
400,2,46,0.00619236995075958,0.6398901663040616
400,3,46,-0.004649668848088793,0.341120124898624
400,4,46,-0.004216990923666543,-0.044355035296345435
400,5,46,0.0001198136407812053,-0.13898730875391796
400,6,46,-0.0033167349086633694,0.14944879603109817
400,7,46,-0.005588177470921704,0.45235952600521584
400,8,46,0.0004042207551697057,-0.45267663552165255
400,9,46,0.010630016628559247,-0.607348050555373
400,10,46,0.012898922466315294,0.8612153954355943
400,11,46,-0.001984509109758743,1.1512418316219541
400,12,46,-0.018816897466176808,-0.6762847469332625
400,13,46,-0.014987787320567388,-1.453290394560394
400,14,46,0.000539769534979214,-1.105307538867686
400,15,46,0.002463125751500219,-1.0235827567625115
400,16,46,-0.003394078336347699,0.1346855818642257
400,17,46,-0.00994071636286139,0.34218966186283656
400,18,46,-0.008407351112641837,-0.05742818821665385
400,19,46,0.011021178254788265,0.24019871870930923
400,20,46,0.03309555528759274,-0.4544240402854648
400,21,46,0.04894845842001448,-0.5099769736200912
400,22,46,0.0392317210651241,0.53125631912997
400,23,46,0.012757228213840826,0.40021121166374823
400,24,46,-0.006252408224065375,-0.07671048389270768
400,25,46,-0.006252408224065458,0.07671048389270693
400,26,46,0.012757228213840881,-0.40021121166374746
400,27,46,0.039231721065124105,-0.5312563191299723
400,28,46,0.04894845842001454,0.5099769736200919
400,29,46,0.03309555528759275,0.4544240402854641
400,30,46,0.011021178254788327,-0.24019871870930887
400,31,46,-0.00840735111264192,0.057428188216653436
400,32,46,-0.009940716362861448,-0.3421896618628367
400,33,46,-0.003394078336347689,-0.13468558186422908
400,34,46,0.0024631257515001503,1.0235827567625106
400,35,46,0.0005397695349792491,1.1053075388676894
400,36,46,-0.014987787320567384,1.4532903945603945
400,37,46,-0.018816897466176794,0.6762847469332622
400,38,46,-0.0019845091097587266,-1.1512418316219544
400,39,46,0.012898922466315313,-0.8612153954355946
400,40,46,0.010630016628559237,0.607348050555371
400,41,46,0.0004042207551697482,0.45267663552165394
400,42,46,-0.005588177470921664,-0.45235952600521434
400,43,46,-0.0033167349086634153,-0.14944879603109829
400,44,46,0.00011981364078116107,0.13898730875391618
400,45,46,-0.004216990923666565,0.04435503529634588
400,46,46,-0.004649668848088806,-0.3411201248986263
400,47,46,0.006192369950759549,-0.6398901663040643
400,48,46,0.00638574604529732,0.2305169441802219
400,1,47,0.0024716442036149563,0.1379518884034508
400,2,47,0.0010231953366053991,0.7589465013129496
400,3,47,-0.006313620152474423,-0.23808951015656538
400,4,47,0.000864092773044842,-0.6174740964937446
400,5,47,0.0019538473057499686,0.41348306881387575
400,6,47,-0.009077056003069293,0.7666540596595159
400,7,47,-0.00750891508365881,-0.4087752888996452
400,8,47,0.004228957871352902,-1.1593693975831616
400,9,47,0.005439184356726623,0.06486463082827243
400,10,47,0.001319050767213711,1.1871466815646627
400,11,47,-0.006134169161870085,0.07808735964406932
400,12,47,-0.015809558956876742,-1.5814400085002884
400,13,47,-0.006582732890598825,-0.8705314314721296
400,14,47,0.016215670900282874,0.430378360765912
400,15,47,0.02096091871003944,0.4234183676585935
400,16,47,0.009456512416324185,0.6506805711151097
400,17,47,-0.010039435209472874,0.17938478056858453
400,18,47,-0.020297455751192343,-0.8237100600277703
400,19,47,0.0018947864861928966,-1.1311156234457784
400,20,47,0.02946775659088935,-1.0565501998895483
400,21,47,0.03810927458977072,-0.21210154971830386
400,22,47,0.025887016245903435,1.107446926832607
400,23,47,0.004289156199874675,1.6557202979854955
400,24,47,-0.013915381710231442,0.7874110553330864
400,25,47,-0.013915381710231439,-0.7874110553330871
400,26,47,0.004289156199874725,-1.6557202979854944
400,27,47,0.025887016245903442,-1.107446926832608
400,28,47,0.03810927458977078,0.21210154971830353
400,29,47,0.02946775659088932,1.05655019988955
400,30,47,0.001894786486192894,1.1311156234457813
400,31,47,-0.02029745575119235,0.8237100600277687
400,32,47,-0.010039435209472921,-0.1793847805685832
400,33,47,0.00945651241632425,-0.6506805711151111
400,34,47,0.020960918710039463,-0.4234183676585947
400,35,47,0.01621567090028289,-0.43037836076591146
400,36,47,-0.0065827328905988525,0.8705314314721289
400,37,47,-0.015809558956876763,1.5814400085002869
400,38,47,-0.006134169161870052,-0.0780873596440671
400,39,47,0.0013190507672137248,-1.1871466815646632
400,40,47,0.005439184356726606,-0.06486463082827254
400,41,47,0.004228957871352973,1.1593693975831654
400,42,47,-0.007508915083658831,0.4087752888996433
400,43,47,-0.009077056003069418,-0.7666540596595182
400,44,47,0.001953847305749933,-0.4134830688138752
400,45,47,0.0008640927730448087,0.6174740964937458
400,46,47,-0.006313620152474397,0.23808951015656066
400,47,47,0.0010231953366053436,-0.7589465013129484
400,48,47,0.002471644203614996,-0.13795188840344638
400,1,48,-0.0020402063974824186,0.3329207637535992
400,2,48,-0.0031643475350642903,0.21363699260617255
400,3,48,-0.0037096053671240494,-0.6918481619359369
400,4,48,0.006251360806719251,-0.6136985290107925
400,5,48,0.0034828342923110657,0.9388548432904815
400,6,48,-0.012683712768560505,0.8220539573123997
400,7,48,-0.008295252534427363,-1.0662597391636908
400,8,48,0.004655750053217147,-0.9585932063818577
400,9,48,-0.0016659380111712081,0.46919845528316606
400,10,48,-0.007941818049637958,0.7392215254088773
400,11,48,-0.00479635638807164,-0.16417231480863465
400,12,48,-0.006614193023004527,-0.3263222223016403
400,13,48,0.00014200816316545283,0.3329058376339996
400,14,48,0.02351264783579307,1.1444826980820555
400,15,48,0.029734531116702802,1.5203227063256284
400,16,48,0.017956118687525058,0.2960197257840469
400,17,48,-0.0006352730401750727,-0.11197276909514453
400,18,48,-0.020074411612024334,-0.21762610927814305
400,19,48,-0.008125750917528396,-1.4577919683264255
400,20,48,0.016750082688350782,-0.9820218876379493
400,21,48,0.02116483644240736,0.2949811783247223
400,22,48,0.013741511993057568,0.9861832205677492
400,23,48,0.0012704724307388557,1.9229558313932609
400,24,48,-0.015836687084352288,1.197583225954866
400,25,48,-0.015836687084352305,-1.1975832259548684
400,26,48,0.0012704724307388798,-1.9229558313932593
400,27,48,0.013741511993057568,-0.9861832205677477
400,28,48,0.021164836442407405,-0.2949811783247237
400,29,48,0.016750082688350786,0.9820218876379493
400,30,48,-0.008125750917528417,1.457791968326427
400,31,48,-0.020074411612024404,0.2176261092781435
400,32,48,-0.0006352730401751278,0.1119727690951473
400,33,48,0.0179561186875251,-0.29601972578404856
400,34,48,0.029734531116702788,-1.5203227063256295
400,35,48,0.023512647835793064,-1.1444826980820555
400,36,48,0.00014200816316545847,-0.3329058376340024
400,37,48,-0.006614193023004499,0.3263222223016388
400,38,48,-0.004796356388071621,0.1641723148086361
400,39,48,-0.007941818049637943,-0.7392215254088755
400,40,48,-0.0016659380111712025,-0.46919845528316656
400,41,48,0.004655750053217109,0.9585932063818619
400,42,48,-0.008295252534427382,1.0662597391636892
400,43,48,-0.012683712768560555,-0.8220539573124035
400,44,48,0.0034828342923110475,-0.9388548432904804
400,45,48,0.006251360806719291,0.6136985290107941
400,46,48,-0.0037096053671240173,0.6918481619359333
400,47,48,-0.0031643475350643458,-0.2136369926061725
400,48,48,-0.002040206397482383,-0.33292076375359797
